gene	ortholog_name	CCl4_model_45	CCl4_model_66	CCl4_model_67	DEN_model_451	DEN_model_487	DEN_model_508
A1cf	A1CF	7.407642886	6.560169428	6.980158106	6.656858981	6.56188975	6.080325845
Aaas	AAAS	5.132612588	4.145159234	3.510146324	3.900470853	3.753454394	3.706273732
Aacs	AACS	5.832489373	4.777589417	6.915142234	7.026648479	5.877065778	6.692769247
Aadac	AADAC	6.586589754	7.18335627	7.711807089	7.240848006	7.540181102	6.926923121
Aagab	AAGAB	5.132612588	4.000784638	3.970060753	4.630363967	4.359761994	4.394213984
Aak1	AAK1	2.292228873	3.408987266	3.763912372	3.405683862	3.919081189	4.029715045
Aamdc	AAMDC	4.437863651	4.274415856	4.145532614	3.681556414	4.59988523	4.394213984
Aamp	AAMP	6.037737533	6.12097931	6.021755502	5.505864328	6.087395119	6.185546781
Aarsd1	AARSD1	3.602843836	4.858895188	4.673542613	4.140084684	4.179842907	4.284033266
Aasdh	AASDH	3.602843836	3.83650285	4.560188889	4.430133851	3.431616404	4.098370521
Aasdhppt	AASDHPPT	3.602843836	3.83650285	4.145532614	4.244315549	4.094059111	4.098370521
Aass	AASS	2.292228873	5.143029108	4.145532614	4.430133851	4.870085739	4.589975336
Aatf	AATF	4.437863651	4.145159234	4.436203012	3.832119018	4.108777455	3.796124561
Abat	ABAT	2.292228873	5.532670511	4.778048871	4.38613548	5.301208759	4.799989364
Abca1	ABCA1	4.938004346	6.410802978	6.47803707	7.390808596	7.079498503	6.926923121
Abca2	ABCA2	4.091264967	5.008278679	5.590365196	5.58251833	4.768401571	4.9817748
Abca3	ABCA3	4.437863651	4.691084662	3.970060753	6.157444528	5.653610283	5.142297742
Abca6	ABCA6	6.982592848	6.651752694	7.021924646	6.612242779	6.465102114	6.283551535
Abca8b	ABCA8	6.650293701	5.323426062	5.698190108	5.360779987	5.991620327	5.624630897
Abcb1a	ABCB1	3.602843836	4.39170543	4.778048871	4.084488666	3.581976371	3.500138199
Abcb10	ABCB10	4.711088618	4.274415856	4.299146326	4.084488666	4.619691648	4.163379181
Abcb11	ABCB11	7.613100024	7.817631162	6.7509247	6.418459489	7.639022152	7.394983227
Abcb4	ABCB4	6.650293701	6.673763899	6.319280955	5.774121432	6.312317973	5.767614962
Abcb6	ABCB6	5.455297886	5.48320442	5.645304244	5.097235377	5.336624897	5.313237834
Abcb8	ABCB8	4.091264967	4.145159234	4.145532614	3.759393139	4.07916153	4.225153074
Abcc10	ABCC10	4.938004346	4.39170543	4.560188889	4.667021062	4.165952177	4.911934359
Abcc2	ABCC2	4.938004346	5.532670511	6.062515049	4.38613548	5.36546935	5.512859863
Abcc3	ABCC3	7.332084657	7.777612695	8.36647758	7.596877039	6.810079874	6.883044863
Abcc4	ABCC4	4.437863651	3.64434534	4.778048871	3.405683862	3.023850133	4.284033266
Abcc5	ABCC5	4.938004346	4.39170543	4.560188889	5.015745746	3.733451903	3.956906946
Abcc6	ABCC6	5.455297886	6.021188752	6.799789301	7.40654637	6.227790131	6.496888553
Abcd1	ABCD1	3.602843836	4.39170543	4.436203012	3.900470853	4.137695583	4.098370521
Abcd2	ABCD2	2.292228873	3.83650285	3.510146324	5.619339583	5.37116771	5.048238323
Abcd3	ABCD3	5.455297886	5.671450398	6.285303664	5.601048842	5.935494421	5.915128259
Abcd4	ABCD4	4.091264967	3.64434534	3.970060753	4.293360774	3.901815905	3.879313446
Abce1	ABCE1	3.602843836	4.000784638	4.299146326	3.900470853	4.193580519	4.225153074
Abcf1	ABCF1	2.292228873	4.39170543	4.673542613	4.026238469	4.395226294	4.44596579
Abcf3	ABCF3	4.437863651	5.205791466	5.346327862	5.316416351	4.452258194	4.634693451
Abcg5	ABCG5	6.130250267	7.301016857	6.44766158	6.782949095	7.010881272	7.105511481
Abcg8	ABCG8	6.037737533	6.021188752	6.285303664	6.054205207	6.427729911	6.598167856
Abhd10	ABHD10	2.292228873	4.39170543	4.145532614	3.832119018	3.6711476	3.796124561
Abhd11	ABHD11	5.717571651	5.077294272	5.278065415	5.198928573	4.964710879	4.799989364
Abhd12	ABHD12	4.938004346	5.077294272	4.87505964	4.836669376	4.732737389	4.719877086
Abhd13	ABHD13	4.091264967	3.64434534	4.299146326	4.293360774	4.310902149	4.340305924
Abhd14a	ABHD14A	4.091264967	3.64434534	3.970060753	4.193286682	3.985710867	4.163379181
Abhd14b	ABHD14B	4.938004346	5.837581133	6.102142844	6.397559192	6.12129754	5.983520849
Abhd15	ABHD15	4.437863651	5.077294272	5.130626579	4.836669376	5.129677693	5.416590921
Abhd16a	ABHD16A	5.303241568	5.008278679	4.87505964	5.403782997	5.031630323	4.875631332
Abhd17a	ABHD17A	5.832489373	5.626687005	6.021755502	5.505864328	5.648948358	5.512859863
Abhd17b	ABHD17B	5.132612588	4.145159234	4.87505964	4.38613548	4.094059111	4.098370521
Abhd17c	ABHD17C	5.303241568	4.777589417	4.965627447	4.244315549	5.143134628	4.677961688
Abhd2	ABHD2	5.938807313	6.410802978	6.536923513	7.863252978	8.125740745	6.732893566
Abhd3	ABHD3	4.938004346	5.3787305	5.278065415	4.771343338	5.591773098	5.080306881
Abhd4	ABHD4	4.711088618	4.39170543	5.050590043	4.293360774	4.57977929	3.956906946
Abhd5	ABHD5	4.437863651	4.274415856	3.970060753	4.737459092	5.109244296	4.677961688
Abhd6	ABHD6	3.602843836	4.598618344	4.436203012	4.899001256	4.517562398	4.719877086
Abi1	ABI1	4.938004346	4.777589417	4.965627447	5.198928573	4.658443166	5.142297742
Abi2	ABI2	4.091264967	2.292228873	3.510146324	3.597638182	3.753454394	3.956906946
Abi3	ABI3	2.292228873	2.292228873	2.292228873	4.026238469	3.108084759	3.500138199
Abl1	ABL1	4.091264967	4.145159234	4.560188889	4.513911063	4.247072608	4.677961688
Abl2	ABL2	4.711088618	4.145159234	3.510146324	3.832119018	3.773101672	3.796124561
Ablim1	ABLIM1	3.602843836	4.49923408	3.970060753	5.097235377	4.56961092	4.719877086
Abracl	ABRACL	3.602843836	4.274415856	3.970060753	3.681556414	3.484323889	3.956906946
Abraxas1	ABRAXAS1	4.091264967	4.000784638	3.510146324	3.900470853	3.484323889	3.796124561
Abraxas2	ABRAXAS2	4.091264967	3.64434534	3.510146324	3.900470853	3.848420524	4.098370521
Abtb1	ABTB1	4.938004346	4.000784638	4.299146326	5.070602553	4.347720348	4.225153074
Abtb2	ABTB2	4.437863651	4.000784638	2.292228873	4.026238469	3.792408556	3.706273732
Acaa1b	ACAA1	7.332084657	6.651752694	6.980158106	7.168832826	5.522006445	5.932536696
Acaa2	ACAA2	6.586589754	7.807730231	7.4918714	6.845930165	8.520912855	8.066467231
Acaca	ACACA	6.130250267	6.410802978	6.44766158	6.428796444	6.668654703	6.323582414
Acacb	ACACB	5.303241568	5.143029108	4.965627447	5.486031712	5.904631165	5.932536696
Acad10	ACAD10	4.938004346	4.691084662	4.299146326	4.38613548	4.429744728	4.163379181
Acad11	ACAD11	5.303241568	5.950559801	6.250500172	6.276816407	6.20585417	6.080325845
Acad8	ACAD8	2.292228873	4.777589417	4.560188889	4.244315549	4.619691648	4.394213984
Acad9	ACAD9	3.602843836	4.39170543	4.965627447	4.193286682	4.323292875	4.225153074
Acadl	ACADL	4.437863651	6.301810971	6.352470645	5.445508409	6.498953757	6.228373518
Acadm	ACADM	5.717571651	5.671450398	5.473627628	5.247116631	5.769730475	5.080306881
Acads	ACADS	5.303241568	6.273215603	5.891980982	6.144940357	6.612702968	6.400436045
Acadsb	ACADSB	3.602843836	4.274415856	4.299146326	4.244315549	4.837029207	4.394213984
Acadvl	ACADVL	6.299041974	6.651752694	6.178245225	5.999643414	6.898478472	6.722967071
Acap2	ACAP2	5.592511033	4.598618344	4.299146326	5.149012642	4.517562398	4.54369877
Acat1	ACAT1	5.303241568	5.986311642	6.140700639	5.971559188	6.768028152	6.283551535
Acat3	ACAT2	5.455297886	6.12097931	5.798387868	5.174194573	5.537249469	5.391457635
Acbd3	ACBD3	5.132612588	4.691084662	5.206296207	5.015745746	4.528137589	4.677961688
Acbd4	ACBD4	5.132612588	4.935621319	5.130626579	5.465915875	4.589870308	4.838335991
Acbd5	ACBD5	5.455297886	6.301810971	6.620955555	5.806338484	5.869090868	5.80595311
Acbd6	ACBD6	5.132612588	5.077294272	5.050590043	4.86819141	4.811698872	5.230385876
Acd	ACD	3.602843836	4.000784638	3.763912372	4.193286682	4.123321403	3.608305404
Acer2	ACER2	2.292228873	3.408987266	4.299146326	4.140084684	4.323292875	3.238392553
Acin1	ACIN1	5.717571651	5.837581133	5.278065415	5.486031712	5.491016961	5.258552798
Acly	ACLY	5.832489373	6.838672662	6.725854739	7.33158584	7.323841777	7.582082935
Aco1	ACO1	4.437863651	5.580460698	5.590365196	5.806338484	6.224676945	5.580978012
Aco2	ACO2	2.292228873	3.83650285	4.436203012	4.340586378	4.298390021	4.029715045
Acot12	ACOT12	5.132612588	5.323426062	5.590365196	6.027185158	5.648948358	5.512859863
Acot13	ACOT13	4.711088618	5.143029108	3.970060753	4.140084684	5.024353391	4.029715045
Acot2	ACOT2	4.711088618	4.145159234	2.292228873	4.771343338	3.773101672	4.098370521
Acot4	ACOT4	4.091264967	3.64434534	3.970060753	5.070602553	4.247072608	4.340305924
Acot7	ACOT7	4.437863651	3.408987266	3.510146324	3.832119018	3.985710867	4.44596579
Acot8	ACOT8	4.437863651	4.145159234	2.292228873	3.832119018	3.404129273	3.706273732
Acox1	ACOX1	8.911415464	8.703508375	9.069941648	9.285518326	9.204918357	9.249643141
Acox2	ACOX2	7.07823846	6.951015396	6.847046914	6.230256216	6.539549528	6.520020994
Acox3	ACOX3	4.437863651	3.83650285	4.299146326	3.832119018	4.335564778	3.706273732
Acp1	ACP1	3.602843836	5.077294272	3.970060753	4.026238469	4.677405762	4.340305924
Acp2	ACP2	5.455297886	4.777589417	4.560188889	5.097235377	5.009683266	4.799989364
Acp5	ACP5	5.132612588	5.986311642	6.102142844	7.099496039	6.55942461	6.01652452
Acp6	ACP6	4.711088618	4.935621319	4.778048871	4.958614196	4.845368866	4.677961688
Acrbp	ACRBP	4.711088618	3.408987266	3.165820411	4.193286682	3.346584847	3.706273732
Acsf2	ACSF2	5.132612588	5.75694536	5.206296207	4.958614196	6.144559378	5.687684177
Acsf3	ACSF3	3.602843836	3.091498835	4.299146326	3.965024055	4.048808169	3.796124561
Acsl1	ACSL1	5.303241568	6.673763899	6.823612323	7.374896951	7.397328796	7.450106991
Acsl3	ACSL3	5.303241568	4.691084662	4.436203012	5.149012642	4.902360024	5.365866194
Acsl4	ACSL4	5.832489373	5.48320442	5.645304244	5.913673627	5.448607797	5.558635233
Acsl5	ACSL5	7.407642886	7.535123036	7.101987182	8.498370362	8.74085289	8.46748541
Acsm1	ACSM1	5.717571651	7.004058315	7.062512722	5.724382011	7.591653425	6.909532162
Acsm3	ACSM3	4.091264967	4.598618344	5.411419086	5.149012642	4.56961092	4.394213984
Acsm5	ACSM5	5.938807313	6.410802978	6.915142234	5.486031712	5.658256906	5.64596224
Acss2	ACSS2	5.455297886	4.598618344	5.278065415	6.242039077	5.307174032	6.425164359
Actg1	ACTG1	4.091264967	5.008278679	4.965627447	4.513911063	4.794545591	4.677961688
Actl6a	ACTL6A	4.091264967	4.000784638	4.145532614	3.832119018	4.108777455	3.879313446
Actn1	ACTN1	4.711088618	4.145159234	4.145532614	5.424800519	5.485785141	5.201638223
Actn4	ACTN4	4.938004346	5.913887648	5.698190108	6.013480768	6.107832992	6.11118803
Actr10	ACTR10	2.292228873	4.145159234	4.299146326	3.681556414	4.298390021	4.029715045
Actr1a	ACTR1A	3.602843836	5.008278679	4.560188889	4.59267106	4.677405762	4.495741634
Actr1b	ACTR1B	4.938004346	5.986311642	4.436203012	5.54471171	5.319028825	5.48940264
Actr5	ACTR5	4.711088618	4.000784638	3.165820411	4.026238469	3.509645067	3.608305404
Actr6	ACTR6	4.437863651	3.83650285	4.145532614	4.026238469	3.866495286	4.225153074
Acvr1	ACVR1	4.091264967	3.83650285	4.560188889	4.293360774	4.347720348	3.956906946
Acvr1b	ACVR1B	2.292228873	4.000784638	3.763912372	4.293360774	3.604991145	3.378600384
Acvr2a	ACVR2A	4.091264967	3.408987266	4.145532614	3.965024055	3.713078272	4.098370521
Acvr2b	ACVR2B	4.437863651	3.091498835	3.970060753	3.965024055	3.627507726	3.796124561
Acy1	ACY1	4.091264967	4.49923408	3.763912372	4.430133851	4.395226294	4.394213984
Acy3	ACY3	4.938004346	5.3787305	5.346327862	5.043446632	5.348234004	5.015407237
Adam10	ADAM10	4.091264967	3.64434534	4.145532614	4.193286682	4.048808169	4.098370521
Adam11	ADAM11	7.332084657	5.3787305	5.411419086	4.472692728	4.705356213	4.589975336
Adam17	ADAM17	4.437863651	4.49923408	3.763912372	4.340586378	4.137695583	4.098370521
Adam9	ADAM9	5.717571651	5.48320442	5.050590043	5.6728344	5.47526284	5.313237834
Adamts1	ADAMTS1	4.938004346	4.39170543	3.970060753	3.900470853	3.830055489	3.796124561
Adamts10	ADAMTS10	3.602843836	3.091498835	3.763912372	4.59267106	3.346584847	3.378600384
Adamts14	ADAMTS14	2.292228873	3.091498835	3.165820411	4.899001256	3.146804666	4.225153074
Adamtsl4	ADAMTSL4	2.292228873	3.091498835	3.510146324	3.965024055	3.183661984	3.608305404
Adamtsl5	ADAMTSL5	2.292228873	3.091498835	3.510146324	4.667021062	3.404129273	2.292228873
Adap2	ADAP2	5.455297886	4.49923408	4.87505964	5.316416351	4.820194892	4.9817748
Adar	ADAR	4.437863651	4.49923408	4.299146326	4.430133851	4.359761994	4.098370521
Adck1	ADCK1	4.091264967	3.83650285	3.510146324	3.965024055	3.773101672	4.163379181
Adck5	ADCK5	5.717571651	4.39170543	4.145532614	4.59267106	4.151904426	4.163379181
Adcy1	ADCY1	2.292228873	3.091498835	2.292228873	4.771343338	3.733451903	3.879313446
Adcy6	ADCY6	5.303241568	4.598618344	4.560188889	5.043446632	3.969402258	4.163379181
Adcy9	ADCY9	2.292228873	4.39170543	4.145532614	4.630363967	3.848420524	4.44596579
Add1	ADD1	3.602843836	4.598618344	4.965627447	3.965024055	4.193580519	4.225153074
Adgre5	ADGRE5	3.602843836	4.274415856	4.299146326	4.702701458	3.692316346	3.796124561
Adgrf5	ADGRF5	2.292228873	3.408987266	3.763912372	3.681556414	3.713078272	4.098370521
Adgrl2	ADGRL2	4.711088618	4.598618344	4.87505964	4.667021062	5.459330466	5.258552798
Adh1	ADH1A	8.308405924	8.56347973	9.00383108	8.707500642	9.606377936	9.209412656
Adh4	ADH4	5.303241568	5.323426062	5.645304244	4.702701458	5.009683266	5.142297742
Adh5	ADH5	5.832489373	6.055233373	5.698190108	5.690226104	6.691339424	6.185546781
Adhfe1	ADHFE1	5.132612588	5.431937627	5.206296207	4.293360774	4.696103889	4.54369877
Adi1	ADI1	5.592511033	5.837581133	5.206296207	4.667021062	5.567250281	5.111648885
Adipor1	ADIPOR1	6.037737533	6.183831903	5.346327862	5.957306801	6.070137201	6.032744293
Adipor2	ADIPOR2	5.832489373	6.021188752	5.936565594	5.690226104	6.017074843	5.391457635
Adk	ADK	7.644664992	7.523068722	7.761919001	7.060218883	7.596460991	7.450106991
Adnp	ADNP	4.711088618	4.49923408	4.436203012	4.193286682	4.658443166	4.589975336
Adnp2	ADNP2	2.292228873	3.64434534	4.145532614	3.832119018	3.969402258	3.608305404
Ado	ADO	2.292228873	4.000784638	3.165820411	3.832119018	3.811388859	4.163379181
Adora1	ADORA1	5.303241568	4.935621319	5.050590043	5.123365638	4.677405762	5.201638223
Adpgk	ADPGK	3.602843836	4.274415856	4.299146326	4.293360774	4.260098036	4.394213984
Adprh	ADPRH	3.602843836	3.64434534	3.165820411	3.832119018	3.692316346	3.608305404
Adprm	ADPRM	5.455297886	4.598618344	4.436203012	3.832119018	3.866495286	3.796124561
Adra1b	ADRA1B	5.132612588	5.950559801	6.416628544	6.376349544	6.202692814	6.064640927
Adrb3	ADRB3	2.292228873	4.598618344	4.145532614	4.55387734	4.677405762	4.799989364
Adrm1	ADRM1	2.292228873	4.274415856	3.510146324	4.140084684	4.47438987	4.44596579
Adtrp	ADTRP	2.292228873	4.145159234	4.436203012	4.958614196	5.307174032	5.416590921
Aebp1	AEBP1	2.292228873	2.292228873	2.292228873	6.169840245	3.985710867	3.956906946
Aebp2	AEBP2	4.938004346	4.145159234	4.145532614	4.804399523	4.429744728	3.956906946
Aen	AEN	4.711088618	4.39170543	4.436203012	4.340586378	4.310902149	4.340305924
Afdn	AFDN	5.832489373	5.265846922	4.560188889	5.198928573	4.878226113	5.339799106
Aff1	AFF1	4.437863651	4.39170543	4.87505964	4.140084684	4.371692044	4.44596579
Aff4	AFF4	5.717571651	5.3787305	4.87505964	4.929131951	4.886318221	4.838335991
Afg3l2	AFG3L2	5.832489373	6.214251337	5.936565594	6.054205207	5.743765041	5.824741032
Afm	AFM	7.167920699	7.258013076	7.606031593	9.312200429	8.597214632	8.243241645
Afmid	AFMID	5.303241568	6.08848473	5.698190108	4.899001256	4.994855223	4.284033266
Afp	AFP	2.292228873	2.292228873	2.292228873	8.78173433	4.741742161	5.465548216
Aga	AGA	5.303241568	3.83650285	4.673542613	4.293360774	3.952866194	3.956906946
Agap3	AGAP3	3.602843836	4.598618344	4.673542613	4.55387734	4.06407965	4.284033266
Agfg1	AGFG1	4.938004346	4.598618344	4.778048871	5.247116631	4.335564778	4.225153074
Agfg2	AGFG2	4.711088618	4.145159234	3.970060753	4.472692728	4.123321403	4.163379181
Aggf1	AGGF1	3.602843836	4.145159234	3.510146324	3.965024055	4.247072608	3.879313446
Agl	AGL	2.292228873	4.000784638	4.299146326	4.293360774	4.07916153	4.44596579
Agmat	AGMAT	5.592511033	6.055233373	4.778048871	5.123365638	5.756807139	5.580978012
Agmo	AGMO	6.376515331	5.323426062	5.936565594	5.223230826	5.611089491	5.230385876
Ago1	AGO1	2.292228873	3.64434534	3.970060753	4.193286682	4.137695583	4.029715045
Ago2	AGO2	4.437863651	4.39170543	4.673542613	4.55387734	4.395226294	4.54369877
Agpat2	AGPAT2	6.711290956	6.914534475	6.620955555	6.766762906	7.320939071	6.672278765
Agpat3	AGPAT3	7.210749743	7.558933243	7.101987182	7.874608539	7.363877012	7.369789846
Agps	AGPS	2.292228873	4.000784638	3.510146324	3.900470853	3.431616404	3.706273732
Agrn	AGRN	4.437863651	4.691084662	4.965627447	5.619339583	4.452258194	4.947299018
Agt	AGT	7.547816653	8.219708814	8.590929235	8.877001853	8.929746693	8.446566578
Agtr1a	AGTR1	2.292228873	4.274415856	4.145532614	3.900470853	4.957070321	4.394213984
Agxt	AGXT	3.602843836	5.431937627	3.970060753	5.338773759	6.059681406	5.313237834
Agxt2	AGXT2	6.826025488	6.214251337	6.593487953	5.774121432	5.690363243	5.624630897
Ahctf1	AHCTF1	4.091264967	3.83650285	3.165820411	3.900470853	4.179842907	4.098370521
Ahcy	AHCY	3.602843836	4.145159234	4.778048871	3.292857758	4.528137589	3.956906946
Ahcyl1	AHCYL1	5.832489373	5.3787305	5.979796879	5.54471171	5.136422471	5.201638223
Ahdc1	AHDC1	4.711088618	4.39170543	4.299146326	4.86819141	4.878226113	5.441282574
Ahnak	AHNAK	3.602843836	4.858895188	4.436203012	3.759393139	4.207168762	2.292228873
Ahr	AHR	5.132612588	4.39170543	4.145532614	3.832119018	4.463370872	4.394213984
Ahsa1	AHSA1	4.711088618	5.48320442	4.87505964	4.472692728	5.342441473	5.230385876
Ahsg	AHSG	11.07448668	11.47625099	11.40074114	13.16351361	13.291407	12.6330938
Aifm1	AIFM1	4.437863651	5.077294272	4.87505964	4.193286682	5.122899962	4.875631332
Aifm2	AIFM2	5.717571651	5.143029108	4.778048871	4.836669376	4.406834785	4.54369877
Aig1	AIG1	3.602843836	4.000784638	3.510146324	5.316416351	4.828638107	4.589975336
Aimp1	AIMP1	4.091264967	4.000784638	4.145532614	4.667021062	4.272990782	4.394213984
Aimp2	AIMP2	4.091264967	3.83650285	4.299146326	3.292857758	3.866495286	4.163379181
Aip	AIP	4.437863651	3.408987266	4.673542613	3.832119018	4.207168762	4.284033266
Ajuba	AJUBA	4.711088618	4.49923408	3.510146324	4.430133851	3.458330152	3.500138199
Ak2	AK2	6.826025488	7.088335588	6.507782463	6.957061916	6.898478472	6.565196056
Ak3	AK3	6.376515331	5.986311642	6.536923513	5.637396796	6.63394121	6.00011817
Ak4	AK4	4.091264967	4.858895188	4.87505964	4.86819141	4.750687228	4.677961688
Akap1	AKAP1	5.132612588	5.3787305	5.130626579	5.247116631	5.382495462	5.391457635
Akap10	AKAP10	4.437863651	4.145159234	4.87505964	3.405683862	3.969402258	4.029715045
Akap11	AKAP11	3.602843836	4.39170543	3.510146324	3.681556414	4.165952177	4.225153074
Akap13	AKAP13	4.938004346	5.431937627	4.560188889	4.987476573	5.074504286	4.947299018
Akap8	AKAP8	5.592511033	5.008278679	5.936565594	5.149012642	4.57977929	5.111648885
Akap8l	AKAP8L	7.031210357	4.935621319	5.645304244	6.157444528	5.109244296	5.230385876
Akap9	AKAP9	4.711088618	4.145159234	5.050590043	4.140084684	4.496153589	4.163379181
Akirin2	AKIRIN2	4.437863651	4.274415856	4.436203012	3.832119018	3.792408556	3.956906946
Akr1a1	AKR1A1	6.376515331	7.409784949	6.674362744	6.489300208	7.185459743	7.082425128
Akr1d1	AKR1D1	5.303241568	6.244037217	4.965627447	4.804399523	5.491016961	4.760526782
Akr1e1	AKR1E2	2.292228873	4.274415856	3.763912372	4.667021062	4.310902149	4.44596579
Akr7a5	AKR7L	5.717571651	5.950559801	5.798387868	6.027185158	5.987946587	5.64596224
Akt1	AKT1	5.303241568	5.143029108	5.050590043	5.149012642	5.258723621	5.17228453
Akt1s1	AKT1S1	5.132612588	5.532670511	5.53320357	5.58251833	5.37116771	5.64596224
Akt2	AKT2	4.938004346	5.008278679	4.560188889	4.340586378	5.336624897	4.760526782
Alad	ALAD	5.717571651	5.986311642	5.979796879	6.365625805	6.358469287	6.362524568
Alas1	ALAS1	7.370359234	6.512088547	8.257199869	5.837841147	6.556955229	6.762268046
Alas2	ALAS2	4.091264967	4.777589417	4.436203012	3.759393139	3.713078272	3.879313446
Alb	ALB	13.96167261	14.66250347	15.38782231	16.36555617	16.4485232	15.78335149
Alcam	ALCAM	5.717571651	5.532670511	5.698190108	6.054205207	6.101052816	5.983520849
Aldh16a1	ALDH16A1	4.437863651	4.39170543	4.673542613	4.59267106	4.528137589	4.54369877
Aldh1a1	ALDH1A1	7.252341272	7.021313351	7.857200382	5.6728344	7.281168834	6.425164359
Aldh1b1	ALDH1B1	2.292228873	6.87710388	5.473627628	4.472692728	6.083960185	4.677961688
Aldh1l1	ALDH1L1	7.167920699	8.447152454	7.592246541	7.526616793	7.82561273	8.042764954
Aldh2	ALDH2	8.248056623	9.387655978	8.785108183	8.224403624	9.825809387	9.393974365
Aldh3a2	ALDH3A2	7.370359234	5.323426062	6.70033948	6.806891584	5.853005654	5.666976855
Aldh4a1	ALDH4A1	5.455297886	6.87710388	5.891980982	6.376349544	6.753014412	6.800522597
Aldh5a1	ALDH5A1	2.292228873	4.145159234	3.763912372	4.513911063	4.648860167	4.225153074
Aldh6a1	ALDH6A1	5.455297886	5.986311642	5.130626579	5.637396796	6.332692416	6.00011817
Aldh7a1	ALDH7A1	6.130250267	7.152374565	6.44766158	6.080723161	6.62454076	6.565196056
Aldh8a1	ALDH8A1	6.519926337	6.301810971	6.021755502	5.837841147	6.400426049	6.387910015
Aldh9a1	ALDH9A1	6.037737533	6.606691342	5.53320357	5.898826989	6.731290341	6.310362765
Aldoa	ALDOA	4.091264967	4.274415856	4.436203012	4.244315549	4.677405762	4.589975336
Aldob	ALDOB	9.214434533	9.844991636	9.843707063	9.043825132	9.90854743	8.85761417
Aldoc	ALDOC	4.091264967	3.408987266	3.970060753	3.900470853	4.323292875	4.163379181
Alg1	ALG1	5.303241568	4.145159234	5.050590043	5.070602553	4.987380864	4.947299018
Alg10b	ALG10	3.602843836	4.691084662	4.299146326	4.293360774	4.429744728	4.495741634
Alg12	ALG12	4.091264967	3.64434534	4.965627447	4.084488666	3.901815905	3.956906946
Alg14	ALG14	4.711088618	4.39170543	4.299146326	4.084488666	4.06407965	4.225153074
Alg2	ALG2	2.292228873	3.091498835	4.299146326	4.244315549	4.137695583	3.608305404
Alg3	ALG3	2.292228873	3.408987266	4.145532614	3.965024055	3.773101672	4.029715045
Alg5	ALG5	3.602843836	4.000784638	3.970060753	3.759393139	4.559363906	4.340305924
Alg9	ALG9	2.292228873	4.000784638	3.763912372	4.293360774	4.347720348	4.495741634
Alkbh1	ALKBH1	5.832489373	4.49923408	4.673542613	4.59267106	4.23391141	4.098370521
Alkbh2	ALKBH2	4.091264967	3.64434534	4.560188889	3.832119018	3.884290412	4.029715045
Alkbh3	ALKBH3	3.602843836	3.091498835	3.970060753	3.832119018	3.509645067	3.879313446
Alkbh5	ALKBH5	5.303241568	5.3787305	5.590365196	4.340586378	5.662888329	5.391457635
Alpl	ALPL	5.455297886	4.777589417	5.411419086	4.630363967	4.741742161	4.340305924
Als2	ALS2	4.437863651	4.691084662	4.436203012	4.026238469	4.658443166	4.634693451
Als2cl	ALS2CL	5.455297886	4.145159234	5.590365196	5.149012642	4.123321403	4.340305924
Amacr	AMACR	4.711088618	5.986311642	5.278065415	5.174194573	5.644271028	5.258552798
Ambp	AMBP	9.093906219	10.26587055	9.89791114	11.11427856	11.27085568	11.12346426
Ambra1	AMBRA1	4.938004346	4.691084662	4.145532614	4.55387734	4.418340269	4.394213984
Amdhd1	AMDHD1	5.938807313	7.198600589	5.891980982	6.725481239	6.303496528	6.256228482
Amdhd2	AMDHD2	5.303241568	4.274415856	4.299146326	5.015745746	4.108777455	4.029715045
Amfr	AMFR	5.938807313	6.629398806	6.775564702	6.985301778	6.936930499	6.809929211
Ammecr1l	AMMECR1L	4.938004346	5.143029108	5.050590043	4.59267106	4.648860167	4.719877086
Amn1	AMN1	4.437863651	4.000784638	4.299146326	3.597638182	3.6711476	3.956906946
Amot	AMOT	3.602843836	4.39170543	3.510146324	4.340586378	4.094059111	4.029715045
Amotl2	AMOTL2	4.091264967	5.143029108	3.970060753	4.59267106	4.429744728	4.634693451
Ampd2	AMPD2	5.132612588	4.145159234	5.050590043	4.804399523	4.47438987	4.495741634
Anapc1	ANAPC1	4.711088618	4.691084662	3.970060753	4.702701458	4.335564778	4.719877086
Anapc11	ANAPC11	4.091264967	4.39170543	4.560188889	3.965024055	4.247072608	3.706273732
Anapc13	ANAPC13	4.711088618	5.077294272	4.436203012	4.59267106	5.189233058	4.44596579
Anapc16	ANAPC16	4.711088618	4.598618344	4.87505964	4.244315549	4.496153589	4.54369877
Anapc2	ANAPC2	4.711088618	5.077294272	5.206296207	4.59267106	4.777172461	4.760526782
Anapc7	ANAPC7	3.602843836	4.49923408	3.165820411	4.293360774	4.017673899	3.706273732
Ang	ANG	6.299041974	6.87710388	5.845954352	4.55387734	6.693588313	7.656871476
Angel2	ANGEL2	2.292228873	3.091498835	3.763912372	3.965024055	3.404129273	2.84495281
Angptl3	ANGPTL3	6.519926337	7.328988696	7.4918714	6.798954993	8.190743331	7.082425128
Angptl4	ANGPTL4	4.711088618	5.797835345	6.021755502	5.690226104	5.699404406	6.185546781
Angptl8	ANGPTL8	4.938004346	5.323426062	6.384908669	8.078207637	7.379305589	7.891733674
Ank3	ANK3	4.437863651	4.935621319	3.763912372	5.149012642	4.272990782	4.284033266
Ank	ANKH	3.602843836	4.777589417	4.145532614	4.771343338	4.705356213	3.879313446
Ankhd1	ANKHD1	4.437863651	4.145159234	4.778048871	4.430133851	4.151904426	4.163379181
Ankle2	ANKLE2	4.091264967	4.777589417	4.436203012	3.900470853	4.179842907	4.163379181
Ankra2	ANKRA2	2.292228873	3.83650285	4.145532614	3.832119018	3.581976371	3.500138199
Ankrd10	ANKRD10	3.602843836	3.408987266	4.560188889	3.832119018	3.316379787	3.500138199
Ankrd11	ANKRD11	5.303241568	5.265846922	4.87505964	4.86819141	5.002289206	4.875631332
Ankrd13b	ANKRD13B	4.938004346	3.091498835	3.970060753	4.026238469	3.375808356	3.500138199
Ankrd13c	ANKRD13C	4.938004346	4.598618344	4.299146326	4.38613548	4.559363906	4.495741634
Ankrd16	ANKRD16	4.437863651	3.408987266	4.560188889	4.193286682	3.792408556	4.163379181
Ankrd17	ANKRD17	5.132612588	5.265846922	5.278065415	5.097235377	5.20853125	5.230385876
Ankrd27	ANKRD27	5.455297886	4.858895188	4.436203012	4.667021062	4.07916153	4.340305924
Ankrd28	ANKRD28	3.602843836	4.000784638	3.510146324	3.832119018	3.969402258	3.378600384
Ankrd33b	ANKRD33B	4.711088618	4.274415856	3.970060753	3.006723736	3.558435071	3.956906946
Ankrd37	ANKRD37	2.292228873	3.091498835	3.165820411	2.800007094	4.017673899	4.163379181
Ankrd40	ANKRD40	5.455297886	5.626687005	4.965627447	5.223230826	5.0603603	5.080306881
Ankrd46	ANKRD46	5.455297886	4.274415856	5.936565594	4.987476573	4.589870308	4.760526782
Ankrd52	ANKRD52	5.132612588	4.49923408	3.763912372	5.015745746	4.094059111	4.54369877
Ankrd54	ANKRD54	4.437863651	4.39170543	3.763912372	4.026238469	3.692316346	4.098370521
Anks1	ANKS1A	5.132612588	4.000784638	4.560188889	3.759393139	3.830055489	4.163379181
Anks3	ANKS3	4.938004346	4.145159234	4.560188889	4.630363967	3.792408556	3.608305404
Anks4b	ANKS4B	5.455297886	4.858895188	5.050590043	5.174194573	5.448607797	5.416590921
Ankzf1	ANKZF1	4.437863651	4.145159234	4.965627447	4.084488666	3.773101672	3.706273732
Ano10	ANO10	4.091264967	3.64434534	4.145532614	4.430133851	4.335564778	4.163379181
Ano6	ANO6	4.091264967	3.83650285	3.165820411	3.900470853	3.627507726	3.500138199
Ano8	ANO8	4.091264967	4.000784638	3.510146324	4.293360774	3.458330152	3.608305404
Anp32b	ANP32B	3.602843836	3.408987266	4.673542613	4.140084684	3.848420524	3.796124561
Anp32a	ANP32D	6.650293701	6.301810971	5.53320357	5.445508409	5.80780938	6.095840312
Anpep	ANPEP	5.592511033	5.626687005	5.845954352	6.639178529	6.968825303	6.672278765
Antxr2	ANTXR2	5.132612588	4.858895188	4.778048871	4.293360774	4.359761994	4.340305924
Anxa11	ANXA11	4.711088618	4.274415856	3.510146324	4.804399523	4.629485501	4.394213984
Anxa2	ANXA2	4.711088618	4.691084662	3.165820411	5.015745746	5.74812574	5.080306881
Anxa4	ANXA4	4.091264967	4.858895188	4.778048871	5.486031712	5.307174032	5.080306881
Anxa5	ANXA5	6.037737533	6.819064754	6.021755502	5.149012642	5.816134504	4.589975336
Anxa6	ANXA6	5.717571651	6.273215603	5.206296207	5.486031712	5.973156212	5.258552798
Anxa7	ANXA7	5.455297886	4.935621319	5.473627628	5.097235377	5.342441473	5.313237834
Aopep	AOPEP	3.602843836	4.000784638	3.763912372	3.965024055	3.866495286	3.796124561
Aox1	AOX1	6.450013302	6.15275112	6.870105582	5.58251833	5.301208759	5.602972942
Ap1ar	AP1AR	4.091264967	5.143029108	4.436203012	4.140084684	4.609825279	4.589975336
Ap1b1	AP1B1	4.938004346	5.077294272	5.050590043	4.86819141	4.979865668	5.080306881
Ap1g1	AP1G1	3.602843836	5.265846922	5.346327862	4.472692728	4.496153589	4.394213984
Ap1m1	AP1M1	4.091264967	4.274415856	4.673542613	4.084488666	4.359761994	4.098370521
Ap1s1	AP1S1	3.602843836	5.143029108	4.778048871	4.702701458	4.56961092	4.54369877
Ap2a1	AP2A1	2.292228873	4.858895188	4.778048871	4.667021062	4.559363906	4.54369877
Ap2a2	AP2A2	5.132612588	4.935621319	4.673542613	5.223230826	5.149814489	5.048238323
Ap2b1	AP2B1	4.437863651	4.777589417	4.299146326	4.084488666	4.629485501	4.225153074
Ap2m1	AP2M1	5.303241568	4.49923408	4.778048871	4.59267106	5.415940405	5.230385876
Ap2s1	AP2S1	4.711088618	4.858895188	4.560188889	4.38613548	4.53862862	4.634693451
Ap3b1	AP3B1	4.437863651	4.858895188	4.87505964	5.316416351	5.002289206	5.558635233
Ap3d1	AP3D1	5.132612588	5.671450398	5.278065415	5.403782997	4.910310882	5.230385876
Ap3m1	AP3M1	6.037737533	5.205791466	4.673542613	4.430133851	4.496153589	5.111648885
Ap3s2	AP3S2	4.437863651	3.64434534	4.145532614	3.900470853	3.969402258	3.956906946
Ap4e1	AP4E1	2.292228873	3.091498835	3.763912372	4.026238469	3.534336095	3.706273732
Ap4m1	AP4M1	4.437863651	4.000784638	3.763912372	4.026238469	3.773101672	3.500138199
Ap5m1	AP5M1	2.292228873	4.145159234	3.165820411	3.597638182	3.627507726	3.956906946
Ap5s1	AP5S1	3.602843836	3.83650285	4.145532614	5.043446632	4.260098036	4.225153074
Ap5z1	AP5Z1	3.602843836	4.000784638	4.436203012	4.513911063	4.001799157	4.284033266
Apba3	APBA3	5.132612588	4.598618344	5.050590043	4.140084684	4.677405762	4.838335991
Apbb3	APBB3	4.711088618	4.39170543	4.778048871	4.55387734	4.193580519	4.163379181
Apc	APC	4.091264967	4.39170543	4.145532614	4.293360774	4.137695583	4.098370521
Apcs	APCS	6.450013302	6.12097931	6.47803707	5.563741544	8.532869359	8.018666477
Apeh	APEH	4.437863651	5.323426062	5.645304244	5.837841147	5.156462374	5.365866194
Apex1	APEX1	3.602843836	3.408987266	3.970060753	4.026238469	3.811388859	4.225153074
Apex2	APEX2	3.602843836	4.49923408	4.299146326	4.244315549	3.952866194	4.163379181
Aph1a	APH1A	5.455297886	5.797835345	5.411419086	5.097235377	5.769730475	5.258552798
Aplp2	APLP2	7.547816653	7.120711253	7.415635975	7.099496039	6.976228276	6.598167856
Apmap	APMAP	4.437863651	4.691084662	4.673542613	4.702701458	4.609825279	4.589975336
Apoa1	APOA1	11.79191012	12.35393138	12.38670152	14.72083764	14.03760795	13.99475466
Apoa2	APOA2	11.52579423	12.46553412	11.99741823	12.2811962	13.00911921	12.57163899
Apoa4	APOA4	11.91019398	11.09703777	10.18626362	12.28598599	13.44165935	11.47322516
Apoa5	APOA5	9.149943079	8.930253755	8.742081906	9.279837597	9.48175349	9.61762165
Apob	APOB	10.62255365	10.33984155	10.56692276	10.20021325	10.4257284	10.11658407
Apobec1	APOBEC1	4.437863651	4.39170543	4.673542613	4.084488666	3.952866194	3.500138199
Apoc1	APOC1	10.01615301	11.08069369	10.33015785	11.27852039	12.15183306	11.48462865
Apoc2	APOC2	8.347279791	9.387655978	8.665198129	10.81127122	10.64419396	9.871856055
Apoc3	APOC3	9.815952293	10.0624261	9.787386567	11.47401329	12.06209526	11.22301776
Apoc4	APOC4	7.031210357	7.777612695	7.506646021	8.004324542	8.813327661	8.38820804
Apoe	APOE	12.52339863	13.23911242	13.10735662	14.34901505	14.15637024	13.87979434
Apof	APOF	7.952707217	8.256561458	7.913703537	8.154710896	8.830763867	8.135322089
Apoh	APOH	5.592511033	5.580460698	5.645304244	5.619339583	6.20585417	5.843283838
Apol7a	APOL4	5.592511033	5.3787305	5.278065415	4.340586378	5.221249743	5.048238323
Apom	APOM	5.832489373	6.48742995	6.847046914	9.20087422	8.558952965	7.837656263
App	APP	5.455297886	6.15275112	6.319280955	6.935512073	6.144559378	6.185546781
Appbp2	APPBP2	5.592511033	4.000784638	4.145532614	4.430133851	4.137695583	3.956906946
Appl1	APPL1	4.437863651	4.39170543	3.970060753	4.244315549	3.649551982	3.378600384
Appl2	APPL2	4.091264967	4.39170543	3.510146324	4.899001256	4.629485501	4.44596579
Aptx	APTX	4.091264967	3.64434534	2.292228873	3.832119018	3.581976371	3.706273732
Aqp1	AQP1	4.091264967	3.83650285	3.510146324	4.293360774	4.629485501	4.495741634
Aqp11	AQP11	3.602843836	4.598618344	5.050590043	4.293360774	4.886318221	4.495741634
Aqp8	AQP8	6.826025488	7.167948775	6.352470645	8.536988345	7.864986136	7.752534507
Aqp9	AQP9	6.586589754	6.536330397	5.845954352	6.566195247	7.126819239	6.692769247
Aqr	AQR	3.602843836	3.091498835	3.970060753	3.681556414	3.6711476	4.225153074
Araf	ARAF	5.592511033	4.691084662	5.206296207	5.360779987	5.017037848	4.634693451
Arap1	ARAP1	5.455297886	5.626687005	4.965627447	5.563741544	5.129677693	5.535933184
Arap2	ARAP2	3.602843836	3.83650285	3.970060753	4.630363967	3.952866194	4.340305924
Arcn1	ARCN1	5.455297886	5.143029108	5.411419086	4.929131951	5.80780938	5.339799106
Arel1	AREL1	4.938004346	5.077294272	3.510146324	4.667021062	4.395226294	4.44596579
Arf1	ARF1	5.132612588	5.626687005	5.590365196	5.097235377	6.101052816	6.048781729
Arf3	ARF3	5.592511033	5.265846922	5.411419086	4.958614196	5.415940405	4.9817748
Arf4	ARF4	5.303241568	5.323426062	4.965627447	4.836669376	5.77401224	5.416590921
Arf5	ARF5	5.592511033	6.651752694	6.021755502	5.971559188	6.59836754	6.473376888
Arf6	ARF6	6.037737533	5.431937627	5.050590043	4.513911063	5.053233652	4.760526782
Arfgap1	ARFGAP1	4.938004346	4.691084662	4.965627447	5.123365638	5.122899962	5.142297742
Arfgap2	ARFGAP2	6.586589754	5.876245896	5.798387868	6.830441735	5.946897858	6.336681136
Arfgap3	ARFGAP3	3.602843836	3.83650285	4.560188889	3.405683862	4.07916153	4.098370521
Arfgef1	ARFGEF1	5.303241568	5.143029108	4.87505964	4.836669376	4.347720348	4.54369877
Arfgef2	ARFGEF2	4.711088618	4.935621319	4.145532614	4.667021062	4.768401571	4.947299018
Arfip1	ARFIP1	3.602843836	4.000784638	5.050590043	4.193286682	4.151904426	4.163379181
Arfip2	ARFIP2	4.437863651	4.598618344	4.673542613	4.929131951	4.418340269	4.719877086
Arfrp1	ARFRP1	5.303241568	4.000784638	4.436203012	4.193286682	3.952866194	4.284033266
Arg1	ARG1	7.79288328	8.466155272	7.822203823	7.615048538	8.540993382	8.35330968
Arglu1	ARGLU1	6.130250267	5.950559801	6.44766158	6.288223546	5.453979345	6.11118803
Arhgap1	ARHGAP1	4.437863651	4.145159234	4.436203012	4.140084684	3.936095152	4.284033266
Arhgap12	ARHGAP12	4.938004346	4.49923408	4.299146326	4.55387734	4.207168762	4.163379181
Arhgap17	ARHGAP17	4.711088618	4.49923408	3.763912372	3.965024055	3.792408556	3.796124561
Arhgap18	ARHGAP18	4.437863651	4.000784638	4.145532614	3.832119018	3.316379787	3.500138199
Arhgap21	ARHGAP21	4.437863651	4.274415856	4.436203012	4.430133851	4.247072608	4.589975336
Arhgap22	ARHGAP22	3.602843836	3.64434534	3.763912372	4.86819141	4.137695583	3.706273732
Arhgap26	ARHGAP26	4.091264967	4.274415856	4.145532614	3.832119018	4.094059111	4.163379181
Arhgap27	ARHGAP27	4.091264967	4.145159234	4.87505964	3.832119018	3.458330152	3.608305404
Arhgap29	ARHGAP29	4.938004346	5.143029108	4.778048871	4.472692728	4.853657745	4.589975336
Arhgap35	ARHGAP35	4.437863651	5.077294272	4.965627447	4.140084684	4.705356213	4.394213984
Arhgap39	ARHGAP39	3.602843836	3.408987266	4.436203012	4.026238469	3.346584847	3.500138199
Arhgap4	ARHGAP4	2.292228873	3.091498835	2.292228873	3.965024055	3.431616404	3.378600384
Arhgap42	ARHGAP42	5.717571651	5.532670511	5.590365196	5.338773759	5.149814489	5.64596224
Arhgap5	ARHGAP5	3.602843836	4.000784638	3.763912372	3.965024055	4.048808169	3.706273732
Arhgdia	ARHGDIA	4.938004346	4.49923408	4.778048871	4.340586378	4.658443166	4.163379181
Arhgef1	ARHGEF1	5.132612588	5.265846922	5.590365196	5.316416351	4.72367206	4.760526782
Arhgef10l	ARHGEF10L	4.091264967	3.64434534	4.436203012	4.771343338	4.485316891	4.799989364
Arhgef11	ARHGEF11	4.091264967	3.83650285	3.763912372	4.38613548	3.952866194	4.394213984
Arhgef12	ARHGEF12	5.592511033	5.714842213	5.346327862	5.505864328	5.639578189	5.708093218
Arhgef18	ARHGEF18	4.437863651	4.49923408	4.436203012	4.38613548	4.220611239	4.225153074
Arhgef19	ARHGEF19	6.217134759	5.323426062	4.673542613	5.382446192	4.845368866	5.313237834
Arhgef2	ARHGEF2	5.455297886	3.408987266	4.560188889	3.965024055	3.792408556	3.238392553
Arhgef26	ARHGEF26	4.437863651	4.274415856	5.845954352	3.681556414	5.024353391	5.313237834
Arhgef3	ARHGEF3	3.602843836	4.145159234	4.145532614	4.59267106	4.383512751	4.44596579
Arhgef40	ARHGEF40	4.711088618	4.000784638	3.510146324	4.244315549	3.108084759	3.879313446
Arhgef5	ARHGEF5	3.602843836	4.000784638	3.510146324	4.430133851	4.335564778	3.796124561
Arhgef7	ARHGEF7	4.711088618	4.858895188	4.778048871	4.667021062	4.272990782	4.799989364
Arid1a	ARID1A	4.091264967	4.145159234	3.763912372	4.340586378	4.193580519	4.54369877
Arid1b	ARID1B	4.091264967	4.598618344	4.299146326	3.965024055	4.383512751	4.098370521
Arid2	ARID2	6.037737533	4.274415856	5.050590043	5.015745746	4.193580519	4.589975336
Arid4a	ARID4A	4.091264967	4.274415856	3.970060753	4.084488666	3.713078272	4.284033266
Arid4b	ARID4B	4.091264967	4.598618344	4.145532614	4.513911063	4.496153589	4.225153074
Arid5b	ARID5B	5.303241568	5.077294272	5.411419086	5.174194573	5.426914089	5.201638223
Arih1	ARIH1	5.303241568	4.145159234	4.436203012	4.513911063	4.667958021	4.54369877
Arih2	ARIH2	4.091264967	4.274415856	4.673542613	4.737459092	4.609825279	4.589975336
Arl1	ARL1	4.091264967	4.49923408	4.436203012	4.193286682	4.964710879	4.54369877
Arl4d	ARL4D	6.299041974	6.12097931	6.285303664	4.513911063	4.517562398	4.495741634
Arl5a	ARL5A	5.132612588	5.143029108	4.87505964	5.123365638	5.182740408	4.634693451
Arl5b	ARL5B	3.602843836	3.64434534	3.510146324	3.832119018	3.604991145	3.956906946
Arl6ip1	ARL6IP1	4.938004346	5.205791466	5.473627628	4.59267106	5.143134628	5.111648885
Arl6ip4	ARL6IP4	4.437863651	4.691084662	5.130626579	4.630363967	4.957070321	4.875631332
Arl6ip5	ARL6IP5	6.217134759	5.265846922	4.778048871	5.174194573	5.319028825	5.17228453
Arl6ip6	ARL6IP6	4.437863651	4.000784638	3.165820411	3.597638182	3.733451903	4.284033266
Arl8a	ARL8A	4.437863651	4.935621319	4.436203012	4.836669376	4.310902149	4.340305924
Arl8b	ARL8B	4.711088618	4.39170543	4.673542613	4.340586378	4.759573426	4.284033266
Armc1	ARMC1	4.437863651	3.83650285	4.560188889	3.832119018	4.151904426	4.098370521
Armc5	ARMC5	3.602843836	3.091498835	3.970060753	4.084488666	3.713078272	4.163379181
Armc6	ARMC6	2.292228873	3.408987266	2.292228873	3.900470853	3.404129273	3.238392553
Armc8	ARMC8	3.602843836	3.091498835	3.510146324	4.244315549	3.509645067	3.378600384
Armcx3	ARMCX3	2.292228873	3.83650285	4.145532614	3.832119018	3.558435071	3.500138199
Armt1	ARMT1	4.091264967	3.408987266	3.970060753	3.900470853	3.713078272	3.879313446
Arnt	ARNT	4.091264967	4.691084662	5.050590043	4.929131951	4.629485501	4.838335991
Arpc1a	ARPC1A	5.132612588	4.145159234	4.673542613	5.174194573	4.589870308	4.947299018
Arpc1b	ARPC1B	4.437863651	5.008278679	4.299146326	5.360779987	4.918215799	5.365866194
Arpc2	ARPC2	3.602843836	4.000784638	4.673542613	4.140084684	4.418340269	4.284033266
Arpc5	ARPC5	3.602843836	4.935621319	4.87505964	3.900470853	4.517562398	4.44596579
Arpc5l	ARPC5L	4.437863651	4.598618344	4.673542613	4.667021062	4.853657745	4.947299018
Arpp19	ARPP19	4.437863651	4.858895188	4.673542613	4.026238469	4.151904426	4.098370521
Arrb2	ARRB2	4.437863651	4.274415856	3.510146324	4.513911063	3.649551982	3.500138199
Arrdc2	ARRDC2	5.832489373	4.274415856	4.145532614	4.430133851	3.581976371	3.796124561
Arrdc3	ARRDC3	5.303241568	5.580460698	5.130626579	7.358807542	6.045620112	5.767614962
Arrdc4	ARRDC4	2.292228873	4.39170543	3.165820411	3.965024055	4.048808169	3.500138199
Arsa	ARSA	4.938004346	5.323426062	5.798387868	5.54471171	5.289201345	5.465548216
Arsb	ARSB	4.091264967	5.077294272	4.87505964	5.043446632	5.246343831	5.2861627
Arsg	ARSG	3.602843836	4.145159234	4.299146326	4.836669376	5.233853228	4.495741634
Arvcf	ARVCF	4.437863651	3.408987266	3.763912372	3.965024055	3.792408556	3.069261795
As3mt	AS3MT	2.292228873	5.3787305	4.436203012	4.737459092	5.36546935	5.258552798
Asah1	ASAH1	2.292228873	3.83650285	4.436203012	4.340586378	4.485316891	4.098370521
Asap1	ASAP1	5.303241568	4.000784638	4.673542613	4.140084684	4.07916153	4.163379181
Asap3	ASAP3	3.602843836	3.408987266	4.299146326	4.244315549	3.753454394	4.098370521
Asb13	ASB13	4.437863651	5.205791466	4.778048871	4.140084684	4.750687228	4.54369877
Asb6	ASB6	2.292228873	3.64434534	3.970060753	3.900470853	3.484323889	3.879313446
Asb7	ASB7	3.602843836	2.292228873	3.165820411	3.506312947	3.346584847	3.956906946
Asb8	ASB8	4.437863651	4.49923408	4.560188889	4.293360774	4.53862862	4.394213984
Ascc1	ASCC1	4.091264967	3.83650285	3.970060753	3.506312947	3.627507726	3.956906946
Ascc2	ASCC2	3.602843836	4.274415856	3.970060753	4.630363967	4.165952177	4.163379181
Ascc3	ASCC3	4.091264967	4.145159234	4.299146326	3.900470853	4.78588688	4.54369877
Asgr1	ASGR1	8.817648468	8.509545005	8.475579574	8.265232852	9.038350148	9.098855867
Asgr2	ASGR2	7.70579342	7.903806045	7.699002031	6.868854332	7.757501587	7.331153637
Ash1l	ASH1L	2.292228873	5.077294272	4.299146326	4.026238469	4.59988523	4.677961688
Ash2l	ASH2L	4.437863651	3.83650285	3.510146324	3.832119018	3.753454394	3.796124561
Asl	ASL	7.613100024	7.757178914	6.620955555	6.365625805	6.983593343	6.712971504
Asnsd1	ASNSD1	2.292228873	3.83650285	4.299146326	3.506312947	4.033341529	4.225153074
Aspdh	ASPDH	5.455297886	5.876245896	5.698190108	6.566195247	6.013466183	5.966728005
Aspg	ASPG	6.130250267	7.315070696	7.711807089	8.335385177	7.044719108	7.514735829
Asph	ASPH	6.130250267	5.580460698	5.979796879	6.276816407	5.973156212	6.297019917
Aspscr1	ASPSCR1	5.455297886	5.077294272	5.590365196	5.790321307	5.122899962	5.465548216
Ass1	ASS1	8.51030343	9.357445238	7.56427435	7.156472063	8.41336829	8.257039397
Asxl1	ASXL1	4.091264967	4.274415856	3.510146324	3.900470853	4.07916153	4.163379181
Asxl2	ASXL2	5.132612588	4.858895188	4.560188889	4.987476573	4.260098036	4.44596579
Atad1	ATAD1	4.437863651	4.598618344	3.763912372	3.900470853	4.310902149	4.589975336
Atad2b	ATAD2B	2.292228873	3.408987266	3.763912372	4.293360774	4.017673899	4.225153074
Atad3a	ATAD3A	5.592511033	5.265846922	5.411419086	5.382446192	4.853657745	5.015407237
Atat1	ATAT1	5.717571651	4.145159234	4.436203012	4.59267106	3.969402258	4.44596579
Ate1	ATE1	4.437863651	3.64434534	3.510146324	4.293360774	3.792408556	3.796124561
Atf1	ATF1	4.091264967	4.49923408	4.145532614	4.026238469	4.108777455	4.029715045
Atf2	ATF2	4.091264967	4.145159234	4.436203012	4.244315549	4.406834785	4.760526782
Atf3	ATF3	3.602843836	4.39170543	3.165820411	3.900470853	4.23391141	3.238392553
Atf4	ATF4	4.091264967	3.408987266	3.510146324	3.900470853	4.06407965	4.54369877
Atf5	ATF5	7.07823846	7.198600589	7.140407653	7.33158584	7.391807178	7.179896117
Atf6	ATF6	5.303241568	5.580460698	5.411419086	4.630363967	5.506596863	5.339799106
Atf6b	ATF6B	3.602843836	4.145159234	3.970060753	4.55387734	4.441050082	4.760526782
Atf7	ATF7	4.437863651	4.000784638	3.510146324	4.140084684	4.07916153	4.44596579
Atf7ip	ATF7IP	4.091264967	4.274415856	3.970060753	4.293360774	4.207168762	4.098370521
Atg101	ATG101	5.132612588	4.000784638	4.560188889	4.38613548	4.972309166	5.015407237
Atg12	ATG12	3.602843836	4.39170543	4.436203012	4.244315549	4.033341529	4.029715045
Atg13	ATG13	4.711088618	4.39170543	4.560188889	4.430133851	4.506901571	4.719877086
Atg16l1	ATG16L1	2.292228873	4.49923408	4.673542613	4.084488666	4.247072608	4.634693451
Atg16l2	ATG16L2	6.130250267	4.49923408	3.970060753	4.38613548	3.811388859	3.796124561
Atg2a	ATG2A	5.455297886	4.274415856	5.130626579	6.013480768	4.759573426	5.365866194
Atg2b	ATG2B	4.091264967	4.39170543	3.165820411	4.86819141	4.528137589	4.677961688
Atg3	ATG3	4.938004346	5.077294272	5.130626579	4.193286682	4.845368866	4.495741634
Atg4b	ATG4B	3.602843836	4.598618344	4.299146326	4.244315549	4.23391141	4.394213984
Atg4c	ATG4C	4.437863651	3.408987266	4.299146326	4.244315549	4.441050082	3.956906946
Atg4d	ATG4D	3.602843836	3.83650285	4.87505964	5.174194573	4.658443166	4.760526782
Atg5	ATG5	3.602843836	4.274415856	3.970060753	4.293360774	4.506901571	4.44596579
Atg7	ATG7	2.292228873	4.39170543	3.510146324	4.667021062	4.247072608	4.394213984
Atg9a	ATG9A	4.938004346	4.598618344	4.560188889	5.403782997	5.264872592	4.911934359
Atic	ATIC	2.292228873	4.39170543	3.970060753	3.900470853	4.260098036	3.879313446
Atl2	ATL2	5.592511033	5.077294272	4.673542613	5.097235377	5.480533817	5.230385876
Atl3	ATL3	5.717571651	5.876245896	6.285303664	6.1323258	5.611089491	5.558635233
Atn1	ATN1	4.938004346	4.145159234	4.299146326	4.340586378	4.496153589	4.677961688
Atoh8	ATOH8	3.602843836	4.935621319	3.510146324	4.771343338	3.581976371	4.634693451
Atox1	ATOX1	5.832489373	7.42282106	5.590365196	5.822177099	6.948268431	6.672278765
Atp11a	ATP11A	4.091264967	3.83650285	3.510146324	3.405683862	4.001799157	4.394213984
Atp11b	ATP11B	4.938004346	4.777589417	5.130626579	4.084488666	4.220611239	4.163379181
Atp11c	ATP11C	6.037737533	5.876245896	5.749173232	5.360779987	5.884996236	6.170981327
Atp13a1	ATP13A1	6.130250267	5.431937627	5.346327862	5.971559188	5.421437957	5.391457635
Atp13a2	ATP13A2	4.091264967	4.000784638	4.145532614	5.424800519	4.07916153	4.44596579
Atp13a3	ATP13A3	6.130250267	5.714842213	5.698190108	5.65522648	5.712858923	5.728212593
Atp1a1	ATP1A1	5.717571651	6.87710388	7.214302242	8.215502038	7.541428248	7.208605964
Atp1b1	ATP1B1	6.519926337	6.932890613	7.082385311	7.315002344	7.108414084	7.179896117
Atp1b3	ATP1B3	4.091264967	4.274415856	3.510146324	3.759393139	4.108777455	4.495741634
Atp2a2	ATP2A2	6.880131208	6.695442815	6.958811065	6.717080624	6.832694361	7.120699154
Atp2b1	ATP2B1	4.711088618	4.858895188	3.165820411	4.38613548	4.53862862	4.760526782
Atp2c1	ATP2C1	4.437863651	4.39170543	4.299146326	5.123365638	4.639207972	4.589975336
Atp5mpl	ATP5MJ	5.303241568	5.077294272	4.560188889	4.340586378	4.759573426	4.875631332
Atp6ap1	ATP6AP1	4.938004346	6.055233373	5.645304244	5.985670459	5.74812574	5.687684177
Atp6ap2	ATP6AP2	5.303241568	4.49923408	5.698190108	4.987476573	5.009683266	4.799989364
Atp6v0a1	ATP6V0A1	3.602843836	4.39170543	4.778048871	5.54471171	4.696103889	4.875631332
Atp6v0a2	ATP6V0A2	4.437863651	4.274415856	5.050590043	4.86819141	4.759573426	4.838335991
Atp6v0b	ATP6V0B	5.132612588	6.273215603	5.473627628	6.332964318	5.77401224	5.708093218
Atp6v0c	ATP6V0C	5.592511033	5.950559801	5.050590043	4.899001256	5.946897858	5.111648885
Atp6v0d1	ATP6V0D1	4.711088618	4.39170543	5.278065415	4.630363967	4.861896491	4.394213984
Atp6v0e	ATP6V0E1	5.132612588	5.48320442	4.87505964	4.513911063	4.845368866	4.719877086
Atp6v1a	ATP6V1A	4.091264967	4.49923408	4.560188889	4.38613548	4.452258194	4.719877086
Atp6v1b2	ATP6V1B2	5.592511033	5.077294272	4.436203012	4.667021062	4.335564778	4.284033266
Atp6v1c1	ATP6V1C1	4.938004346	4.858895188	4.436203012	4.084488666	4.528137589	3.956906946
Atp6v1d	ATP6V1D	5.303241568	4.000784638	4.299146326	4.513911063	4.463370872	4.760526782
Atp6v1e1	ATP6V1E1	5.132612588	5.950559801	5.346327862	5.270600463	5.861070999	5.441282574
Atp6v1f	ATP6V1F	3.602843836	4.49923408	4.87505964	4.193286682	4.677405762	4.098370521
Atp6v1g1	ATP6V1G1	4.091264967	5.008278679	4.778048871	5.403782997	5.63014556	5.2861627
Atp6v1h	ATP6V1H	4.711088618	4.274415856	4.145532614	4.293360774	4.732737389	4.634693451
Atp7a	ATP7A	2.292228873	2.292228873	3.763912372	3.292857758	3.108084759	3.956906946
Atp7b	ATP7B	5.303241568	4.858895188	4.965627447	5.601048842	5.122899962	4.799989364
Atp8b1	ATP8B1	4.938004346	4.145159234	4.965627447	4.513911063	5.143134628	4.911934359
Atp9a	ATP9A	5.717571651	5.323426062	5.53320357	7.19324039	6.094240296	6.185546781
Atp9b	ATP9B	5.455297886	4.777589417	4.965627447	5.247116631	5.002289206	5.080306881
Atpsckmt	ATPSCKMT	4.938004346	4.777589417	4.778048871	4.667021062	4.220611239	4.340305924
Atraid	ATRAID	5.717571651	5.3787305	5.798387868	4.630363967	5.577110549	5.17228453
Atrn	ATRN	4.711088618	4.39170543	4.778048871	4.836669376	5.129677693	4.9817748
Atrx	ATRX	3.602843836	4.39170543	4.673542613	4.702701458	4.549036926	4.719877086
Atxn10	ATXN10	5.592511033	5.431937627	5.798387868	4.630363967	4.933890021	5.17228453
Atxn2	ATXN2	6.130250267	5.626687005	5.411419086	5.382446192	5.227565727	4.947299018
Atxn2l	ATXN2L	5.132612588	5.431937627	5.53320357	6.321909508	5.778281131	6.095840312
Atxn3	ATXN3L	3.602843836	3.091498835	3.165820411	3.832119018	3.692316346	3.796124561
Atxn7	ATXN7	4.938004346	3.83650285	4.673542613	4.804399523	4.696103889	5.015407237
Atxn7l1	ATXN7L1	4.437863651	4.39170543	4.673542613	4.244315549	4.193580519	4.029715045
Atxn7l3	ATXN7L3	5.455297886	4.777589417	5.206296207	4.86819141	4.667958021	5.048238323
Atxn7l3b	ATXN7L3B	5.832489373	5.626687005	5.278065415	5.293696035	5.708388258	5.048238323
Auh	AUH	4.711088618	4.935621319	4.87505964	4.59267106	4.496153589	4.029715045
Aup1	AUP1	6.650293701	6.410802978	5.891980982	6.365625805	6.514312118	6.269955214
Aurkaip1	AURKAIP1	4.091264967	4.49923408	4.436203012	4.771343338	5.233853228	4.677961688
Avl9	AVL9	3.602843836	4.000784638	4.436203012	3.597638182	3.773101672	4.029715045
Avpi1	AVPI1	4.437863651	5.431937627	4.299146326	5.601048842	5.946897858	5.80595311
Avpr1a	AVPR1A	3.602843836	4.000784638	3.510146324	3.681556414	4.395226294	4.799989364
Axin1	AXIN1	2.292228873	3.83650285	4.560188889	3.405683862	3.969402258	3.956906946
Axin2	AXIN2	3.602843836	3.408987266	3.763912372	3.292857758	3.509645067	3.956906946
Axl	AXL	3.602843836	4.274415856	4.145532614	4.026238469	3.848420524	3.378600384
Azgp1	AZGP1	9.446933585	9.793269322	10.10127301	9.153510581	9.885177862	9.273593012
Azi2	AZI2	4.437863651	4.39170543	4.436203012	4.293360774	4.496153589	4.340305924
Azin1	AZIN1	4.711088618	4.858895188	4.560188889	5.123365638	4.845368866	5.080306881
B2m	B2M	6.982592848	6.301810971	6.823612323	5.971559188	7.196589773	6.228373518
B3galnt2	B3GALNT2	3.602843836	3.83650285	4.673542613	4.59267106	4.123321403	4.284033266
B3gat3	B3GAT3	4.938004346	4.858895188	4.87505964	5.043446632	4.517562398	4.838335991
B3gnt2	B3GNT2	5.303241568	4.145159234	4.560188889	3.965024055	4.323292875	4.029715045
B3gntl1	B3GNTL1	4.711088618	3.83650285	3.970060753	3.405683862	3.509645067	4.029715045
B4galnt1	B4GALNT1	5.455297886	6.214251337	6.062515049	6.469414622	6.33557953	5.748050545
B4galt1	B4GALT1	4.711088618	4.935621319	5.130626579	4.771343338	5.869090868	5.339799106
B4galt3	B4GALT3	4.091264967	3.83650285	4.145532614	4.026238469	4.001799157	4.394213984
B4galt5	B4GALT5	5.832489373	6.021188752	6.620955555	4.958614196	5.136422471	5.111648885
B4galt6	B4GALT6	4.091264967	3.83650285	3.763912372	4.472692728	4.260098036	3.500138199
B4galt7	B4GALT7	2.292228873	3.091498835	3.165820411	3.900470853	4.335564778	4.284033266
B4gat1	B4GAT1	4.091264967	4.858895188	4.778048871	4.513911063	4.750687228	4.44596579
Babam1	BABAM1	5.717571651	5.48320442	5.130626579	4.899001256	5.469972058	5.535933184
Babam2	BABAM2	4.711088618	4.000784638	3.510146324	4.293360774	4.193580519	4.098370521
Bace1	BACE1	4.437863651	4.000784638	3.165820411	4.084488666	4.247072608	4.394213984
Bach1	BACH1	4.091264967	5.008278679	5.278065415	5.822177099	5.324918783	5.048238323
Bach2	BACH2	3.602843836	3.091498835	3.165820411	4.026238469	4.272990782	4.589975336
Bad	BAD	4.437863651	4.49923408	4.299146326	3.759393139	4.048808169	4.340305924
Bag1	BAG1	4.437863651	5.077294272	5.050590043	4.958614196	5.307174032	5.624630897
Bag3	BAG3	4.938004346	4.691084662	4.673542613	3.900470853	4.629485501	4.589975336
Bag6	BAG6	5.938807313	5.008278679	5.130626579	5.724382011	5.295217939	5.230385876
Bahd1	BAHD1	4.938004346	3.64434534	3.970060753	4.193286682	4.151904426	4.340305924
Baiap2	BAIAP2	6.519926337	5.532670511	5.206296207	4.836669376	5.129677693	5.111648885
Baiap2l1	BAIAP2L1	6.299041974	5.626687005	5.53320357	5.015745746	4.926075331	5.339799106
Bak1	BAK1	2.292228873	4.598618344	4.299146326	3.681556414	4.272990782	4.54369877
Banf1	BANF1	4.091264967	4.777589417	3.510146324	3.681556414	4.094059111	3.956906946
Bap1	BAP1	4.711088618	4.274415856	4.673542613	4.244315549	4.151904426	4.394213984
Bax	BAX	5.938807313	5.3787305	5.53320357	5.465915875	5.44321566	5.17228453
Baz1a	BAZ1A	4.091264967	4.000784638	3.165820411	4.084488666	4.048808169	4.225153074
Baz1b	BAZ1B	4.091264967	4.691084662	5.050590043	4.293360774	4.918215799	5.015407237
Baz2a	BAZ2A	4.711088618	5.008278679	4.673542613	5.338773759	4.619691648	4.634693451
Baz2b	BAZ2B	4.938004346	3.408987266	3.970060753	4.472692728	3.848420524	3.879313446
Bbc3	BBC3	5.832489373	5.008278679	4.436203012	4.702701458	4.033341529	3.879313446
Bbip1	BBIP1	4.091264967	4.000784638	3.165820411	3.506312947	3.866495286	4.163379181
Bbox1	BBOX1	5.303241568	4.858895188	4.778048871	5.097235377	5.202128193	4.760526782
Bcap31	BCAP31	7.332084657	7.152374565	7.001192958	6.949914454	7.148271605	6.994457236
Bcar1	BCAR1	4.711088618	4.777589417	5.130626579	5.174194573	5.0603603	4.9817748
Bcar3	BCAR3	4.091264967	4.691084662	4.778048871	4.193286682	4.589870308	4.911934359
Bcas2	BCAS2	3.602843836	4.39170543	4.299146326	4.430133851	4.207168762	4.029715045
Bcat2	BCAT2	4.938004346	5.143029108	4.673542613	5.403782997	5.002289206	4.875631332
Bccip	BCCIP	4.437863651	5.205791466	5.050590043	4.667021062	5.469972058	5.512859863
Bche	BCHE	4.091264967	4.691084662	5.130626579	4.340586378	5.031630323	4.284033266
Bckdha	BCKDHA	4.711088618	5.265846922	5.278065415	5.198928573	5.6766924	5.391457635
Bckdhb	BCKDHB	6.037737533	6.12097931	6.021755502	6.230256216	6.05617905	6.310362765
Bckdk	BCKDK	4.711088618	3.408987266	3.510146324	4.193286682	3.733451903	3.706273732
Bcl10	BCL10	2.292228873	2.292228873	3.165820411	3.832119018	3.404129273	3.238392553
Bcl2l1	BCL2L1	5.132612588	5.3787305	5.590365196	6.45936745	5.965703069	6.256228482
Bcl2l11	BCL2L11	4.711088618	4.39170543	4.299146326	4.958614196	3.558435071	4.098370521
Bcl2l12	BCL2L12	4.091264967	4.145159234	3.510146324	4.140084684	3.811388859	4.029715045
Bcl2l13	BCL2L13	5.132612588	4.858895188	3.510146324	4.38613548	4.686787391	4.54369877
Bcl2l2	BCL2L2	4.711088618	5.323426062	5.130626579	4.771343338	4.741742161	5.17228453
Bcl3	BCL3	5.592511033	4.777589417	4.145532614	4.55387734	5.336624897	5.580978012
Bcl6	BCL6	5.303241568	5.876245896	4.145532614	5.790321307	3.604991145	4.225153074
Bcl7a	BCL7A	4.938004346	4.000784638	4.87505964	4.38613548	4.048808169	4.44596579
Bcl7c	BCL7C	4.437863651	4.39170543	4.778048871	4.987476573	4.78588688	4.947299018
Bcl9l	BCL9L	4.437863651	4.777589417	4.778048871	4.737459092	5.156462374	5.048238323
Bclaf1	BCLAF1	5.717571651	5.205791466	5.590365196	5.403782997	5.046070042	4.9817748
Bco1	BCO1	2.292228873	3.091498835	2.292228873	4.244315549	3.811388859	3.378600384
Bco2	BCO2	4.437863651	4.145159234	3.763912372	3.900470853	3.811388859	3.500138199
Bcor	BCOR	2.292228873	3.408987266	3.165820411	3.832119018	3.830055489	3.608305404
Bcorl1	BCORL1	2.292228873	3.83650285	3.763912372	3.832119018	3.604991145	4.284033266
Bcr	BCR	5.717571651	4.691084662	3.763912372	4.193286682	4.418340269	4.495741634
Bcs1l	BCS1L	2.292228873	3.83650285	3.763912372	3.900470853	3.581976371	3.706273732
Bdh1	BDH1	6.769803104	6.968914599	6.536923513	6.408047441	7.310733275	6.93554036
Becn1	BECN1	5.717571651	5.265846922	5.206296207	5.360779987	5.046070042	5.512859863
Bend7	BEND7	2.292228873	2.292228873	3.165820411	3.965024055	3.431616404	3.238392553
Bfar	BFAR	4.437863651	4.691084662	4.965627447	4.702701458	4.418340269	4.719877086
Bgn	BGN	2.292228873	4.145159234	4.299146326	3.405683862	4.220611239	4.163379181
Bhlha15	BHLHA15	2.292228873	3.091498835	3.510146324	3.006723736	3.108084759	4.029715045
Bhlhe40	BHLHE40	6.769803104	6.08848473	6.178245225	5.65522648	6.196349057	6.310362765
Bhmt2	BHMT2	5.303241568	6.536330397	5.473627628	5.563741544	6.544544168	5.966728005
Bicd2	BICD2	5.132612588	4.858895188	4.299146326	4.244315549	3.985710867	4.029715045
Bicral	BICRAL	2.292228873	3.83650285	3.165820411	3.900470853	3.884290412	4.225153074
Bin1	BIN1	5.455297886	4.274415856	4.673542613	5.070602553	4.137695583	4.589975336
Birc3	BIRC3	3.602843836	3.83650285	4.145532614	3.759393139	4.06407965	3.956906946
Birc6	BIRC6	5.303241568	4.935621319	5.645304244	4.958614196	4.949386997	4.677961688
Blcap	BLCAP	4.091264967	5.008278679	4.299146326	4.59267106	4.902360024	4.54369877
Blmh	BLMH	4.711088618	4.598618344	4.436203012	4.340586378	4.001799157	4.098370521
Bloc1s1	BLOC1S1	2.292228873	4.274415856	4.145532614	4.293360774	4.272990782	4.394213984
Bloc1s2	BLOC1S2	4.938004346	4.274415856	4.673542613	4.340586378	4.108777455	4.098370521
Bloc1s4	BLOC1S4	3.602843836	4.145159234	4.145532614	4.193286682	4.094059111	4.284033266
Bloc1s5	BLOC1S5	3.602843836	4.145159234	4.299146326	3.900470853	4.108777455	4.163379181
Bloc1s6	BLOC1S6	4.711088618	4.145159234	3.510146324	4.140084684	3.884290412	3.608305404
Blvrb	BLVRB	6.130250267	6.183831903	6.647907453	5.822177099	6.073605516	6.11118803
Bmi1	BMI1	2.292228873	3.408987266	3.763912372	3.900470853	3.627507726	3.879313446
Bmp1	BMP1	6.130250267	5.48320442	5.698190108	6.365625805	5.803628455	5.580978012
Bmp2	BMP2	2.292228873	3.091498835	3.165820411	3.292857758	3.649551982	4.029715045
Bmp2k	BMP2K	2.292228873	3.408987266	3.970060753	4.084488666	3.6711476	3.879313446
Bmp7	BMP7	2.292228873	3.091498835	3.165820411	4.702701458	2.553320274	4.163379181
Bmpr1a	BMPR1A	4.938004346	4.858895188	4.965627447	4.702701458	4.285753821	4.340305924
Bmpr2	BMPR2	4.091264967	4.274415856	4.145532614	4.38613548	4.418340269	4.284033266
Bms1	BMS1	2.292228873	3.83650285	3.970060753	3.965024055	3.692316346	3.796124561
Bmt2	BMT2	4.437863651	4.274415856	4.436203012	4.140084684	3.713078272	4.163379181
Bnip1	BNIP1	2.292228873	4.000784638	3.970060753	4.667021062	4.247072608	4.225153074
Bnip2	BNIP2	5.592511033	4.858895188	4.673542613	5.097235377	4.853657745	5.258552798
Bnip3	BNIP3	3.602843836	4.000784638	4.560188889	4.140084684	4.677405762	4.394213984
Bod1l	BOD1L1	3.602843836	3.408987266	3.763912372	3.681556414	3.604991145	4.163379181
Bok	BOK	4.091264967	4.858895188	3.763912372	4.026238469	3.811388859	3.956906946
Bola1	BOLA1	3.602843836	4.274415856	4.560188889	4.293360774	4.549036926	4.760526782
Bola2	BOLA2B	3.602843836	6.08848473	5.130626579	5.043446632	4.878226113	5.313237834
Bola3	BOLA3	4.437863651	4.935621319	4.299146326	4.140084684	4.803149344	4.9817748
Bop1	BOP1	3.602843836	3.83650285	4.299146326	4.084488666	4.151904426	3.706273732
Borcs6	BORCS6	4.437863651	3.64434534	3.510146324	3.900470853	3.936095152	4.340305924
Borcs7	BORCS7	2.292228873	3.408987266	3.970060753	3.506312947	3.753454394	4.029715045
Borcs8	BORCS8	5.132612588	4.274415856	4.436203012	4.55387734	4.383512751	4.225153074
Bphl	BPHL	5.303241568	5.671450398	4.965627447	5.403782997	5.969434512	5.64596224
Bpnt1	BPNT1	4.437863651	4.858895188	4.299146326	4.472692728	5.038869068	4.799989364
Bptf	BPTF	5.592511033	4.598618344	4.560188889	4.737459092	4.506901571	4.54369877
Brap	BRAP	4.091264967	4.598618344	4.965627447	4.513911063	4.247072608	4.284033266
Brat1	BRAT1	3.602843836	3.64434534	4.299146326	3.965024055	3.830055489	3.608305404
Brd1	BRD1	5.303241568	5.143029108	5.130626579	4.929131951	4.714545298	4.947299018
Brd2	BRD2	4.437863651	5.714842213	4.436203012	5.123365638	4.853657745	5.17228453
Brd3	BRD3	3.602843836	5.143029108	4.436203012	4.472692728	4.528137589	4.495741634
Brd4	BRD4	5.717571651	5.671450398	5.590365196	5.790321307	5.562294211	5.391457635
Brd7	BRD7	3.602843836	3.83650285	4.673542613	3.900470853	3.773101672	3.796124561
Brd8	BRD8	4.938004346	4.777589417	5.130626579	5.293696035	4.441050082	4.634693451
Brd9	BRD9	4.091264967	3.64434534	2.292228873	3.681556414	3.375808356	4.098370521
Brf1	BRF1	4.437863651	4.49923408	4.145532614	5.015745746	4.260098036	4.163379181
Bri3	BRI3	5.455297886	6.214251337	6.178245225	5.619339583	5.739390898	5.2861627
Bri3bp	BRI3BP	5.132612588	5.077294272	4.673542613	5.097235377	4.853657745	4.9817748
Brix1	BRIX1	4.437863651	4.274415856	4.436203012	3.900470853	3.866495286	4.163379181
Brk1	BRK1	5.592511033	5.265846922	4.87505964	4.630363967	4.878226113	4.634693451
Brms1	BRMS1	4.711088618	4.49923408	4.778048871	3.832119018	4.310902149	4.495741634
Brms1l	BRMS1L	4.091264967	4.000784638	3.510146324	3.162995548	3.375808356	3.956906946
Brpf1	BRPF1	4.437863651	3.64434534	3.763912372	4.140084684	4.359761994	4.677961688
Brpf3	BRPF3	4.437863651	5.205791466	4.673542613	4.771343338	4.485316891	4.719877086
Brwd1	BRWD1	5.717571651	5.431937627	5.53320357	5.525421762	4.837029207	5.339799106
Brwd3	BRWD3	4.437863651	4.145159234	3.970060753	3.759393139	3.830055489	4.225153074
Bscl2	BSCL2	3.602843836	4.598618344	4.673542613	4.38613548	5.067450382	4.799989364
Bsdc1	BSDC1	4.711088618	5.532670511	4.560188889	5.015745746	5.20853125	4.838335991
Bsg	BSG	6.769803104	5.950559801	5.206296207	6.080723161	7.468559455	6.214239963
Bst2	BST2	7.901376646	8.292495669	7.578328327	7.380220389	8.58879933	8.038776411
Btaf1	BTAF1	4.437863651	4.274415856	4.145532614	3.900470853	3.901815905	3.879313446
Btbd2	BTBD2	3.602843836	3.83650285	4.299146326	4.340586378	4.033341529	4.029715045
Btbd6	BTBD6	4.091264967	4.145159234	2.292228873	4.140084684	3.627507726	3.706273732
Btbd9	BTBD9	4.711088618	4.000784638	3.970060753	3.900470853	3.604991145	4.284033266
Btd	BTD	5.303241568	4.858895188	4.778048871	4.836669376	4.957070321	4.875631332
Btf3	BTF3	4.091264967	4.49923408	4.145532614	4.084488666	4.686787391	3.500138199
Btg1	BTG1	2.292228873	4.691084662	4.145532614	4.193286682	4.193580519	3.796124561
Btg2	BTG2	6.037737533	5.580460698	5.473627628	6.418459489	6.157683781	6.242368791
Btrc	BTRC	4.437863651	3.83650285	3.510146324	3.900470853	3.773101672	3.879313446
Bub3	BUB3	3.602843836	3.83650285	2.292228873	4.026238469	4.371692044	3.956906946
Bud13	BUD13	3.602843836	3.64434534	3.510146324	3.681556414	3.753454394	4.225153074
Bud23	BUD23	4.091264967	4.691084662	4.145532614	4.513911063	4.496153589	4.098370521
Bud31	BUD31	4.437863651	5.008278679	3.763912372	4.193286682	4.648860167	4.634693451
Bysl	BYSL	3.602843836	4.274415856	3.510146324	3.681556414	3.866495286	4.225153074
Bzw1	BZW1	5.303241568	5.48320442	5.278065415	4.193286682	5.252547451	4.799989364
AI837181	C11orf68	4.437863651	4.39170543	4.299146326	3.832119018	4.033341529	4.163379181
Grcc10	C12orf57	4.938004346	5.431937627	5.346327862	5.070602553	5.53218674	5.391457635
BC031181	C18orf32	4.437863651	4.691084662	4.673542613	4.340586378	4.972309166	4.495741634
D8Ertd738e	C19orf53	5.132612588	5.75694536	5.473627628	5.223230826	5.625405558	5.983520849
C1d	C1D	4.938004346	4.858895188	4.87505964	3.681556414	4.441050082	4.54369877
C1galt1	C1GALT1	4.091264967	5.008278679	4.87505964	4.293360774	4.452258194	4.284033266
C1galt1c1	C1GALT1C1	4.938004346	3.83650285	4.145532614	3.597638182	4.06407965	3.956906946
AU022252	C1orf50	4.091264967	4.000784638	4.436203012	4.084488666	4.768401571	4.719877086
C1qa	C1QA	2.292228873	3.83650285	3.970060753	3.832119018	4.165952177	3.069261795
C1qb	C1QB	3.602843836	5.205791466	5.206296207	4.86819141	5.33078407	4.340305924
C1ra	C1R	6.711290956	6.737843052	6.536923513	6.054205207	7.323841777	6.485180904
C1rl	C1RL	5.832489373	6.301810971	5.845954352	6.518620974	6.91783301	6.542786317
C1s1	C1S	7.547816653	7.757178914	7.249874087	7.492617981	7.865981702	7.438038286
C2	C2	6.217134759	6.462339939	6.7509247	6.439059386	6.467734648	6.048781729
C2cd2	C2CD2	6.037737533	4.858895188	5.411419086	5.070602553	5.410421261	4.911934359
C2cd2l	C2CD2L	5.132612588	4.598618344	4.965627447	5.445508409	5.582014991	5.48940264
C3	C3	11.07737926	12.23435197	12.1296688	11.03977271	12.39532354	12.26725909
C4b	C4B	8.732120331	9.588867213	10.03661939	10.25480266	10.2338223	10.12788903
C4bp	C4BPA	8.050190558	8.414913828	8.534407337	7.900762051	8.387954967	8.062543813
Hc	C5	7.901376646	7.650424139	8.406396767	7.986991434	8.553403198	8.161235386
C6	C6	6.037737533	6.629398806	6.775564702	5.971559188	6.300543926	5.535933184
AI661453	C6orf132	3.602843836	4.598618344	3.970060753	3.832119018	4.53862862	3.956906946
D17H6S53E	C6orf47	4.091264967	4.39170543	3.763912372	4.630363967	4.335564778	4.394213984
BC005537	C6orf62	6.376515331	6.48742995	5.891980982	5.853334489	6.024264888	5.949734918
C8a	C8A	6.586589754	7.088335588	7.232198029	7.234982445	8.728867583	7.891733674
C8b	C8B	6.376515331	6.055233373	6.140700639	4.472692728	6.726905827	6.064640927
C8g	C8G	7.70579342	7.605404744	7.699002031	8.018042528	8.290495507	8.002374086
C9	C9	6.982592848	7.767432018	7.686082171	5.338773759	7.215471868	6.952621462
BC005624	C9orf78	3.602843836	4.691084662	4.778048871	4.430133851	4.298390021	4.54369877
Car14	CA14	5.717571651	4.598618344	4.560188889	3.597638182	4.794545591	3.796124561
Car3	CA3	7.73541199	7.004058315	7.46185964	6.144940357	7.16455855	6.283551535
Car5a	CA5A	4.711088618	5.008278679	4.673542613	4.958614196	5.354002693	5.365866194
Car8	CA8	5.592511033	5.323426062	4.87505964	5.465915875	5.382495462	5.728212593
Caap1	CAAP1	2.292228873	4.145159234	3.970060753	3.759393139	3.6711476	4.029715045
Cab39	CAB39	3.602843836	5.3787305	5.206296207	5.382446192	5.527105777	5.708093218
Cab39l	CAB39L	3.602843836	4.274415856	3.510146324	3.597638182	4.033341529	4.029715045
Cabin1	CABIN1	4.437863651	4.000784638	3.763912372	4.140084684	4.123321403	4.340305924
Cables2	CABLES2	4.091264967	4.000784638	3.763912372	4.244315549	4.371692044	4.911934359
Cacfd1	CACFD1	4.938004346	4.145159234	4.87505964	5.853334489	5.195695557	5.339799106
Cacna1b	CACNA1B	2.292228873	2.292228873	2.292228873	5.898826989	3.108084759	3.608305404
Cactin	CACTIN	3.602843836	3.64434534	3.510146324	4.140084684	3.792408556	4.098370521
Cacul1	CACUL1	4.091264967	4.274415856	4.299146326	4.430133851	4.335564778	4.029715045
Cad	CAD	3.602843836	4.000784638	3.970060753	3.506312947	3.509645067	4.098370521
Cadm1	CADM1	4.711088618	4.274415856	4.560188889	4.38613548	4.926075331	4.799989364
Calcoco1	CALCOCO1	4.938004346	4.145159234	5.130626579	4.59267106	4.56961092	4.677961688
Cald1	CALD1	7.167920699	7.301016857	6.285303664	6.428796444	7.518812745	7.058962327
Calm3	CALM1	4.711088618	4.777589417	5.206296207	4.899001256	5.214905008	4.634693451
Calr	CALR	6.519926337	6.560169428	7.001192958	6.253725688	7.748891773	7.702977907
Calu	CALU	3.602843836	4.39170543	4.145532614	4.340586378	4.179842907	4.225153074
Camk1	CAMK1	4.091264967	3.83650285	4.145532614	4.472692728	3.713078272	3.879313446
Camk1d	CAMK1D	5.303241568	4.691084662	5.050590043	5.338773759	5.480533817	5.48940264
Camk2b	CAMK2B	5.132612588	4.49923408	5.130626579	4.737459092	3.733451903	3.706273732
Camk2g	CAMK2G	4.437863651	3.83650285	3.763912372	3.965024055	3.431616404	3.500138199
Camk2n1	CAMK2N1	5.303241568	6.436803053	6.47803707	7.33158584	6.622180998	6.918253932
Caml	CAMLG	3.602843836	4.39170543	3.970060753	4.140084684	4.714545298	4.760526782
Camsap3	CAMSAP3	4.091264967	4.000784638	3.763912372	4.513911063	3.936095152	3.706273732
Camta2	CAMTA2	5.303241568	4.777589417	4.778048871	5.123365638	4.741742161	5.048238323
Cand1	CAND1	4.091264967	4.49923408	3.970060753	3.832119018	4.137695583	3.879313446
Cant1	CANT1	5.455297886	5.008278679	5.346327862	5.247116631	5.246343831	5.2861627
Canx	CANX	5.592511033	5.913887648	6.062515049	5.149012642	6.104446928	5.767614962
Cap1	CAP1	4.437863651	4.274415856	4.299146326	4.340586378	5.002289206	4.799989364
Capn1	CAPN1	4.711088618	4.000784638	4.145532614	4.293360774	4.108777455	3.879313446
Capn10	CAPN10	5.132612588	4.598618344	5.206296207	4.771343338	4.861896491	5.201638223
Capn15	CAPN15	3.602843836	4.145159234	4.778048871	4.340586378	3.985710867	4.163379181
Capn2	CAPN2	5.303241568	5.143029108	4.560188889	5.015745746	5.176217313	5.580978012
Capn7	CAPN7	4.437863651	3.83650285	3.970060753	4.140084684	3.866495286	4.029715045
Capns1	CAPNS1	4.711088618	5.205791466	5.130626579	4.667021062	5.009683266	4.589975336
Caprin1	CAPRIN1	4.711088618	4.145159234	4.560188889	4.430133851	4.47438987	4.54369877
Capzb	CAPZB	4.091264967	4.598618344	4.299146326	4.513911063	5.169663478	4.799989364
Card10	CARD10	4.938004346	5.143029108	5.53320357	5.999643414	4.658443166	4.911934359
Card19	CARD19	4.091264967	3.83650285	3.510146324	3.900470853	3.627507726	3.879313446
Card6	CARD6	2.292228873	4.145159234	3.165820411	3.292857758	3.509645067	4.029715045
Carhsp1	CARHSP1	4.938004346	6.055233373	5.473627628	4.987476573	5.586902468	5.558635233
Carm1	CARM1	2.292228873	3.408987266	3.510146324	4.513911063	4.137695583	4.163379181
Carmil1	CARMIL1	3.602843836	3.64434534	2.292228873	4.244315549	4.001799157	3.879313446
Cars2	CARS2	4.091264967	3.64434534	4.436203012	4.702701458	3.969402258	3.796124561
Casc3	CASC3	4.091264967	5.431937627	5.130626579	4.771343338	4.165952177	4.634693451
Caskin2	CASKIN2	5.132612588	4.145159234	4.436203012	4.513911063	4.193580519	4.634693451
Casp3	CASP3	3.602843836	3.091498835	4.299146326	3.681556414	3.866495286	3.956906946
Casp6	CASP6	2.292228873	3.64434534	3.763912372	4.38613548	3.866495286	3.378600384
Casp7	CASP7	2.292228873	4.145159234	4.145532614	4.084488666	4.094059111	4.098370521
Casp8	CASP8	3.602843836	3.83650285	3.970060753	4.667021062	4.220611239	4.029715045
Casp9	CASP9	3.602843836	3.64434534	3.510146324	4.026238469	3.985710867	3.608305404
Cast	CAST	4.091264967	4.598618344	4.965627447	4.55387734	5.169663478	4.838335991
Cat	CAT	8.366330679	8.975160693	9.166078628	7.840269898	9.1123431	8.31754577
Cbfa2t2	CBFA2T2	3.602843836	3.83650285	3.970060753	4.026238469	3.773101672	3.608305404
Cbfb	CBFB	4.091264967	4.39170543	4.299146326	4.667021062	4.429744728	4.677961688
Cblb	CBLB	4.938004346	4.777589417	4.299146326	4.084488666	4.151904426	4.225153074
Cblc	CBLC	5.455297886	4.691084662	5.473627628	4.958614196	4.485316891	4.163379181
Cbll1	CBLL1	2.292228873	3.091498835	3.165820411	3.832119018	3.252644226	2.84495281
Cbr1	CBR1	4.711088618	4.935621319	5.130626579	4.86819141	4.732737389	4.719877086
Cbr3	CBR3	4.437863651	3.64434534	5.130626579	3.162995548	3.713078272	3.879313446
Cbr4	CBR4	2.292228873	3.83650285	4.560188889	4.140084684	4.193580519	4.44596579
Cbs	CBS	6.880131208	7.409784949	6.250500172	6.408047441	7.458030791	7.291452162
Cbx1	CBX1	4.711088618	3.83650285	4.299146326	3.832119018	3.830055489	4.225153074
Cbx4	CBX4	4.437863651	4.49923408	3.970060753	4.513911063	4.441050082	4.44596579
Cbx5	CBX5	4.091264967	3.408987266	4.436203012	3.506312947	3.848420524	4.225153074
Cc2d1a	CC2D1A	4.091264967	4.000784638	4.673542613	3.832119018	3.969402258	4.098370521
Ccar1	CCAR1	4.711088618	4.858895188	4.299146326	5.316416351	4.648860167	5.142297742
Ccar2	CCAR2	4.091264967	3.83650285	3.763912372	4.193286682	4.310902149	4.44596579
Ccdc107	CCDC107	5.592511033	6.055233373	5.278065415	5.316416351	5.799435188	5.624630897
Ccdc117	CCDC117	4.437863651	4.000784638	4.87505964	3.900470853	4.179842907	4.225153074
Ccdc12	CCDC12	2.292228873	4.49923408	4.673542613	4.430133851	4.395226294	4.495741634
Ccdc120	CCDC120	4.938004346	4.691084662	3.510146324	4.59267106	3.952866194	3.879313446
Ccdc124	CCDC124	5.832489373	5.431937627	5.590365196	5.198928573	5.453979345	5.966728005
Ccdc125	CCDC125	4.091264967	3.83650285	4.145532614	5.043446632	4.285753821	4.394213984
Ccdc137	CCDC137	4.711088618	4.000784638	3.970060753	3.832119018	3.534336095	3.879313446
Ccdc141	CCDC141	4.711088618	4.49923408	4.673542613	5.070602553	4.910310882	5.015407237
Ccdc142	CCDC142	4.437863651	3.408987266	3.763912372	4.293360774	3.146804666	3.378600384
Ccdc149	CCDC149	4.091264967	4.000784638	4.436203012	4.193286682	3.604991145	3.608305404
Ccdc159	CCDC159	3.602843836	3.091498835	4.145532614	4.899001256	3.509645067	4.284033266
Ccdc167	CCDC167	4.711088618	3.83650285	2.292228873	3.506312947	3.733451903	3.956906946
Ccdc174	CCDC174	4.711088618	3.83650285	3.510146324	3.832119018	3.830055489	4.029715045
Ccdc191	CCDC191	5.132612588	4.39170543	3.510146324	4.293360774	3.484323889	4.029715045
Ccdc22	CCDC22	4.091264967	4.274415856	4.436203012	3.900470853	4.07916153	4.284033266
Ccdc25	CCDC25	4.437863651	4.274415856	4.145532614	3.405683862	4.323292875	4.284033266
Ccdc28a	CCDC28A	5.455297886	4.145159234	4.965627447	4.836669376	4.06407965	4.760526782
Ccdc43	CCDC43	4.091264967	4.145159234	3.763912372	3.506312947	3.733451903	4.098370521
Ccdc47	CCDC47	6.711290956	5.986311642	5.346327862	5.6728344	6.134636359	5.879659457
Ccdc50	CCDC50	5.455297886	4.691084662	4.560188889	4.513911063	4.47438987	4.225153074
Ccdc59	CCDC59	4.938004346	4.145159234	3.510146324	4.430133851	4.137695583	4.394213984
Ccdc6	CCDC6	5.455297886	5.008278679	4.299146326	5.123365638	4.803149344	5.416590921
Ccdc61	CCDC61	3.602843836	4.145159234	3.165820411	4.026238469	3.509645067	3.378600384
Ccdc71	CCDC71	4.091264967	4.000784638	2.292228873	3.506312947	3.985710867	4.029715045
Ccdc71l	CCDC71L	2.292228873	3.83650285	4.299146326	4.084488666	4.017673899	3.956906946
Ccdc85b	CCDC85B	4.437863651	3.64434534	3.165820411	4.340586378	3.848420524	4.340305924
Ccdc85c	CCDC85C	5.592511033	5.143029108	4.145532614	4.737459092	4.371692044	4.225153074
Ccdc86	CCDC86	5.132612588	4.39170543	4.436203012	3.832119018	4.23391141	4.284033266
Ccdc88c	CCDC88C	2.292228873	2.292228873	3.165820411	4.084488666	3.285101813	2.292228873
Ccdc9	CCDC9	5.455297886	5.008278679	4.778048871	4.59267106	4.57977929	4.44596579
Ccdc91	CCDC91	4.091264967	4.49923408	4.145532614	4.472692728	4.335564778	4.495741634
Ccdc93	CCDC93	4.437863651	4.39170543	4.436203012	4.193286682	3.773101672	3.956906946
Ccdc97	CCDC97	4.711088618	4.145159234	4.436203012	4.140084684	4.048808169	4.495741634
Ccl9	CCL23	4.711088618	6.838672662	4.778048871	5.070602553	5.869090868	5.512859863
Ccm2	CCM2	4.091264967	4.39170543	3.970060753	4.55387734	4.359761994	3.879313446
Ccn1	CCN1	4.711088618	5.714842213	4.673542613	5.293696035	4.001799157	4.029715045
Ccn2	CCN2	2.292228873	3.091498835	3.763912372	4.244315549	3.692316346	3.956906946
Ccnd1	CCND1	4.437863651	4.49923408	4.299146326	4.55387734	4.609825279	5.230385876
Ccnd3	CCND3	3.602843836	3.83650285	3.510146324	4.193286682	4.165952177	4.163379181
Ccndbp1	CCNDBP1	3.602843836	3.83650285	3.763912372	3.832119018	4.123321403	4.029715045
Ccng1	CCNG1	5.832489373	4.858895188	4.436203012	4.193286682	4.406834785	4.44596579
Ccng2	CCNG2	3.602843836	3.64434534	4.145532614	3.965024055	3.811388859	3.608305404
Ccni	CCNI	5.132612588	5.986311642	5.645304244	5.65522648	5.653610283	5.512859863
Ccnk	CCNK	4.437863651	4.145159234	3.970060753	4.244315549	4.285753821	4.394213984
Ccnl1	CCNL1	4.938004346	5.75694536	4.778048871	5.360779987	5.562294211	5.441282574
Ccnl2	CCNL2	7.07823846	5.837581133	6.725854739	7.086522413	6.394902294	6.672278765
Ccnt1	CCNT1	4.711088618	4.145159234	4.560188889	4.026238469	4.017673899	3.796124561
Ccnt2	CCNT2	4.437863651	5.431937627	4.965627447	4.987476573	4.979865668	4.9817748
Ccny	CCNY	4.938004346	5.205791466	4.778048871	4.140084684	4.853657745	4.677961688
Ccpg1	CCPG1	3.602843836	4.935621319	4.87505964	4.836669376	4.987380864	4.719877086
Ccs	CCS	6.376515331	6.244037217	6.507782463	5.445508409	6.06666044	5.879659457
Ccser2	CCSER2	5.303241568	4.777589417	4.436203012	4.430133851	4.59988523	4.029715045
Cct2	CCT2	4.091264967	4.691084662	4.145532614	4.026238469	4.151904426	4.284033266
Cct3	CCT3	4.091264967	4.274415856	4.560188889	3.965024055	4.496153589	4.760526782
Cct5	CCT5	2.292228873	4.39170543	3.763912372	3.597638182	3.969402258	4.163379181
Cct6a	CCT6A	4.711088618	4.691084662	4.778048871	4.084488666	4.53862862	4.719877086
Cct7	CCT7	3.602843836	3.64434534	3.763912372	3.506312947	4.094059111	4.495741634
Cct8	CCT8	4.711088618	4.777589417	3.970060753	3.965024055	4.298390021	4.225153074
Ccz1	CCZ1	4.437863651	4.777589417	4.436203012	4.026238469	3.901815905	4.284033266
Cd14	CD14	5.455297886	4.691084662	4.299146326	4.899001256	3.969402258	3.956906946
Cd151	CD151	5.303241568	4.777589417	5.278065415	5.445508409	5.586902468	5.416590921
Cd164	CD164	6.650293701	6.799185642	6.725854739	6.766762906	7.550128175	7.298145558
Cd1d1	CD1D	5.592511033	5.077294272	4.965627447	4.293360774	5.20853125	4.225153074
Cd276	CD276	4.437863651	3.408987266	4.145532614	4.293360774	3.830055489	3.069261795
Cd2ap	CD2AP	5.303241568	5.431937627	3.970060753	4.804399523	4.463370872	4.589975336
Cd2bp2	CD2BP2	2.292228873	5.3787305	4.778048871	5.070602553	4.359761994	4.284033266
Cd300a	CD300A	2.292228873	3.408987266	3.165820411	3.832119018	3.183661984	3.238392553
Cd302	CD302	6.037737533	6.15275112	6.416628544	6.397559192	6.927413457	6.68256055
Cd320	CD320	2.292228873	3.091498835	2.292228873	3.832119018	3.830055489	3.796124561
Cd36	CD36	6.932274385	6.512088547	6.725854739	5.741156304	5.795229508	5.230385876
Cd38	CD38	2.292228873	2.292228873	3.165820411	3.965024055	3.604991145	3.378600384
Cd47	CD47	6.299041974	5.876245896	5.891980982	5.338773759	5.606285081	5.17228453
Cd59a	CD59	5.455297886	4.145159234	5.050590043	4.244315549	4.619691648	4.029715045
Cd5l	CD5L	2.292228873	4.858895188	4.673542613	6.18212939	6.094240296	4.677961688
Cd63	CD63	6.826025488	6.329846336	6.47803707	6.868854332	5.143134628	4.677961688
Cd74	CD74	5.455297886	7.547077327	7.810346894	6.20639525	5.721758183	6.032744293
Cd81	CD81	7.292764937	6.606691342	7.232198029	8.135962267	7.921621605	7.25062489
Cd82	CD82	5.938807313	6.560169428	6.250500172	6.067525764	6.312317973	6.375273516
Cd9	CD9	6.217134759	6.858016693	5.979796879	7.217240992	6.921672852	6.752543131
Cd99l2	CD99L2	4.711088618	3.83650285	4.673542613	4.55387734	4.359761994	4.340305924
Cda	CDA	3.602843836	4.000784638	3.165820411	4.084488666	4.193580519	4.284033266
Cdadc1	CDADC1	5.132612588	3.83650285	4.560188889	4.193286682	4.549036926	4.677961688
Cdan1	CDAN1	3.602843836	3.091498835	3.763912372	3.832119018	3.404129273	3.796124561
Cdc123	CDC123	5.303241568	4.145159234	4.436203012	4.340586378	4.619691648	4.340305924
Cdc14b	CDC14B	4.711088618	4.000784638	4.145532614	4.38613548	3.969402258	4.340305924
Cdc16	CDC16	2.292228873	3.64434534	2.292228873	3.900470853	3.558435071	3.378600384
Cdc23	CDC23	2.292228873	3.83650285	4.145532614	3.965024055	3.733451903	3.956906946
Cdc27	CDC27	3.602843836	3.83650285	3.510146324	4.084488666	4.048808169	3.500138199
Cdc34	CDC34	6.037737533	5.580460698	5.590365196	5.445508409	5.432368972	5.441282574
Cdc37	CDC37	5.303241568	5.077294272	5.278065415	5.247116631	5.227565727	5.142297742
Cdc37l1	CDC37L1	5.132612588	5.008278679	6.140700639	4.430133851	4.759573426	4.875631332
Cdc42	CDC42	3.602843836	4.274415856	4.560188889	4.140084684	4.165952177	4.225153074
Cdc42bpa	CDC42BPA	5.132612588	4.777589417	4.560188889	4.55387734	4.272990782	4.677961688
Cdc42bpb	CDC42BPB	5.132612588	5.3787305	5.749173232	5.942910413	5.336624897	5.535933184
Cdc42bpg	CDC42BPG	4.437863651	3.64434534	4.299146326	4.987476573	3.936095152	4.284033266
Cdc42ep1	CDC42EP1	5.303241568	5.532670511	5.590365196	5.525421762	5.102365673	5.142297742
Cdc42ep4	CDC42EP4	4.938004346	5.143029108	4.87505964	4.86819141	5.31311398	5.2861627
Cdc42se1	CDC42SE1	5.303241568	4.858895188	4.560188889	4.084488666	4.137695583	4.340305924
Cdc73	CDC73	2.292228873	4.49923408	4.145532614	4.026238469	4.151904426	3.706273732
Cdh1	CDH1	4.938004346	5.143029108	6.140700639	6.682978062	6.654869849	5.602972942
Cdh2	CDH2	5.303241568	5.75694536	5.936565594	5.707406928	6.141259356	6.032744293
Cdhr5	CDHR5	6.130250267	5.986311642	6.319280955	5.316416351	6.167448589	5.687684177
Cdip1	CDIP1	3.602843836	4.691084662	5.411419086	5.853334489	5.081522395	5.015407237
Cdipt	CDIPT	3.602843836	4.274415856	3.970060753	5.015745746	4.705356213	4.225153074
Cdk10	CDK10	4.938004346	4.598618344	4.560188889	4.472692728	4.06407965	4.098370521
Cdk11b	CDK11A	4.938004346	4.598618344	5.645304244	5.465915875	4.853657745	4.875631332
Cdk12	CDK12	6.037737533	4.274415856	5.53320357	4.55387734	4.828638107	4.719877086
Cdk13	CDK13	4.091264967	4.39170543	3.970060753	4.026238469	4.298390021	4.284033266
Cdk16	CDK16	5.132612588	4.49923408	5.050590043	4.771343338	4.732737389	5.17228453
Cdk17	CDK17	4.711088618	4.598618344	4.299146326	4.430133851	4.23391141	4.163379181
Cdk18	CDK18	5.455297886	5.3787305	5.050590043	4.667021062	4.902360024	5.048238323
Cdk19	CDK19	3.602843836	3.408987266	3.763912372	4.026238469	3.375808356	3.796124561
Cdk2	CDK2	3.602843836	2.292228873	2.292228873	3.681556414	3.218881094	3.956906946
Cdk20	CDK20	2.292228873	3.64434534	2.292228873	3.832119018	3.581976371	3.706273732
Cdk2ap2	CDK2AP2	4.091264967	5.323426062	5.278065415	5.293696035	5.40488035	5.80595311
Cdk4	CDK4	3.602843836	4.274415856	3.165820411	4.026238469	3.6711476	3.608305404
Cdk5	CDK5	4.711088618	4.145159234	4.673542613	4.430133851	4.165952177	4.340305924
Cdk5rap1	CDK5RAP1	3.602843836	3.83650285	4.145532614	3.900470853	3.753454394	4.029715045
Cdk5rap3	CDK5RAP3	6.376515331	5.671450398	5.979796879	5.724382011	5.485785141	5.879659457
Cdk6	CDK6	5.132612588	4.274415856	4.145532614	4.59267106	4.151904426	4.394213984
Cdk7	CDK7	4.091264967	4.000784638	4.436203012	4.193286682	3.830055489	3.796124561
Cdk8	CDK8	3.602843836	4.777589417	4.299146326	4.513911063	4.741742161	5.17228453
Cdk9	CDK9	4.437863651	4.858895188	4.673542613	5.123365638	4.964710879	4.634693451
Cdkal1	CDKAL1	4.091264967	4.598618344	4.436203012	4.140084684	4.359761994	4.44596579
Cdkn1a	CDKN1A	6.519926337	4.691084662	4.778048871	4.293360774	4.803149344	4.719877086
Cdkn1b	CDKN1B	4.938004346	4.935621319	4.436203012	4.55387734	4.878226113	4.284033266
Cdkn2aip	CDKN2AIP	4.437863651	4.274415856	3.970060753	4.026238469	3.901815905	3.956906946
Cdkn2c	CDKN2C	2.292228873	4.145159234	2.292228873	4.140084684	3.604991145	3.608305404
Cdo1	CDO1	6.769803104	7.89448156	7.724499369	6.1323258	7.75320311	6.752543131
Cds2	CDS2	6.450013302	5.580460698	5.698190108	5.445508409	5.861070999	5.687684177
Cdv3	CDV3	4.437863651	4.598618344	4.145532614	3.900470853	4.658443166	4.098370521
Cdyl	CDYL	4.091264967	3.83650285	4.145532614	4.737459092	4.123321403	4.44596579
Cebpa	CEBPA	7.252341272	8.197136481	7.913703537	7.19927816	7.927355425	7.737845631
Cebpb	CEBPB	7.613100024	7.958520746	7.798391615	6.537840396	7.404201183	8.218773252
Cebpd	CEBPD	2.292228873	3.83650285	3.763912372	3.832119018	4.07916153	4.284033266
Cebpe	CEBPE	4.437863651	4.145159234	4.299146326	4.026238469	3.952866194	3.500138199
Cebpg	CEBPG	5.303241568	4.935621319	5.278065415	4.55387734	5.176217313	5.111648885
Cebpzos	CEBPZOS	4.437863651	4.691084662	4.299146326	3.759393139	4.285753821	4.225153074
Cecr2	CECR2	4.091264967	3.64434534	3.510146324	4.293360774	3.901815905	4.163379181
Cela1	CELA1	4.091264967	3.091498835	3.970060753	4.667021062	4.359761994	4.54369877
Celf1	CELF1	4.711088618	4.274415856	4.560188889	4.836669376	5.009683266	4.838335991
Cenpb	CENPB	6.037737533	6.055233373	5.473627628	6.418459489	5.667504653	6.048781729
Cenpv	CENPV	3.602843836	4.49923408	4.436203012	4.38613548	4.452258194	4.44596579
Cep120	CEP120	4.437863651	4.49923408	3.763912372	4.084488666	3.919081189	3.796124561
Cep170	CEP170	4.437863651	3.64434534	4.673542613	4.737459092	4.193580519	4.44596579
Cep170b	CEP170B	3.602843836	4.935621319	4.299146326	4.702701458	4.845368866	5.015407237
Cep250	CEP250	4.091264967	4.598618344	3.970060753	4.026238469	3.484323889	3.879313446
Cep295	CEP295	2.292228873	3.091498835	3.970060753	4.026238469	3.375808356	3.608305404
Cep350	CEP350	4.091264967	4.777589417	4.436203012	4.430133851	4.395226294	4.54369877
Cep44	CEP44	4.711088618	4.598618344	4.560188889	4.244315549	3.936095152	3.956906946
Cep57	CEP57	2.292228873	3.64434534	3.165820411	3.965024055	3.458330152	3.706273732
Cep63	CEP63	3.602843836	3.83650285	3.763912372	3.965024055	3.692316346	3.879313446
Cep83	CEP83	3.602843836	3.408987266	3.763912372	3.965024055	3.604991145	4.098370521
Cep85	CEP85	5.132612588	5.580460698	5.130626579	5.403782997	5.415940405	5.391457635
Cep85l	CEP85L	5.132612588	4.39170543	4.299146326	4.836669376	4.902360024	5.111648885
Cep95	CEP95	3.602843836	3.83650285	3.165820411	3.900470853	3.285101813	2.84495281
Cept1	CEPT1	5.132612588	5.143029108	5.590365196	5.070602553	5.376843017	5.48940264
Cers2	CERS2	6.299041974	6.15275112	6.384908669	6.45936745	6.652559452	6.228373518
Cers6	CERS6	5.132612588	4.145159234	4.436203012	6.1323258	5.547320755	5.879659457
Ces1c	CES1	8.732120331	8.698160642	9.166078628	8.912313017	10.14478839	9.052146136
Ces2a	CES2	7.292764937	7.369953353	6.847046914	5.999643414	5.950678809	5.966728005
Ces3a	CES3	9.203884203	9.511716897	10.06681995	7.805093183	9.027272309	8.356517388
Cfap20	CFAP20	4.091264967	4.598618344	4.673542613	4.737459092	4.696103889	4.589975336
Cfap298	CFAP298	2.292228873	4.777589417	4.436203012	3.597638182	4.151904426	4.284033266
Cfap410	CFAP410	2.292228873	3.83650285	2.292228873	3.965024055	3.252644226	3.378600384
Cfb	CFB	9.296169289	9.41724698	9.579660561	9.603510376	9.946674627	9.790012614
Cfdp1	CFDP1	4.938004346	5.143029108	4.673542613	4.026238469	4.894362663	5.142297742
Cfhr1	CFHR2	6.130250267	6.055233373	6.565484421	5.223230826	6.006221354	5.843283838
Cfi	CFI	7.370359234	8.219708814	8.333727007	9.153510581	9.422785044	8.717462149
Cfl1	CFL1	4.437863651	6.055233373	4.965627447	4.836669376	5.620649619	5.824741032
Cfl2	CFL2	2.292228873	4.598618344	4.778048871	4.38613548	3.969402258	4.163379181
Cflar	CFLAR	4.938004346	5.008278679	5.645304244	5.174194573	4.918215799	4.9817748
Cfp	CFP	2.292228873	4.145159234	3.763912372	4.513911063	4.47438987	3.500138199
Cggbp1	CGGBP1	5.132612588	4.691084662	4.560188889	4.38613548	4.803149344	4.760526782
Cgn	CGN	3.602843836	5.580460698	4.560188889	4.987476573	5.258723621	5.111648885
Cgnl1	CGNL1	4.437863651	5.3787305	5.473627628	5.198928573	5.195695557	5.512859863
Cgref1	CGREF1	4.711088618	4.274415856	4.560188889	3.759393139	3.952866194	4.284033266
Cgrrf1	CGRRF1	4.938004346	4.39170543	4.145532614	3.965024055	4.359761994	4.029715045
Chac2	CHAC2	2.292228873	4.000784638	4.299146326	3.832119018	3.811388859	4.098370521
Chchd1	CHCHD1	4.711088618	4.49923408	3.970060753	3.759393139	4.335564778	4.284033266
Chchd10	CHCHD10	7.252341272	8.263820297	7.711807089	6.733833014	7.976115797	7.795723698
Chchd2	CHCHD2	6.217134759	6.758582931	6.70033948	5.360779987	5.820278847	6.170981327
Chchd3	CHCHD3	6.299041974	5.797835345	5.53320357	5.563741544	6.013466183	5.966728005
Chchd5	CHCHD5	4.091264967	4.000784638	3.970060753	4.293360774	4.07916153	3.956906946
Chchd7	CHCHD7	2.292228873	3.408987266	2.292228873	3.832119018	4.033341529	4.098370521
Chd1	CHD1	3.602843836	4.274415856	4.965627447	5.015745746	4.658443166	5.080306881
Chd1l	CHD1L	4.711088618	4.145159234	4.299146326	4.084488666	3.848420524	3.879313446
Chd2	CHD2	5.832489373	4.777589417	5.206296207	5.338773759	4.853657745	5.17228453
Chd3	CHD3	5.303241568	5.3787305	5.749173232	6.194313797	5.527105777	6.256228482
Chd4	CHD4	4.437863651	5.48320442	4.436203012	4.702701458	4.696103889	4.760526782
Chd6	CHD6	4.711088618	4.39170543	4.436203012	4.340586378	3.866495286	4.225153074
Chd7	CHD7	4.711088618	4.39170543	4.145532614	4.244315549	4.23391141	4.54369877
Chd8	CHD8	3.602843836	3.83650285	4.299146326	3.832119018	4.165952177	4.029715045
Chdh	CHDH	5.832489373	6.536330397	6.507782463	5.868660856	6.347070134	6.095840312
Cherp	CHERP	4.938004346	4.39170543	4.299146326	4.86819141	4.485316891	4.54369877
Chfr	CHFR	4.938004346	4.598618344	4.560188889	4.630363967	4.06407965	4.394213984
Chic2	CHIC2	4.091264967	4.000784638	4.560188889	4.140084684	3.936095152	4.394213984
Chid1	CHID1	4.437863651	4.39170543	5.130626579	5.097235377	5.009683266	5.015407237
Chka	CHKA	6.769803104	6.48742995	5.346327862	7.150251644	6.111211047	6.141397425
Chkb	CHKB	5.717571651	5.876245896	6.674362744	6.469414622	5.176217313	5.748050545
Chm	CHM	4.091264967	4.274415856	4.436203012	3.759393139	4.07916153	4.098370521
Chmp1a	CHMP1A	4.091264967	5.265846922	4.560188889	5.149012642	5.017037848	5.201638223
Chmp1b	CHMP1B	5.132612588	5.205791466	4.436203012	4.472692728	4.933890021	4.947299018
Chmp2a	CHMP2A	3.602843836	4.274415856	4.778048871	3.900470853	4.57977929	4.719877086
Chmp2b	CHMP2B	3.602843836	4.598618344	4.145532614	4.026238469	4.193580519	4.163379181
Chmp3	CHMP3	5.132612588	5.3787305	4.436203012	4.899001256	5.116088944	5.2861627
Chmp4b	CHMP4B	3.602843836	4.274415856	4.299146326	3.292857758	4.53862862	5.048238323
Chmp5	CHMP5	4.437863651	5.008278679	4.673542613	4.140084684	4.894362663	4.760526782
Chmp6	CHMP6	4.091264967	4.39170543	3.763912372	4.899001256	4.803149344	5.111648885
Chmp7	CHMP7	4.437863651	4.691084662	5.206296207	4.836669376	5.246343831	4.9817748
Chn2	CHN2	3.602843836	4.000784638	4.145532614	4.737459092	4.686787391	4.799989364
Chordc1	CHORDC1	4.711088618	3.64434534	4.560188889	4.340586378	4.07916153	4.225153074
Chp1	CHP1	5.592511033	6.055233373	6.250500172	5.619339583	6.369778443	6.199965341
Chpf	CHPF	5.455297886	3.83650285	4.299146326	3.759393139	3.375808356	3.956906946
Chpf2	CHPF2	5.717571651	5.205791466	5.130626579	4.929131951	5.109244296	5.441282574
Chpt1	CHPT1	5.832489373	5.626687005	6.250500172	5.015745746	5.582014991	5.64596224
Chrac1	CHRAC1	2.292228873	4.598618344	4.145532614	3.506312947	3.830055489	3.500138199
Chrd	CHRD	4.091264967	3.83650285	4.299146326	4.140084684	3.458330152	3.796124561
Chrna4	CHRNA4	4.938004346	4.274415856	3.165820411	5.563741544	4.506901571	5.535933184
Chst13	CHST13	4.091264967	4.39170543	4.299146326	4.804399523	4.496153589	4.875631332
Chsy3	CHSY3	3.602843836	3.091498835	2.292228873	4.55387734	4.048808169	4.719877086
Chtop	CHTOP	4.437863651	5.008278679	4.965627447	4.59267106	4.949386997	4.947299018
Chuk	CHUK	5.303241568	4.858895188	5.206296207	5.097235377	5.038869068	5.441282574
Ciao1	CIAO1	4.711088618	4.598618344	3.510146324	3.900470853	4.310902149	4.394213984
Ciao2a	CIAO2A	4.437863651	5.580460698	4.778048871	4.987476573	5.252547451	5.416590921
Ciao2b	CIAO2B	4.711088618	3.408987266	3.970060753	3.965024055	3.936095152	3.879313446
Ciao3	CIAO3	4.437863651	4.145159234	3.763912372	3.506312947	3.901815905	3.956906946
Ciapin1	CIAPIN1	4.938004346	5.077294272	4.560188889	4.340586378	4.310902149	4.44596579
Cib1	CIB1	2.292228873	4.274415856	3.763912372	4.084488666	4.686787391	4.589975336
Cib3	CIB3	5.455297886	5.876245896	6.980158106	5.043446632	4.260098036	3.069261795
Cic	CIC	3.602843836	4.000784638	3.165820411	4.472692728	4.47438987	4.340305924
Cidea	CIDEA	2.292228873	2.292228873	2.292228873	4.140084684	3.218881094	3.378600384
Cideb	CIDEB	7.443985712	7.301016857	7.301636339	7.437515243	7.504815331	6.918253932
Cidec	CIDEC	4.711088618	5.323426062	4.87505964	5.097235377	4.220611239	4.394213984
Cinp	CINP	2.292228873	4.935621319	3.970060753	4.293360774	4.371692044	4.225153074
Cirbp	CIRBP	4.437863651	4.858895188	4.87505964	5.316416351	4.123321403	4.719877086
Cisd1	CISD1	5.938807313	6.799185642	6.021755502	6.354821184	6.514312118	6.199965341
Cisd2	CISD2	4.711088618	4.39170543	4.560188889	4.244315549	4.714545298	4.44596579
Cisd3	CISD3	4.711088618	4.935621319	4.299146326	4.702701458	5.31311398	5.230385876
Cish	CISH	2.292228873	3.091498835	4.965627447	3.405683862	4.06407965	3.238392553
Cited2	CITED2	4.938004346	5.205791466	4.560188889	4.026238469	4.549036926	4.799989364
Ciz1	CIZ1	4.091264967	4.49923408	4.87505964	4.86819141	4.47438987	4.799989364
Ckap5	CKAP5	4.091264967	3.64434534	4.145532614	3.965024055	3.753454394	3.608305404
Clasp1	CLASP1	4.711088618	4.39170543	4.145532614	4.513911063	4.298390021	3.796124561
Clasrp	CLASRP	4.711088618	4.000784638	4.673542613	5.198928573	3.919081189	4.719877086
Clcc1	CLCC1	4.711088618	5.077294272	4.778048871	4.86819141	5.283158748	4.911934359
Clcf1	CLCF1	5.303241568	4.000784638	4.145532614	4.630363967	3.604991145	3.706273732
Clcn2	CLCN2	4.711088618	4.598618344	4.673542613	5.070602553	4.837029207	4.9817748
Clcn3	CLCN3	4.437863651	4.39170543	4.560188889	4.193286682	4.359761994	4.284033266
Clcn4	CLCN4	2.292228873	5.077294272	4.87505964	5.338773759	5.116088944	5.558635233
Clcn7	CLCN7	4.091264967	5.008278679	4.436203012	5.223230826	5.053233652	4.634693451
Cldn1	CLDN1	5.455297886	6.15275112	5.278065415	6.310768688	6.888702622	6.228373518
Cldn12	CLDN12	5.132612588	5.580460698	5.278065415	5.403782997	5.421437957	5.535933184
Cldn14	CLDN14	4.938004346	4.49923408	4.436203012	4.472692728	5.038869068	5.142297742
Cldn2	CLDN2	6.519926337	5.431937627	4.87505964	5.883823859	6.501524932	6.170981327
Cldn3	CLDN3	6.586589754	7.120711253	6.915142234	7.897054762	7.313656605	7.027071285
Cldnd1	CLDND1	4.091264967	4.274415856	3.763912372	4.026238469	4.506901571	4.394213984
Cldnd2	CLDND2	2.292228873	3.091498835	2.292228873	3.681556414	3.848420524	4.098370521
Clec1b	CLEC1B	2.292228873	2.292228873	2.292228873	3.965024055	3.733451903	2.84495281
Clec2h	CLEC2D	2.292228873	3.091498835	3.970060753	3.900470853	3.183661984	3.069261795
Clec4f	CLEC4F	4.091264967	3.408987266	3.165820411	4.667021062	4.964710879	3.706273732
Clec4g	CLEC4G	2.292228873	3.64434534	3.970060753	3.900470853	4.395226294	4.634693451
Clic4	CLIC4	4.711088618	4.145159234	3.970060753	4.55387734	4.949386997	4.394213984
Clint1	CLINT1	5.717571651	5.323426062	5.346327862	5.465915875	5.464661319	5.441282574
Clip1	CLIP1	5.132612588	4.858895188	4.560188889	4.513911063	4.517562398	4.875631332
Clip2	CLIP2	3.602843836	3.83650285	4.87505964	4.929131951	3.604991145	3.956906946
Clk1	CLK1	6.299041974	6.08848473	5.698190108	6.321909508	5.644271028	5.767614962
Clk2	CLK2	4.711088618	4.274415856	3.970060753	4.340586378	4.517562398	4.029715045
Clk3	CLK3	3.602843836	3.83650285	4.145532614	4.929131951	4.47438987	4.875631332
Clk4	CLK4	5.832489373	6.15275112	6.536923513	5.883823859	5.596626999	5.824741032
Clmn	CLMN	6.037737533	5.837581133	5.53320357	5.707406928	5.888944953	5.512859863
Cln3	CLN3	3.602843836	3.64434534	4.299146326	4.293360774	4.048808169	3.706273732
Cln5	CLN5	4.437863651	4.858895188	4.560188889	4.513911063	5.095452721	4.719877086
Cln6	CLN6	4.091264967	3.408987266	3.510146324	4.340586378	3.316379787	3.238392553
Cln8	CLN8	4.938004346	4.274415856	4.87505964	4.929131951	4.517562398	4.634693451
Clns1a	CLNS1A	4.437863651	4.49923408	4.145532614	4.026238469	3.792408556	3.706273732
Clock	CLOCK	4.091264967	3.83650285	3.763912372	3.506312947	3.884290412	4.225153074
Clpb	CLPB	4.091264967	4.145159234	3.510146324	3.965024055	4.485316891	4.719877086
Clpp	CLPP	4.711088618	4.598618344	4.436203012	4.026238469	4.803149344	4.54369877
Clptm1	CLPTM1	5.303241568	5.143029108	5.936565594	6.106757528	6.312317973	6.214239963
Clptm1l	CLPTM1L	4.437863651	5.532670511	5.749173232	5.985670459	5.961961829	5.897504338
Clpx	CLPX	5.832489373	5.48320442	5.278065415	4.836669376	4.949386997	4.54369877
Clstn3	CLSTN3	4.091264967	4.145159234	3.165820411	4.958614196	4.452258194	4.163379181
Clta	CLTA	6.299041974	7.071870438	6.250500172	6.665618233	6.666366397	6.661922834
Cltb	CLTB	4.437863651	6.08848473	5.050590043	5.465915875	6.00258509	6.630399222
Cltc	CLTC	5.455297886	4.858895188	5.346327862	4.430133851	4.777172461	4.54369877
Clu	CLU	10.88937411	11.07141811	10.2773269	11.56206216	11.13422321	10.91523318
Cluh	CLUH	6.586589754	6.512088547	6.062515049	6.067525764	6.193166593	5.558635233
Clybl	CLYBL	4.938004346	4.145159234	4.673542613	3.759393139	4.033341529	3.956906946
Cmas	CMAS	4.938004346	5.797835345	5.278065415	5.270600463	5.421437957	5.535933184
Cmbl	CMBL	5.592511033	6.15275112	5.411419086	5.198928573	5.562294211	5.465548216
Cmc1	CMC1	2.292228873	4.145159234	4.560188889	3.832119018	3.969402258	4.284033266
Cmip	CMIP	4.938004346	4.691084662	4.560188889	4.929131951	5.017037848	5.258552798
Cmpk1	CMPK1	4.711088618	3.64434534	4.436203012	3.832119018	4.383512751	4.589975336
Cmtm4	CMTM4	4.437863651	4.39170543	4.778048871	4.472692728	4.383512751	4.340305924
Cmtm6	CMTM6	5.303241568	5.3787305	4.560188889	5.270600463	5.606285081	5.416590921
Cmtm8	CMTM8	4.711088618	4.598618344	4.299146326	5.043446632	5.067450382	4.340305924
Cmtr1	CMTR1	4.091264967	5.3787305	5.130626579	5.070602553	5.046070042	4.947299018
Cnbp	CNBP	4.938004346	4.935621319	4.436203012	4.702701458	4.886318221	4.719877086
Cndp2	CNDP2	2.292228873	4.39170543	3.970060753	4.140084684	4.517562398	3.879313446
Cnep1r1	CNEP1R1	4.091264967	3.64434534	3.165820411	4.140084684	3.692316346	3.796124561
Cnih1	CNIH1	4.437863651	4.598618344	4.673542613	4.340586378	4.886318221	4.54369877
Cnksr3	CNKSR3	2.292228873	3.091498835	3.165820411	3.965024055	3.6711476	3.238392553
Cnn3	CNN3	3.602843836	5.265846922	4.673542613	5.097235377	4.987380864	4.44596579
Cnnm2	CNNM2	4.091264967	4.000784638	4.778048871	3.832119018	3.830055489	3.378600384
Cnnm3	CNNM3	5.132612588	4.49923408	4.436203012	4.899001256	4.151904426	4.029715045
Cnot1	CNOT1	4.091264967	4.39170543	4.673542613	4.293360774	4.696103889	4.284033266
Cnot10	CNOT10	4.437863651	4.274415856	4.560188889	4.340586378	4.371692044	4.634693451
Cnot2	CNOT2	4.938004346	4.274415856	4.299146326	4.667021062	4.395226294	4.44596579
Cnot3	CNOT3	4.091264967	3.64434534	4.965627447	4.084488666	4.441050082	4.911934359
Cnot4	CNOT4	2.292228873	4.145159234	4.299146326	4.244315549	3.773101672	3.956906946
Cnot6	CNOT6	4.091264967	3.64434534	3.970060753	4.38613548	4.335564778	4.44596579
Cnot6l	CNOT6L	4.091264967	4.49923408	4.673542613	4.193286682	4.285753821	3.796124561
Cnot7	CNOT7	4.091264967	4.49923408	4.87505964	3.965024055	4.033341529	4.394213984
Cnot8	CNOT8	3.602843836	4.39170543	4.299146326	4.737459092	4.732737389	4.284033266
Cnot9	CNOT9	2.292228873	3.83650285	4.299146326	3.506312947	3.936095152	4.225153074
Cnppd1	CNPPD1	6.037737533	5.323426062	5.473627628	5.853334489	4.979865668	5.339799106
Cnpy2	CNPY2	5.832489373	5.580460698	5.206296207	5.619339583	6.124643939	5.748050545
Cnpy3	CNPY3	5.132612588	4.777589417	5.645304244	5.223230826	4.926075331	5.339799106
Cnst	CNST	2.292228873	4.39170543	3.763912372	3.759393139	3.649551982	4.225153074
Cntnap1	CNTNAP1	3.602843836	4.145159234	2.292228873	3.900470853	3.733451903	3.069261795
Cntrl	CNTRL	3.602843836	4.691084662	3.763912372	4.38613548	3.969402258	3.956906946
Cntrob	CNTROB	4.938004346	3.83650285	3.970060753	4.140084684	3.713078272	4.098370521
Coa3	COA3	4.091264967	5.3787305	5.050590043	4.59267106	5.129677693	5.365866194
Coa4	COA4	4.091264967	4.274415856	4.145532614	4.084488666	3.713078272	3.706273732
Coa5	COA5	4.437863651	5.532670511	5.473627628	4.899001256	4.837029207	5.339799106
Coa6	COA6	4.437863651	3.64434534	4.145532614	4.084488666	4.335564778	4.163379181
Coa7	COA7	4.091264967	4.000784638	4.560188889	4.026238469	4.179842907	3.879313446
Coasy	COASY	5.303241568	5.3787305	5.749173232	5.043446632	5.44321566	5.142297742
Cobl	COBL	4.091264967	4.274415856	4.299146326	4.59267106	4.506901571	4.495741634
Cobll1	COBLL1	4.437863651	4.598618344	4.965627447	4.59267106	4.371692044	4.340305924
Cog1	COG1	4.091264967	4.000784638	3.970060753	4.140084684	4.06407965	3.879313446
Cog2	COG2	3.602843836	4.274415856	4.145532614	4.340586378	4.001799157	4.163379181
Cog3	COG3	4.437863651	4.39170543	4.673542613	4.026238469	3.792408556	3.706273732
Cog4	COG4	3.602843836	4.000784638	4.436203012	4.430133851	4.048808169	4.284033266
Cog5	COG5	3.602843836	4.145159234	3.763912372	3.506312947	3.733451903	4.029715045
Cog6	COG6	4.091264967	3.64434534	4.145532614	4.193286682	3.649551982	3.879313446
Cog7	COG7	2.292228873	4.145159234	3.165820411	3.597638182	4.123321403	4.029715045
Col18a1	COL18A1	8.949807463	9.480909246	8.878885825	10.02877518	9.360243968	9.536524853
Col27a1	COL27A1	4.938004346	3.83650285	4.965627447	3.965024055	3.6711476	4.098370521
Col3a1	COL3A1	2.292228873	3.83650285	3.970060753	3.900470853	3.534336095	3.378600384
Col4a1	COL4A1	4.711088618	4.145159234	4.436203012	4.084488666	4.123321403	3.500138199
Col4a2	COL4A2	2.292228873	3.408987266	4.778048871	3.681556414	3.627507726	3.956906946
Col4a3	COL4A3	2.292228873	2.292228873	2.292228873	5.898826989	3.558435071	3.706273732
Col4a5	COL4A5	3.602843836	3.408987266	2.292228873	3.832119018	3.183661984	3.378600384
Col5a3	COL5A3	5.938807313	5.431937627	5.346327862	4.667021062	3.811388859	4.098370521
Colec11	COLEC11	2.292228873	3.091498835	3.510146324	3.900470853	4.272990782	3.796124561
Colec12	COLEC12	5.455297886	4.49923408	4.965627447	4.38613548	4.335564778	4.44596579
Colgalt1	COLGALT1	5.938807313	5.265846922	5.590365196	5.403782997	5.324918783	5.365866194
Commd1	COMMD1	2.292228873	4.935621319	4.778048871	4.430133851	4.918215799	4.760526782
Commd10	COMMD10	4.091264967	4.000784638	3.510146324	3.832119018	3.848420524	4.098370521
Commd2	COMMD2	3.602843836	3.408987266	3.970060753	4.026238469	3.6711476	3.500138199
Commd3	COMMD3	4.711088618	5.3787305	4.965627447	4.86819141	4.528137589	4.760526782
Commd4	COMMD4	5.132612588	4.935621319	4.778048871	4.193286682	4.220611239	4.589975336
Commd6	COMMD6	4.437863651	4.39170543	3.510146324	4.026238469	4.001799157	3.706273732
Commd7	COMMD7	4.091264967	5.008278679	4.145532614	4.340586378	4.23391141	4.163379181
Commd8	COMMD8	3.602843836	4.39170543	3.763912372	4.026238469	3.985710867	3.796124561
Commd9	COMMD9	4.711088618	3.83650285	2.292228873	4.026238469	3.830055489	4.098370521
Comt	COMT	7.901376646	8.348190402	7.592246541	7.467832266	8.924501887	8.006464478
Comtd1	COMTD1	4.091264967	5.077294272	4.778048871	4.630363967	3.866495286	3.608305404
Copa	COPA	4.711088618	5.580460698	5.698190108	5.223230826	6.17714714	5.843283838
Copb1	COPB1	4.938004346	4.598618344	5.206296207	4.702701458	5.182740408	4.911934359
Copb2	COPB2	4.091264967	4.274415856	4.560188889	4.55387734	5.382495462	4.799989364
Cope	COPE	5.455297886	6.021188752	5.749173232	5.757734578	6.300543926	5.897504338
Copg1	COPG1	5.455297886	4.274415856	4.87505964	5.174194573	5.393732516	5.015407237
Copg2	COPG2	4.711088618	3.64434534	4.436203012	3.965024055	4.123321403	3.069261795
Cops2	COPS2	4.437863651	4.39170543	4.299146326	3.832119018	4.23391141	4.340305924
Cops3	COPS3	4.091264967	4.39170543	4.436203012	3.900470853	4.108777455	4.54369877
Cops4	COPS4	4.711088618	4.49923408	4.778048871	4.244315549	4.193580519	4.225153074
Cops5	COPS5	4.711088618	5.265846922	4.965627447	4.737459092	5.0603603	4.760526782
Cops6	COPS6	4.437863651	4.935621319	4.965627447	4.667021062	5.359747743	5.17228453
Cops7a	COPS7A	5.455297886	5.143029108	5.473627628	5.015745746	5.081522395	4.9817748
Cops7b	COPS7B	4.437863651	4.274415856	4.965627447	4.140084684	4.001799157	4.098370521
Cops8	COPS8	4.091264967	4.598618344	3.763912372	3.681556414	4.335564778	3.796124561
Copz1	COPZ1	5.832489373	5.950559801	5.979796879	5.198928573	5.896809668	5.915128259
Copz2	COPZ2	4.711088618	3.83650285	4.673542613	4.193286682	4.017673899	4.225153074
Coq10a	COQ10A	5.455297886	4.39170543	5.050590043	4.472692728	4.123321403	4.163379181
Coq10b	COQ10B	3.602843836	3.83650285	4.673542613	4.026238469	3.811388859	4.098370521
Coq2	COQ2	4.711088618	5.077294272	4.560188889	4.702701458	4.918215799	4.634693451
Coq3	COQ3	4.437863651	3.408987266	3.970060753	4.084488666	4.193580519	3.956906946
Coq5	COQ5	4.091264967	3.64434534	3.763912372	3.681556414	4.108777455	3.956906946
Coq7	COQ7	4.091264967	4.145159234	4.145532614	3.506312947	4.06407965	3.956906946
Coq8a	COQ8A	5.717571651	7.213685159	5.749173232	5.015745746	6.049148446	5.512859863
Coq8b	COQ8B	4.711088618	4.39170543	4.145532614	5.316416351	4.609825279	4.947299018
Coq9	COQ9	4.938004346	5.75694536	5.206296207	4.929131951	5.277089914	5.201638223
Coro7	CORO7	4.711088618	4.598618344	4.299146326	4.472692728	4.23391141	4.760526782
Cotl1	COTL1	2.292228873	3.83650285	4.145532614	4.026238469	3.534336095	3.238392553
Cox11	COX11	4.091264967	4.000784638	4.145532614	3.597638182	3.558435071	3.956906946
Cox14	COX14	5.455297886	5.48320442	5.278065415	4.836669376	4.768401571	5.015407237
Cox16	COX16	4.091264967	4.598618344	5.278065415	4.667021062	4.794545591	4.911934359
Cox17	COX17	5.455297886	5.205791466	5.411419086	4.737459092	4.972309166	5.015407237
Cox19	COX19	6.130250267	5.75694536	5.050590043	4.667021062	4.803149344	4.029715045
Cox20	COX20	2.292228873	3.408987266	3.970060753	4.084488666	3.848420524	3.500138199
Cox4i1	COX4I1	5.455297886	5.431937627	5.130626579	5.928367045	5.820278847	5.535933184
Cox5a	COX5A	4.091264967	4.598618344	4.673542613	4.140084684	5.283158748	4.340305924
Cox5b	COX5B	5.303241568	6.536330397	5.749173232	5.505864328	5.853005654	5.80595311
Cox6a1	COX6A1	5.455297886	6.838672662	6.352470645	6.397559192	6.707008198	6.651491675
Cox6b1	COX6B1	5.132612588	6.15275112	5.346327862	5.247116631	5.782537225	5.80595311
Cox6c	COX6C	4.091264967	5.3787305	4.965627447	4.929131951	4.933890021	5.17228453
Cox7a2	COX7A2	4.091264967	5.008278679	4.560188889	4.193286682	4.926075331	4.225153074
Cox7a2l	COX7A2L	5.592511033	6.055233373	5.050590043	5.806338484	5.892882743	5.861587929
Cox7b	COX7B	5.455297886	5.950559801	5.53320357	4.987476573	5.984263355	6.141397425
Cox7c	COX7C	4.711088618	6.436803053	5.698190108	6.218375491	6.383790491	6.412853534
Cox8a	COX8A	5.132612588	6.799185642	6.507782463	5.928367045	6.300543926	6.508501406
Cp	CP	9.149943079	9.588867213	9.775244169	9.306624011	9.945968934	9.553392554
Cpb2	CPB2	7.580828058	7.198600589	7.699002031	6.253725688	7.217034253	6.619735641
Cpd	CPD	4.091264967	4.39170543	4.87505964	4.193286682	4.528137589	4.029715045
Cpe	CPE	2.292228873	2.292228873	3.165820411	5.54471171	4.137695583	4.875631332
Cpeb1	CPEB1	4.091264967	3.408987266	4.436203012	4.340586378	3.733451903	3.706273732
Cpeb2	CPEB2	5.455297886	5.913887648	5.53320357	5.043446632	4.964710879	5.080306881
Cpeb3	CPEB3	5.303241568	4.598618344	4.436203012	4.630363967	4.441050082	4.163379181
Cpeb4	CPEB4	4.711088618	5.265846922	4.965627447	5.123365638	5.102365673	5.048238323
Cped1	CPED1	5.132612588	4.145159234	5.749173232	5.957306801	5.552329575	5.748050545
Cpn1	CPN1	6.769803104	7.213685159	7.284588185	7.979999414	7.776687644	7.646422135
Cpn2	CPN2	6.932274385	6.968914599	7.04236181	7.40654637	7.913940861	7.603850113
Cpne3	CPNE3	4.437863651	4.000784638	3.763912372	4.193286682	4.347720348	4.163379181
Cpne8	CPNE8	4.437863651	3.64434534	3.763912372	3.832119018	3.458330152	3.378600384
Cpox	CPOX	4.091264967	4.598618344	4.778048871	4.59267106	5.485785141	5.624630897
Cpped1	CPPED1	4.711088618	4.691084662	4.145532614	4.140084684	4.395226294	4.340305924
Cpq	CPQ	5.303241568	4.598618344	5.749173232	4.340586378	5.024353391	4.495741634
Cps1	CPS1	6.376515331	9.184677164	8.010142659	7.369553762	8.991696439	8.179463834
Cpsf1	CPSF1	5.132612588	4.598618344	4.778048871	5.360779987	4.559363906	4.677961688
Cpsf3	CPSF3	4.091264967	3.83650285	3.510146324	3.900470853	3.733451903	3.796124561
Cpsf4	CPSF4	4.437863651	4.598618344	4.673542613	4.293360774	4.123321403	4.394213984
Cpsf6	CPSF6	4.938004346	4.49923408	4.673542613	5.338773759	4.517562398	5.080306881
Cpsf7	CPSF7	5.455297886	4.274415856	4.778048871	5.247116631	4.406834785	5.080306881
Cpt1a	CPT1A	6.519926337	6.716799371	7.021924646	7.060218883	7.044719108	6.461474898
Cpt1b	CPT1B	4.091264967	3.83650285	3.165820411	4.667021062	3.252644226	3.608305404
Cpt2	CPT2	4.091264967	5.431937627	5.346327862	4.38613548	5.295217939	5.080306881
Cptp	CPTP	3.602843836	3.64434534	3.763912372	3.597638182	4.165952177	4.163379181
Cr1l	CR1	4.091264967	4.000784638	3.763912372	4.140084684	3.604991145	4.029715045
Cradd	CRADD	5.132612588	4.777589417	4.436203012	4.193286682	4.496153589	4.284033266
Crat	CRAT	4.091264967	4.000784638	4.560188889	4.702701458	4.193580519	4.760526782
Crb3	CRB3	3.602843836	3.091498835	3.970060753	4.472692728	4.418340269	4.225153074
Crbn	CRBN	4.091264967	4.000784638	3.510146324	4.026238469	3.969402258	4.163379181
Crcp	CRCP	4.091264967	4.49923408	4.145532614	4.193286682	4.272990782	3.706273732
Creb1	CREB1	3.602843836	4.274415856	4.673542613	4.084488666	3.884290412	4.098370521
Creb3	CREB3	4.711088618	4.39170543	4.299146326	4.55387734	4.902360024	4.719877086
Creb3l2	CREB3L2	5.303241568	4.39170543	4.436203012	5.149012642	5.782537225	5.535933184
Creb3l3	CREB3L3	6.650293701	7.558933243	7.101987182	7.900762051	7.912014263	8.062543813
Crebbp	CREBBP	2.292228873	4.145159234	4.560188889	4.340586378	4.714545298	4.44596579
Crebl2	CREBL2	4.938004346	5.265846922	4.560188889	5.015745746	4.918215799	5.339799106
Crebrf	CREBRF	4.091264967	4.145159234	4.87505964	4.430133851	4.123321403	4.44596579
Crebzf	CREBZF	6.037737533	5.48320442	5.891980982	6.242039077	5.017037848	5.748050545
Creg1	CREG1	8.347279791	8.632391715	8.697732527	7.526616793	7.595260603	7.425867606
Creld1	CRELD1	5.592511033	5.714842213	6.178245225	6.386993612	5.348234004	6.170981327
Creld2	CRELD2	4.437863651	5.75694536	5.891980982	5.883823859	5.799435188	6.865111626
Crem	CREM	4.938004346	4.39170543	4.436203012	3.900470853	4.335564778	4.677961688
Crim1	CRIM1	4.437863651	4.777589417	3.970060753	3.832119018	3.627507726	3.238392553
Crip2	CRIP2	4.437863651	4.777589417	4.673542613	4.38613548	4.677405762	4.875631332
Cript	CRIPT	4.938004346	3.64434534	3.970060753	3.900470853	3.713078272	3.608305404
Crk	CRK	5.303241568	5.48320442	5.206296207	5.070602553	4.949386997	5.313237834
Crlf2	CRLF2	2.292228873	4.598618344	4.778048871	5.757734578	4.463370872	4.9817748
Crot	CROT	7.292764937	6.968914599	7.021924646	5.913673627	5.99893953	6.141397425
Crp	CRP	7.407642886	8.086858346	7.833964009	6.999216477	8.361380095	7.767075183
Crtap	CRTAP	4.091264967	4.39170543	4.299146326	3.832119018	3.316379787	3.706273732
Crtc1	CRTC1	4.091264967	3.64434534	3.165820411	3.900470853	3.431616404	3.500138199
Crtc2	CRTC2	3.602843836	4.274415856	4.299146326	4.026238469	4.07916153	4.44596579
Cry2	CRY2	4.437863651	3.408987266	4.299146326	4.929131951	4.72367206	4.634693451
Crybg2	CRYBG2	2.292228873	4.000784638	3.510146324	4.140084684	4.017673899	4.029715045
Cryl1	CRYL1	3.602843836	4.935621319	4.965627447	3.506312947	4.06407965	4.163379181
Cryz	CRYZ	3.602843836	5.143029108	5.050590043	4.430133851	4.949386997	4.225153074
Cryzl1	CRYZL1	4.437863651	4.000784638	5.206296207	4.59267106	3.985710867	4.163379181
Csad	CSAD	7.79288328	7.315070696	7.177829089	5.942910413	5.421437957	4.9817748
Csde1	CSDE1	4.091264967	4.691084662	3.970060753	4.59267106	4.418340269	4.163379181
Csf1r	CSF1R	2.292228873	3.091498835	2.292228873	4.193286682	3.627507726	3.238392553
Csf2ra	CSF2RA	4.437863651	3.83650285	3.165820411	4.737459092	3.431616404	3.378600384
Csk	CSK	5.832489373	4.777589417	5.206296207	5.123365638	5.469972058	5.365866194
Csnk1a1	CSNK1A1	4.711088618	4.000784638	4.145532614	4.140084684	4.452258194	4.495741634
Csnk1d	CSNK1D	5.132612588	5.532670511	5.590365196	5.097235377	4.803149344	4.54369877
Csnk1e	CSNK1E	5.938807313	4.39170543	4.673542613	4.630363967	3.753454394	4.284033266
Csnk1g2	CSNK1G2	5.592511033	5.671450398	5.645304244	6.253725688	6.006221354	6.349661138
Csnk1g3	CSNK1G3	4.437863651	4.691084662	4.778048871	4.630363967	4.886318221	4.911934359
Csnk2a1	CSNK2A1	3.602843836	4.39170543	4.560188889	3.597638182	4.78588688	4.799989364
Csnk2a2	CSNK2A2	4.437863651	4.000784638	4.299146326	4.293360774	3.919081189	4.098370521
Csnk2b	CSNK2B	4.437863651	3.408987266	3.970060753	4.293360774	4.359761994	4.799989364
Cspp1	CSPP1	5.455297886	4.777589417	4.778048871	5.097235377	4.220611239	4.838335991
Csrnp1	CSRNP1	2.292228873	3.64434534	3.510146324	4.193286682	3.773101672	4.098370521
Csrp3	CSRP3	2.292228873	3.83650285	3.763912372	3.597638182	4.853657745	3.956906946
Cst3	CST3	6.130250267	6.758582931	6.725854739	6.682978062	7.348281354	7.082425128
Cstb	CSTB	5.938807313	7.198600589	6.416628544	4.667021062	5.836736421	5.580978012
Cstf1	CSTF1	3.602843836	3.64434534	3.510146324	4.140084684	3.753454394	3.378600384
Cstf2	CSTF2	3.602843836	3.091498835	2.292228873	3.832119018	3.558435071	3.879313446
Cstf2t	CSTF2T	2.292228873	4.598618344	3.763912372	3.506312947	4.528137589	4.098370521
Ctbp1	CTBP1	4.938004346	4.691084662	4.778048871	4.340586378	4.59988523	4.838335991
Ctbs	CTBS	4.091264967	4.274415856	3.970060753	4.084488666	4.323292875	4.495741634
Ctcf	CTCF	4.091264967	3.408987266	4.145532614	4.026238469	4.151904426	3.879313446
Ctdnep1	CTDNEP1	4.437863651	4.145159234	4.673542613	4.929131951	4.589870308	4.875631332
Ctdsp1	CTDSP1	6.711290956	7.243388234	7.021924646	6.750392302	6.713671412	6.712971504
Ctdsp2	CTDSP2	4.938004346	5.265846922	4.778048871	5.790321307	5.491016961	5.558635233
Ctdspl2	CTDSPL2	3.602843836	3.091498835	4.299146326	4.340586378	4.001799157	4.098370521
Cth	CTH	6.650293701	7.473816771	5.645304244	5.123365638	5.828531452	5.624630897
Ctif	CTIF	5.303241568	4.935621319	5.278065415	5.123365638	5.116088944	5.313237834
Ctnna1	CTNNA1	5.832489373	5.431937627	5.346327862	5.123365638	5.625405558	4.875631332
Ctnnb1	CTNNB1	4.938004346	5.797835345	5.473627628	5.619339583	5.77401224	5.602972942
Ctnnbip1	CTNNBIP1	3.602843836	4.691084662	3.970060753	3.506312947	3.830055489	3.608305404
Ctnnbl1	CTNNBL1	4.711088618	3.64434534	3.165820411	3.759393139	3.753454394	3.956906946
Ctnnd1	CTNND1	5.455297886	5.008278679	5.050590043	5.198928573	5.289201345	5.111648885
Ctns	CTNS	4.711088618	3.83650285	4.299146326	3.900470853	4.123321403	4.098370521
Ctps2	CTPS2	5.592511033	5.205791466	3.970060753	4.899001256	4.496153589	4.719877086
Ctr9	CTR9	3.602843836	4.145159234	3.165820411	4.513911063	3.866495286	4.029715045
Ctsa	CTSA	7.79288328	6.737843052	7.301636339	7.086522413	6.846902327	6.437370348
Ctsb	CTSB	8.227365551	8.271042777	8.030724839	8.273833565	8.290495507	7.737845631
Ctsc	CTSC	2.292228873	5.143029108	5.53320357	5.690226104	5.965703069	5.602972942
Ctsd	CTSD	5.132612588	5.205791466	5.346327862	5.525421762	5.828531452	5.441282574
Ctsf	CTSF	3.602843836	3.64434534	4.560188889	4.513911063	4.298390021	3.796124561
Ctsh	CTSH	6.711290956	6.48742995	6.70033948	6.013480768	6.913982888	6.185546781
Ctso	CTSO	4.711088618	5.431937627	5.473627628	5.403782997	5.453979345	5.339799106
Ctss	CTSS	2.292228873	4.274415856	5.130626579	4.293360774	4.741742161	3.956906946
Ctsz	CTSZ	7.123778054	7.301016857	7.550081931	7.380220389	8.180377804	7.497395374
Cttn	CTTN	4.437863651	4.49923408	4.673542613	4.987476573	5.195695557	5.465548216
Ctu2	CTU2	4.711088618	4.000784638	3.510146324	3.900470853	3.458330152	3.706273732
Cul1	CUL1	4.938004346	5.077294272	4.673542613	4.836669376	4.777172461	5.048238323
Cul2	CUL2	4.437863651	4.000784638	4.145532614	4.140084684	3.985710867	3.879313446
Cul3	CUL3	4.437863651	5.265846922	4.87505964	4.86819141	4.878226113	4.54369877
Cul4a	CUL4A	6.130250267	5.323426062	5.749173232	5.293696035	5.795229508	5.465548216
Cul4b	CUL4B	3.602843836	4.145159234	3.970060753	3.292857758	3.985710867	4.340305924
Cul5	CUL5	2.292228873	3.408987266	3.763912372	3.965024055	3.604991145	3.796124561
Cuta	CUTA	4.938004346	5.532670511	5.130626579	4.987476573	5.410421261	5.391457635
Cux1	CUX1	5.132612588	4.858895188	5.050590043	4.430133851	4.559363906	4.875631332
Cwc15	CWC15	3.602843836	4.935621319	4.299146326	4.630363967	5.136422471	5.17228453
Cwc22	CWC22	4.711088618	3.408987266	4.299146326	3.965024055	3.733451903	4.163379181
Cwf19l1	CWF19L1	2.292228873	2.292228873	3.763912372	3.506312947	3.692316346	3.956906946
Cwf19l2	CWF19L2	4.938004346	3.83650285	4.299146326	4.193286682	4.193580519	4.284033266
Cxcl12	CXCL12	5.832489373	6.15275112	6.44766158	6.321909508	7.110097041	6.944106271
Cxcl9	CXCL9	2.292228873	3.83650285	3.510146324	3.162995548	3.901815905	3.956906946
Cxxc1	CXXC1	5.303241568	4.598618344	5.050590043	4.836669376	4.658443166	4.875631332
Cxxc5	CXXC5	5.303241568	5.323426062	5.698190108	5.360779987	5.577110549	6.156265924
Cyb561	CYB561	2.292228873	4.49923408	3.763912372	3.965024055	4.677405762	5.080306881
Cyb561a3	CYB561A3	3.602843836	3.408987266	4.299146326	4.630363967	4.260098036	3.879313446
Cyb561d2	CYB561D2	3.602843836	3.83650285	3.510146324	3.965024055	4.06407965	3.378600384
Cyb5a	CYB5A	6.650293701	7.683289045	7.659889669	6.575523705	7.820486173	7.311439723
Cyb5b	CYB5B	4.711088618	4.935621319	5.749173232	5.043446632	5.786780602	5.861587929
Cyb5d2	CYB5D2	2.292228873	4.49923408	4.145532614	3.900470853	3.952866194	3.956906946
Cyb5r1	CYB5R1	5.455297886	4.691084662	5.130626579	4.929131951	4.506901571	4.495741634
Cyb5r3	CYB5R3	6.586589754	7.558933243	7.159239985	7.240848006	7.915864887	7.179896117
Cyb5r4	CYB5R4	3.602843836	4.691084662	2.292228873	3.965024055	4.179842907	4.163379181
Cybb	CYBB	3.602843836	5.671450398	5.645304244	4.193286682	3.753454394	3.378600384
Cybc1	CYBC1	3.602843836	4.000784638	3.763912372	3.965024055	3.969402258	4.098370521
Cyc1	CYC1	5.303241568	6.462339939	6.384908669	5.563741544	6.00258509	5.767614962
Cyfip1	CYFIP1	4.437863651	3.83650285	4.560188889	4.38613548	4.165952177	3.879313446
Cyld	CYLD	4.091264967	4.39170543	3.970060753	3.759393139	3.919081189	4.44596579
Cyp17a1	CYP17A1	4.091264967	4.145159234	4.299146326	5.097235377	6.935032122	5.015407237
Cyp1a2	CYP1A2	6.130250267	5.143029108	6.285303664	5.525421762	6.279703415	6.93554036
Cyp20a1	CYP20A1	4.711088618	4.274415856	3.165820411	3.832119018	4.06407965	3.608305404
Cyp26a1	CYP26A1	4.711088618	4.598618344	5.050590043	3.006723736	3.346584847	6.199965341
Cyp27a1	CYP27A1	6.711290956	6.968914599	6.536923513	6.242039077	7.042957872	6.909532162
Cyp2a4	CYP2A13	6.299041974	6.15275112	8.590929235	9.126861187	9.358123628	8.112733873
Cyp2d22	CYP2D6	7.764434086	7.243388234	7.399892458	7.286931577	6.793406557	6.619735641
Cyp2e1	CYP2E1	6.586589754	6.695442815	7.822203823	8.539367976	9.325938748	9.320331874
Cyp2f2	CYP2F1	5.455297886	8.355003396	9.193713228	7.427266092	7.655240049	6.961086534
Cyp2u1	CYP2U1	3.602843836	4.145159234	4.778048871	5.724382011	4.59988523	5.048238323
Cyp39a1	CYP39A1	2.292228873	4.39170543	3.970060753	4.804399523	4.549036926	4.098370521
Cyp3a13	CYP3A43	5.717571651	6.08848473	5.798387868	5.6728344	6.430431906	6.156265924
Cyp46a1	CYP46A1	2.292228873	2.292228873	3.165820411	4.340586378	3.146804666	3.608305404
Cyp4a10	CYP4A22	5.455297886	4.145159234	4.778048871	7.137729568	6.209008553	6.283551535
Cyp4f15	CYP4F2	6.880131208	6.799185642	6.7509247	6.18212939	6.403179963	6.362524568
Cyp4f13	CYP4F8	5.303241568	5.077294272	5.278065415	5.070602553	5.102365673	4.911934359
Cyp4v3	CYP4V2	5.938807313	6.329846336	6.21482895	5.942910413	6.031418872	5.879659457
Cyp51	CYP51A1	4.711088618	5.75694536	5.698190108	6.603150699	6.552003679	7.179896117
Cyp7a1	CYP7A1	4.938004346	5.913887648	5.53320357	4.244315549	5.102365673	3.238392553
Cyp7b1	CYP7B1	4.437863651	5.143029108	5.050590043	3.681556414	5.799435188	5.365866194
Cyp8b1	CYP8B1	5.132612588	5.75694536	5.411419086	6.194313797	5.469972058	4.911934359
Cystm1	CYSTM1	2.292228873	4.39170543	3.970060753	3.597638182	4.517562398	3.956906946
Cyth1	CYTH1	5.303241568	5.671450398	5.278065415	5.403782997	5.221249743	5.339799106
Cyth2	CYTH2	4.711088618	4.691084662	3.970060753	5.015745746	4.750687228	5.015407237
Czib	CZIB	3.602843836	3.83650285	3.970060753	4.38613548	4.033341529	4.163379181
D2hgdh	D2HGDH	5.303241568	4.777589417	5.278065415	4.630363967	4.452258194	3.796124561
Daam1	DAAM1	3.602843836	5.143029108	4.673542613	4.55387734	4.853657745	4.495741634
Dab2ip	DAB2IP	2.292228873	3.83650285	3.763912372	4.737459092	4.285753821	3.879313446
Dact2	DACT2	4.437863651	4.691084662	3.970060753	3.405683862	3.713078272	3.378600384
Dad1	DAD1	5.717571651	6.244037217	5.749173232	6.449249377	6.682308489	6.598167856
Dag1	DAG1	4.938004346	5.75694536	5.050590043	5.563741544	5.927841091	5.708093218
Daglb	DAGLB	4.711088618	5.008278679	4.560188889	4.836669376	4.648860167	4.394213984
Dalrd3	DALRD3	5.132612588	4.49923408	4.778048871	5.360779987	4.463370872	4.677961688
Dap	DAP	5.592511033	6.673763899	6.536923513	5.293696035	7.0948791	6.722967071
Dap3	DAP3	4.711088618	4.274415856	4.299146326	4.340586378	4.589870308	4.634693451
Dapk1	DAPK1	4.091264967	4.39170543	4.560188889	5.149012642	5.283158748	4.875631332
Dapk2	DAPK2	5.303241568	3.83650285	4.145532614	5.465915875	4.609825279	4.719877086
Dapk3	DAPK3	4.938004346	4.858895188	4.673542613	5.070602553	4.894362663	4.911934359
Daxx	DAXX	5.132612588	4.145159234	3.510146324	4.472692728	4.298390021	4.495741634
Dazap1	DAZAP1	4.437863651	5.48320442	5.278065415	5.774121432	5.426914089	5.416590921
Dbi	DBI	6.982592848	7.827464545	6.980158106	6.449249377	7.664426121	7.83305688
Dbndd2	DBNDD2	4.091264967	4.777589417	4.778048871	4.702701458	4.371692044	4.098370521
Dbnl	DBNL	4.437863651	4.858895188	5.206296207	4.737459092	4.714545298	4.838335991
Dbp	DBP	5.592511033	5.431937627	6.507782463	7.385524223	6.416870705	5.861587929
Dbt	DBT	3.602843836	4.274415856	4.560188889	4.293360774	4.894362663	4.589975336
Dcaf1	DCAF1	3.602843836	3.64434534	3.165820411	4.084488666	3.733451903	3.796124561
Dcaf10	DCAF10	2.292228873	3.64434534	4.299146326	3.832119018	4.07916153	4.677961688
Dcaf11	DCAF11	6.826025488	6.512088547	6.140700639	6.218375491	6.114581132	6.387910015
Dcaf12	DCAF12	4.437863651	3.64434534	3.970060753	4.293360774	4.207168762	4.098370521
Dcaf13	DCAF13	4.938004346	4.598618344	3.970060753	3.597638182	4.07916153	3.956906946
Dcaf15	DCAF15	4.437863651	2.292228873	4.299146326	4.38613548	3.733451903	4.284033266
Dcaf5	DCAF5	4.091264967	3.64434534	4.299146326	4.084488666	3.884290412	4.54369877
Dcaf6	DCAF6	4.938004346	4.49923408	5.278065415	4.667021062	4.777172461	4.634693451
Dcaf7	DCAF7	4.711088618	4.598618344	4.436203012	4.340586378	4.441050082	4.589975336
Dcaf8	DCAF8	5.938807313	5.48320442	4.965627447	5.174194573	5.410421261	5.64596224
Dcbld1	DCBLD1	2.292228873	3.64434534	3.165820411	4.244315549	3.713078272	3.378600384
Dclre1c	DCLRE1C	4.091264967	3.64434534	3.510146324	3.900470853	3.375808356	3.378600384
Dcn	DCN	3.602843836	3.408987266	2.292228873	4.026238469	4.429744728	3.608305404
Dcp1a	DCP1A	2.292228873	3.83650285	3.970060753	3.900470853	3.713078272	3.796124561
Dcps	DCPS	4.091264967	3.83650285	3.970060753	3.597638182	3.692316346	4.029715045
Dctn1	DCTN1	5.132612588	4.777589417	4.87505964	4.899001256	4.609825279	4.284033266
Dctn2	DCTN2	6.376515331	5.75694536	4.965627447	5.525421762	5.522006445	5.080306881
Dctn3	DCTN3	4.091264967	4.598618344	4.145532614	3.900470853	3.919081189	4.163379181
Dctn4	DCTN4	4.091264967	4.274415856	4.673542613	4.430133851	4.371692044	4.677961688
Dctn5	DCTN5	3.602843836	4.39170543	3.970060753	4.38613548	3.830055489	3.879313446
Dctn6	DCTN6	3.602843836	3.408987266	3.510146324	3.900470853	3.866495286	3.796124561
Dctpp1	DCTPP1	2.292228873	4.274415856	3.510146324	3.759393139	4.418340269	4.340305924
Dcun1d3	DCUN1D3	4.437863651	3.408987266	3.970060753	3.900470853	3.936095152	4.098370521
Dcun1d4	DCUN1D4	4.091264967	4.000784638	4.560188889	4.59267106	4.123321403	4.098370521
Dcun1d5	DCUN1D5	4.938004346	3.64434534	4.673542613	4.55387734	4.517562398	4.029715045
Dcxr	DCXR	4.938004346	4.858895188	4.778048871	4.513911063	4.648860167	4.495741634
Dda1	DDA1	3.602843836	3.83650285	3.970060753	3.681556414	4.137695583	4.394213984
Ddah1	DDAH1	4.938004346	5.323426062	5.206296207	4.737459092	5.109244296	4.284033266
Ddb1	DDB1	3.602843836	3.64434534	4.436203012	4.026238469	4.108777455	3.796124561
Ddb2	DDB2	4.711088618	3.091498835	4.436203012	3.832119018	3.183661984	3.608305404
Ddc	DDC	5.132612588	4.858895188	4.965627447	3.506312947	3.811388859	2.292228873
Ddhd1	DDHD1	4.938004346	4.000784638	4.145532614	4.630363967	4.193580519	4.394213984
Ddhd2	DDHD2	4.711088618	4.274415856	4.299146326	4.38613548	3.919081189	3.956906946
Ddit3	DDIT3	6.650293701	4.858895188	4.778048871	5.198928573	4.272990782	5.17228453
Ddit4	DDIT4	5.303241568	3.83650285	4.436203012	4.140084684	3.713078272	3.796124561
Ddo	DDO	6.037737533	4.935621319	5.050590043	4.630363967	4.418340269	4.589975336
Ddost	DDOST	6.037737533	5.876245896	6.384908669	6.575523705	7.156438115	6.891928289
Ddr1	DDR1	4.938004346	4.858895188	3.763912372	4.702701458	3.558435071	3.069261795
Ddrgk1	DDRGK1	6.299041974	6.932890613	7.021924646	6.806891584	7.055241483	7.172628282
Ddt	DDTL	5.303241568	7.152374565	5.845954352	6.621277633	7.531420717	7.543180676
Ddx1	DDX1	5.132612588	4.777589417	4.436203012	4.193286682	4.648860167	4.634693451
Ddx10	DDX10	4.437863651	3.64434534	4.145532614	4.026238469	3.969402258	4.394213984
Ddx17	DDX17	7.927270394	6.986593786	7.761919001	7.40654637	6.358469287	6.926923121
Ddx18	DDX18	4.711088618	3.408987266	3.510146324	3.292857758	3.901815905	4.098370521
Ddx19a	DDX19A	4.091264967	4.598618344	4.965627447	4.293360774	4.108777455	4.163379181
Ddx19b	DDX19B	3.602843836	3.408987266	3.970060753	3.900470853	4.094059111	4.163379181
Ddx21	DDX21	3.602843836	5.143029108	5.050590043	4.430133851	5.002289206	5.015407237
Ddx23	DDX23	5.717571651	5.876245896	5.590365196	5.525421762	5.393732516	5.535933184
Ddx24	DDX24	5.132612588	4.935621319	4.560188889	4.293360774	4.886318221	4.947299018
Ddx27	DDX27	4.938004346	4.000784638	5.050590043	4.293360774	4.323292875	4.284033266
Ddx39b	DDX39B	4.938004346	4.39170543	4.778048871	4.340586378	4.878226113	5.230385876
Ddx3x	DDX3X	4.437863651	6.055233373	4.965627447	4.929131951	5.904631165	5.786913403
Ddx3y	DDX3Y	6.037737533	4.777589417	4.299146326	5.58251833	4.994855223	4.9817748
Ddx41	DDX41	4.938004346	4.274415856	3.510146324	4.513911063	4.383512751	4.163379181
Ddx42	DDX42	4.437863651	4.691084662	3.165820411	3.759393139	4.094059111	4.225153074
Ddx46	DDX46	5.455297886	4.598618344	4.87505964	4.737459092	4.902360024	4.875631332
Ddx47	DDX47	3.602843836	3.83650285	3.763912372	4.193286682	4.033341529	3.956906946
Ddx49	DDX49	4.091264967	4.598618344	4.673542613	4.472692728	4.220611239	4.340305924
Ddx5	DDX5	4.091264967	4.858895188	3.970060753	3.292857758	4.193580519	4.163379181
Ddx50	DDX50	3.602843836	4.598618344	4.965627447	4.771343338	4.619691648	4.799989364
Ddx52	DDX52	4.091264967	3.64434534	3.970060753	3.832119018	3.6711476	3.956906946
Ddx54	DDX54	3.602843836	5.265846922	4.965627447	4.667021062	4.732737389	4.634693451
Ddx55	DDX55	4.938004346	3.408987266	4.436203012	3.832119018	3.830055489	3.608305404
Ddx56	DDX56	5.455297886	4.39170543	4.965627447	4.55387734	4.696103889	4.029715045
Ddx6	DDX6	5.592511033	4.39170543	4.673542613	5.015745746	4.933890021	4.911934359
Ddx60	DDX60	2.292228873	4.000784638	3.510146324	4.084488666	3.919081189	3.879313446
Deaf1	DEAF1	2.292228873	4.000784638	3.763912372	4.836669376	4.23391141	4.634693451
Decr1	DECR1	4.711088618	5.205791466	5.590365196	5.58251833	5.582014991	5.258552798
Decr2	DECR2	6.299041974	6.15275112	6.352470645	6.310768688	6.049148446	6.048781729
Dedd	DEDD	3.602843836	4.39170543	4.560188889	4.472692728	4.517562398	4.495741634
Dedd2	DEDD2	4.091264967	4.935621319	3.970060753	4.430133851	3.733451903	4.340305924
Def8	DEF8	5.132612588	4.000784638	5.050590043	4.244315549	4.418340269	4.340305924
Degs1	DEGS1	4.938004346	5.3787305	5.278065415	5.070602553	5.233853228	4.54369877
Dek	DEK	5.832489373	4.274415856	3.763912372	4.430133851	4.359761994	4.44596579
Dele1	DELE1	5.132612588	4.598618344	5.411419086	4.958614196	4.811698872	4.495741634
Dennd1a	DENND1A	4.091264967	4.145159234	4.145532614	4.244315549	3.713078272	3.796124561
Dennd1b	DENND1B	4.437863651	4.49923408	4.299146326	4.513911063	4.429744728	4.54369877
Dennd3	DENND3	2.292228873	3.83650285	3.763912372	4.084488666	3.581976371	3.956906946
Dennd4a	DENND4A	4.091264967	4.274415856	3.970060753	4.084488666	4.06407965	4.163379181
Dennd4c	DENND4C	3.602843836	4.49923408	3.970060753	4.513911063	4.323292875	4.589975336
Dennd5a	DENND5A	4.711088618	4.39170543	4.965627447	4.38613548	4.56961092	4.340305924
Dennd5b	DENND5B	5.455297886	5.431937627	4.965627447	5.525421762	5.359747743	5.365866194
Dennd6b	DENND6B	4.711088618	3.64434534	4.145532614	4.026238469	3.375808356	3.608305404
Denr	DENR	4.938004346	5.143029108	4.87505964	4.340586378	4.609825279	4.284033266
Depdc5	DEPDC5	4.091264967	3.83650285	4.436203012	4.026238469	3.936095152	3.796124561
Depdc7	DEPDC7	4.711088618	4.39170543	4.145532614	4.340586378	4.517562398	4.634693451
Depp1	DEPP1	7.123778054	6.629398806	6.062515049	7.855632597	6.970679621	7.222748982
Deptor	DEPTOR	5.717571651	5.205791466	6.102142844	4.899001256	5.399317494	4.875631332
Dera	DERA	4.091264967	4.000784638	3.763912372	3.965024055	4.506901571	4.284033266
Derl1	DERL1	6.769803104	7.004058315	7.001192958	6.758600919	6.987261782	6.781522616
Derl2	DERL2	6.217134759	6.410802978	6.319280955	5.928367045	6.478216714	6.336681136
Derl3	DERL3	2.292228873	3.091498835	3.165820411	4.193286682	2.977494724	3.956906946
Desi1	DESI1	4.938004346	4.691084662	4.436203012	4.513911063	4.57977929	4.098370521
Desi2	DESI2	5.132612588	4.777589417	4.436203012	3.900470853	4.220611239	4.029715045
Dexi	DEXI	5.132612588	4.39170543	4.299146326	4.293360774	4.137695583	4.495741634
Dffb	DFFB	2.292228873	3.091498835	3.970060753	3.900470853	3.285101813	3.608305404
Dgat1	DGAT1	3.602843836	3.83650285	3.763912372	4.193286682	3.733451903	3.378600384
Dgat2	DGAT2	6.932274385	7.055214693	7.267335756	8.126495729	8.008030548	7.503198749
Dgcr2	DGCR2	4.711088618	5.265846922	5.278065415	5.403782997	5.658256906	5.558635233
Dgcr6	DGCR6L	5.132612588	5.323426062	5.050590043	4.513911063	4.949386997	5.313237834
Dgcr8	DGCR8	4.091264967	3.83650285	3.763912372	3.759393139	3.649551982	4.029715045
Dgkd	DGKD	4.938004346	4.691084662	4.965627447	5.58251833	4.589870308	4.875631332
Dgkq	DGKQ	6.376515331	5.077294272	5.411419086	5.54471171	4.347720348	4.634693451
Dgkz	DGKZ	4.938004346	5.3787305	5.346327862	5.942910413	5.102365673	5.313237834
Dglucy	DGLUCY	5.132612588	4.777589417	4.673542613	4.59267106	4.452258194	4.495741634
Dguok	DGUOK	3.602843836	3.64434534	3.510146324	4.140084684	3.901815905	4.098370521
Dhcr24	DHCR24	8.206373243	9.089857967	8.3825781	10.41691093	9.690236686	9.954605071
Dhcr7	DHCR7	5.132612588	5.143029108	5.346327862	6.782949095	7.250984591	7.271183235
Dhdds	DHDDS	4.437863651	4.274415856	4.778048871	4.59267106	4.732737389	4.9817748
Dhdh	DHDH	6.450013302	6.462339939	6.47803707	6.067525764	6.215296523	5.932536696
Dhfr	DHFR2	4.091264967	4.000784638	2.292228873	4.140084684	4.094059111	3.956906946
Dhodh	DHODH	2.292228873	3.64434534	3.510146324	3.965024055	3.604991145	3.956906946
Dhps	DHPS	4.437863651	3.408987266	4.145532614	4.140084684	3.6711476	4.340305924
Dhrs1	DHRS1	4.711088618	5.205791466	4.87505964	5.505864328	5.537249469	5.48940264
Dhrs11	DHRS11	5.592511033	4.691084662	4.965627447	4.38613548	4.193580519	4.634693451
Dhrs13	DHRS13	4.091264967	4.274415856	4.560188889	3.965024055	3.509645067	3.956906946
Dhrs3	DHRS3	6.376515331	7.342773463	6.674362744	7.396073651	7.065687463	7.222748982
Dhrs4	DHRS4	6.376515331	6.15275112	6.285303664	5.424800519	5.816134504	5.535933184
Dhrs7	DHRS7	4.711088618	4.691084662	4.673542613	4.737459092	4.894362663	4.44596579
Dhrs7b	DHRS7B	4.437863651	4.49923408	4.87505964	4.084488666	4.298390021	4.098370521
Dhtkd1	DHTKD1	5.592511033	5.714842213	5.979796879	5.525421762	5.227565727	5.339799106
Dhx15	DHX15	3.602843836	4.145159234	5.206296207	4.293360774	4.371692044	4.44596579
Dhx16	DHX16	5.132612588	4.691084662	4.673542613	4.702701458	4.57977929	4.634693451
Dhx30	DHX30	2.292228873	2.292228873	3.510146324	4.084488666	3.919081189	3.500138199
Dhx33	DHX33	2.292228873	4.000784638	4.436203012	4.140084684	4.001799157	3.796124561
Dhx34	DHX34	3.602843836	3.64434534	3.510146324	3.900470853	3.581976371	3.069261795
Dhx35	DHX35	3.602843836	3.408987266	3.763912372	3.900470853	3.285101813	3.500138199
Dhx36	DHX36	4.437863651	4.598618344	5.050590043	4.244315549	4.220611239	4.098370521
Dhx37	DHX37	4.091264967	2.292228873	4.299146326	3.900470853	3.792408556	3.706273732
Dhx38	DHX38	4.711088618	4.145159234	5.130626579	4.472692728	4.395226294	4.225153074
Dhx40	DHX40	5.132612588	4.49923408	4.145532614	4.140084684	4.123321403	3.956906946
Dhx57	DHX57	4.711088618	3.64434534	4.145532614	3.965024055	3.627507726	3.706273732
Dhx58	DHX58	4.711088618	3.64434534	4.299146326	4.38613548	4.359761994	3.956906946
Dhx8	DHX8	4.091264967	4.598618344	4.673542613	4.084488666	4.017673899	4.225153074
Dhx9	DHX9	5.717571651	5.205791466	4.673542613	5.293696035	4.845368866	4.9817748
Diaph1	DIAPH1	4.437863651	5.143029108	4.145532614	4.737459092	4.629485501	4.340305924
Diaph2	DIAPH2	4.437863651	5.077294272	4.778048871	4.193286682	4.441050082	4.44596579
Dicer1	DICER1	4.711088618	3.408987266	3.510146324	4.340586378	3.985710867	4.394213984
Dido1	DIDO1	4.437863651	4.39170543	4.145532614	4.59267106	4.629485501	3.956906946
Dimt1	DIMT1	4.091264967	3.091498835	3.165820411	3.832119018	3.375808356	3.796124561
Dio1	DIO1	4.437863651	5.265846922	5.130626579	5.424800519	5.726186956	6.064640927
Dip2b	DIP2B	4.437863651	3.091498835	3.970060753	3.965024055	3.534336095	3.378600384
Dip2c	DIP2C	3.602843836	4.145159234	3.510146324	4.140084684	3.792408556	3.608305404
Dipk2a	DIPK2A	4.091264967	4.691084662	4.299146326	4.55387734	5.081522395	4.911934359
Dixdc1	DIXDC1	4.091264967	4.274415856	3.970060753	4.55387734	3.753454394	4.029715045
Dlat	DLAT	3.602843836	4.49923408	3.763912372	3.965024055	4.589870308	4.495741634
Dlc1	DLC1	3.602843836	5.077294272	3.510146324	4.702701458	4.861896491	4.098370521
Dld	DLD	4.711088618	5.077294272	4.965627447	4.430133851	5.038869068	4.838335991
Dlg1	DLG1	5.132612588	4.598618344	5.346327862	4.771343338	4.994855223	4.54369877
Dlgap4	DLGAP4	5.717571651	4.858895188	4.778048871	5.015745746	4.768401571	5.391457635
Dlst	DLST	5.455297886	5.837581133	5.645304244	5.223230826	5.739390898	4.9817748
Dmac2	DMAC2	4.091264967	4.49923408	4.87505964	4.929131951	4.910310882	4.9817748
Dmap1	DMAP1	3.602843836	4.39170543	3.763912372	3.506312947	3.509645067	4.098370521
Dmd	DMD	4.711088618	5.008278679	4.145532614	4.140084684	4.589870308	3.956906946
Dmgdh	DMGDH	4.938004346	5.876245896	4.299146326	4.929131951	6.186780335	5.391457635
Dmpk	DMPK	6.450013302	5.580460698	6.250500172	5.505864328	4.496153589	4.911934359
Dmtf1	DMTF1	3.602843836	4.274415856	3.970060753	4.293360774	3.773101672	4.284033266
Dmwd	DMWD	4.437863651	4.000784638	3.510146324	4.667021062	4.207168762	3.956906946
Dmxl1	DMXL1	4.437863651	4.274415856	5.050590043	4.702701458	4.441050082	4.340305924
Dmxl2	DMXL2	3.602843836	4.691084662	3.165820411	3.506312947	3.811388859	3.500138199
Dnaja1	DNAJA1	3.602843836	4.39170543	3.970060753	3.759393139	4.57977929	4.495741634
Dnaja2	DNAJA2	5.132612588	5.671450398	5.473627628	5.015745746	5.47526284	5.441282574
Dnaja3	DNAJA3	5.717571651	5.431937627	4.673542613	4.293360774	5.567250281	5.416590921
Dnajb11	DNAJB11	5.303241568	5.913887648	6.21482895	5.774121432	6.349928438	6.542786317
Dnajb12	DNAJB12	6.037737533	5.143029108	5.645304244	5.424800519	5.799435188	5.230385876
Dnajb14	DNAJB14	3.602843836	3.83650285	3.970060753	3.900470853	4.048808169	4.163379181
Dnajb2	DNAJB2	5.455297886	5.077294272	4.965627447	4.836669376	4.750687228	5.230385876
Dnajb4	DNAJB4	4.437863651	4.39170543	4.436203012	4.140084684	4.452258194	4.54369877
Dnajb6	DNAJB6	4.437863651	4.777589417	4.436203012	4.38613548	4.861896491	5.17228453
Dnajb9	DNAJB9	5.132612588	4.858895188	5.53320357	4.804399523	5.202128193	5.048238323
Dnajc1	DNAJC1	4.437863651	3.408987266	4.436203012	4.293360774	4.23391141	4.54369877
Dnajc10	DNAJC10	6.130250267	5.008278679	5.845954352	4.899001256	5.506596863	5.111648885
Dnajc11	DNAJC11	4.091264967	4.145159234	4.145532614	4.340586378	4.696103889	4.677961688
Dnajc12	DNAJC12	2.292228873	3.408987266	2.292228873	3.006723736	4.441050082	5.048238323
Dnajc13	DNAJC13	4.091264967	4.000784638	4.436203012	4.55387734	4.094059111	4.225153074
Dnajc14	DNAJC14	4.091264967	5.143029108	4.87505964	4.771343338	5.095452721	5.258552798
Dnajc15	DNAJC15	5.303241568	4.858895188	4.436203012	4.193286682	4.53862862	4.284033266
Dnajc16	DNAJC16	3.602843836	4.39170543	4.145532614	4.899001256	4.506901571	4.225153074
Dnajc19	DNAJC19	4.091264967	3.091498835	3.763912372	3.759393139	3.753454394	4.029715045
Dnajc2	DNAJC2	4.091264967	4.274415856	3.970060753	3.965024055	3.581976371	4.284033266
Dnajc21	DNAJC21	4.938004346	4.935621319	4.965627447	4.193286682	4.298390021	4.589975336
Dnajc22	DNAJC22	5.717571651	6.183831903	5.891980982	5.465915875	6.063175188	5.824741032
Dnajc24	DNAJC24	3.602843836	4.145159234	4.436203012	4.193286682	3.969402258	3.956906946
Dnajc25	DNAJC25	3.602843836	4.777589417	4.560188889	4.702701458	5.046070042	4.799989364
Dnajc3	DNAJC3	6.586589754	6.968914599	7.021924646	6.428796444	7.270676177	7.479843643
Dnajc4	DNAJC4	2.292228873	4.000784638	3.970060753	4.084488666	4.108777455	3.879313446
Dnajc5	DNAJC5	5.303241568	4.935621319	4.299146326	4.737459092	4.549036926	4.719877086
Dnajc7	DNAJC7	4.711088618	4.691084662	4.778048871	4.929131951	4.496153589	4.44596579
Dnajc8	DNAJC8	2.292228873	3.64434534	3.510146324	4.026238469	4.137695583	3.706273732
Dnase1l3	DNASE1L3	2.292228873	3.408987266	3.510146324	3.832119018	4.298390021	3.706273732
Dnase2b	DNASE2B	3.602843836	3.83650285	5.278065415	4.667021062	4.506901571	4.225153074
Dnlz	DNLZ	4.437863651	4.49923408	3.165820411	4.193286682	4.335564778	3.796124561
Dnm1l	DNM1L	5.303241568	5.008278679	4.965627447	4.86819141	4.732737389	5.015407237
Dnm2	DNM2	3.602843836	5.077294272	3.970060753	4.737459092	4.886318221	4.838335991
Dnmbp	DNMBP	5.938807313	5.205791466	5.411419086	5.097235377	4.820194892	5.080306881
Dnmt3a	DNMT3A	4.938004346	4.274415856	3.970060753	4.430133851	4.272990782	4.394213984
Dnpep	DNPEP	3.602843836	4.777589417	3.970060753	4.55387734	4.549036926	4.634693451
Dnttip1	DNTTIP1	4.091264967	3.091498835	4.673542613	4.55387734	4.179842907	4.098370521
Dock1	DOCK1	5.132612588	4.598618344	4.778048871	4.804399523	4.811698872	4.677961688
Dock4	DOCK4	4.437863651	3.408987266	4.145532614	4.702701458	3.936095152	4.589975336
Dock5	DOCK5	3.602843836	4.000784638	3.510146324	4.737459092	4.310902149	4.394213984
Dock6	DOCK6	3.602843836	4.49923408	3.510146324	5.070602553	4.53862862	4.340305924
Dock7	DOCK7	3.602843836	4.000784638	3.510146324	4.472692728	3.773101672	3.879313446
Dock8	DOCK8	3.602843836	3.83650285	3.970060753	3.900470853	4.017673899	3.069261795
Dohh	DOHH	4.437863651	4.598618344	4.560188889	4.55387734	4.310902149	4.495741634
Dolpp1	DOLPP1	3.602843836	2.292228873	3.763912372	3.900470853	3.627507726	3.378600384
Donson	DONSON	4.091264967	3.64434534	3.510146324	3.900470853	3.218881094	3.500138199
Dop1a	DOP1A	4.091264967	3.091498835	3.165820411	3.900470853	3.811388859	3.956906946
Dop1b	DOP1B	4.938004346	5.077294272	4.560188889	4.293360774	4.207168762	4.911934359
Dot1l	DOT1L	4.091264967	4.000784638	3.763912372	4.430133851	4.017673899	4.163379181
Dpagt1	DPAGT1	4.091264967	4.598618344	3.165820411	4.958614196	4.463370872	4.634693451
Dpf2	DPF2	4.938004346	4.39170543	4.436203012	4.430133851	4.06407965	4.163379181
Dph3	DPH3	3.602843836	4.274415856	4.436203012	3.900470853	3.848420524	4.284033266
Dph5	DPH5	5.132612588	4.39170543	3.970060753	3.832119018	3.773101672	4.098370521
Dph6	DPH6	3.602843836	2.292228873	4.145532614	4.026238469	3.830055489	3.378600384
Dpm1	DPM1	4.437863651	4.777589417	4.87505964	4.472692728	4.686787391	4.719877086
Dpm2	DPM2	2.292228873	4.274415856	3.970060753	4.026238469	3.866495286	3.956906946
Dpm3	DPM3	5.303241568	5.323426062	4.778048871	5.54471171	5.354002693	5.391457635
Dpp3	DPP3	4.091264967	4.691084662	5.130626579	4.702701458	4.845368866	4.54369877
Dpp4	DPP4	5.455297886	5.265846922	6.021755502	4.804399523	5.156462374	4.760526782
Dpp7	DPP7	6.037737533	4.49923408	4.778048871	4.836669376	4.658443166	4.634693451
Dpp8	DPP8	5.455297886	4.777589417	4.87505964	5.043446632	4.59988523	5.416590921
Dpp9	DPP9	4.938004346	5.431937627	4.87505964	5.123365638	5.421437957	5.748050545
Dpy19l1	DPY19L1	4.437863651	4.49923408	4.778048871	4.293360774	4.485316891	3.879313446
Dpy19l4	DPY19L4	2.292228873	3.408987266	3.763912372	4.084488666	3.509645067	3.706273732
Dpy30	DPY30	4.437863651	4.39170543	4.560188889	3.832119018	4.359761994	4.225153074
Dpyd	DPYD	6.932274385	7.071870438	6.565484421	6.566195247	6.972531552	7.401213311
Dpys	DPYS	6.519926337	6.560169428	6.7509247	5.293696035	5.965703069	5.558635233
Dram2	DRAM2	4.938004346	4.691084662	4.436203012	4.38613548	4.549036926	4.44596579
Drap1	DRAP1	5.303241568	6.48742995	5.53320357	5.316416351	5.756807139	5.767614962
Drc1	DRC1	4.091264967	2.292228873	3.165820411	4.472692728	3.509645067	3.378600384
Drg1	DRG1	4.437863651	5.532670511	5.473627628	4.38613548	4.870085739	4.225153074
Drg2	DRG2	5.132612588	4.598618344	4.87505964	4.140084684	4.406834785	4.677961688
Dsc2	DSC2	6.376515331	5.876245896	5.698190108	5.971559188	5.743765041	5.602972942
Dsg2	DSG2	5.455297886	6.08848473	6.140700639	6.489300208	6.805929644	6.126372578
Dsp	DSP	4.437863651	6.273215603	4.673542613	5.015745746	5.542294097	5.48940264
Dst	DST	5.938807313	5.431937627	5.130626579	5.985670459	5.095452721	5.728212593
Dstn	DSTN	4.711088618	5.143029108	5.050590043	4.667021062	5.437802773	5.339799106
Dstyk	DSTYK	4.091264967	4.145159234	3.970060753	3.759393139	3.952866194	4.029715045
Dtd2	DTD2	3.602843836	4.145159234	3.510146324	3.832119018	3.884290412	3.706273732
Dtnbp1	DTNBP1	3.602843836	4.598618344	4.673542613	5.247116631	5.136422471	4.947299018
Dtx3	DTX3	4.437863651	3.091498835	4.299146326	4.340586378	3.146804666	3.879313446
Dtx3l	DTX3L	4.711088618	4.858895188	3.970060753	3.900470853	4.359761994	4.44596579
Dtx4	DTX4	3.602843836	4.000784638	3.970060753	3.759393139	3.581976371	3.956906946
Dtymk	DTYMK	4.091264967	4.777589417	4.87505964	4.513911063	4.463370872	4.225153074
Dus1l	DUS1L	5.132612588	5.077294272	4.965627447	4.899001256	4.878226113	4.54369877
Dus3l	DUS3L	4.091264967	4.274415856	4.87505964	4.86819141	3.901815905	4.394213984
Dusp1	DUSP1	6.450013302	5.837581133	5.645304244	5.424800519	4.395226294	5.313237834
Dusp10	DUSP10	4.711088618	3.64434534	3.165820411	4.293360774	3.581976371	3.378600384
Dusp11	DUSP11	4.437863651	5.077294272	5.346327862	5.174194573	5.088505083	5.201638223
Dusp12	DUSP12	4.938004346	4.691084662	3.970060753	4.293360774	4.323292875	4.44596579
Dusp16	DUSP16	3.602843836	4.691084662	3.763912372	4.293360774	4.359761994	4.284033266
Dusp22	DUSP22	2.292228873	3.64434534	3.510146324	4.193286682	3.969402258	4.029715045
Dusp23	DUSP23	2.292228873	3.64434534	3.510146324	3.900470853	3.458330152	3.706273732
Dusp4	DUSP4	4.437863651	2.292228873	3.970060753	4.38613548	3.604991145	4.098370521
Dusp5	DUSP5	2.292228873	2.292228873	2.292228873	5.403782997	4.696103889	4.677961688
Dusp6	DUSP6	5.938807313	5.671450398	5.050590043	6.861253488	6.652559452	6.68256055
Dvl1	DVL1	5.717571651	5.431937627	5.278065415	6.332964318	5.63014556	5.767614962
Dvl3	DVL3	4.711088618	4.39170543	4.778048871	4.340586378	4.033341529	4.340305924
Dxo	DXO	4.938004346	4.274415856	4.145532614	4.38613548	4.07916153	4.394213984
Dym	DYM	4.711088618	4.000784638	4.560188889	4.140084684	4.452258194	4.340305924
Dync1h1	DYNC1H1	4.091264967	5.077294272	4.673542613	5.043446632	5.264872592	5.015407237
Dync1i2	DYNC1I2	4.711088618	4.691084662	4.145532614	3.965024055	4.151904426	4.394213984
Dync1li1	DYNC1LI1	5.132612588	4.274415856	3.970060753	4.667021062	4.285753821	4.163379181
Dync1li2	DYNC1LI2	5.132612588	4.691084662	4.673542613	4.771343338	4.23391141	4.098370521
Dynll2	DYNLL2	6.217134759	7.088335588	6.021755502	5.853334489	6.380999023	6.156265924
Dynlrb1	DYNLRB1	4.437863651	5.205791466	4.436203012	4.899001256	5.40488035	5.313237834
Dyrk1a	DYRK1A	4.091264967	3.83650285	4.560188889	4.084488666	4.108777455	4.098370521
Dyrk1b	DYRK1B	4.938004346	4.145159234	4.299146326	4.430133851	4.108777455	4.163379181
Dyrk2	DYRK2	4.091264967	4.49923408	4.436203012	4.702701458	4.957070321	4.799989364
E2f4	E2F4	2.292228873	4.49923408	4.436203012	4.804399523	4.686787391	5.080306881
E2f5	E2F5	4.091264967	2.292228873	3.510146324	3.900470853	3.183661984	3.796124561
E2f6	E2F6	3.602843836	3.091498835	2.292228873	3.405683862	3.649551982	4.029715045
E4f1	E4F1	4.091264967	3.408987266	3.165820411	4.38613548	3.404129273	3.608305404
Eaf1	EAF1	4.437863651	5.008278679	3.763912372	3.965024055	5.176217313	5.142297742
Eapp	EAPP	4.091264967	4.598618344	4.299146326	4.340586378	4.485316891	4.340305924
Ears2	EARS2	4.091264967	4.49923408	4.436203012	4.38613548	3.936095152	3.879313446
Ebag9	EBAG9	4.437863651	4.691084662	4.436203012	4.244315549	4.395226294	4.394213984
Ebna1bp2	EBNA1BP2	3.602843836	4.145159234	4.299146326	4.430133851	4.207168762	4.225153074
Ebp	EBP	5.132612588	5.714842213	5.278065415	6.040759143	6.218430171	6.126372578
Ebpl	EBPL	4.711088618	6.055233373	5.845954352	5.868660856	6.355627992	6.064640927
Ecd	ECD	3.602843836	3.83650285	3.763912372	4.026238469	3.936095152	4.163379181
Ece1	ECE1	5.592511033	5.714842213	5.845954352	6.376349544	7.025225906	6.485180904
Ech1	ECH1	5.938807313	6.08848473	6.140700639	6.1323258	6.586311001	6.297019917
Echdc1	ECHDC1	3.602843836	4.49923408	4.299146326	3.506312947	4.750687228	4.677961688
Echdc2	ECHDC2	7.764434086	7.535123036	7.978707709	7.781155845	7.257072276	7.331153637
Echdc3	ECHDC3	4.711088618	4.777589417	4.560188889	4.59267106	4.811698872	4.340305924
Echs1	ECHS1	5.832489373	6.021188752	5.936565594	5.619339583	6.467734648	5.897504338
Eci1	ECI1	5.132612588	5.580460698	5.473627628	4.38613548	5.786780602	5.708093218
Eci2	ECI2	4.437863651	5.205791466	5.798387868	5.293696035	5.672105977	6.141397425
Ecm1	ECM1	2.292228873	3.408987266	3.510146324	4.630363967	4.406834785	4.029715045
Ecpas	ECPAS	4.437863651	5.143029108	5.278065415	5.707406928	5.195695557	5.17228453
Ecsit	ECSIT	3.602843836	4.145159234	4.299146326	4.026238469	4.247072608	3.796124561
Edc3	EDC3	4.437863651	4.49923408	4.145532614	4.340586378	4.017673899	4.163379181
Edem1	EDEM1	6.769803104	6.583618879	6.620955555	6.469414622	6.820403317	6.926923121
Edem2	EDEM2	6.217134759	6.183831903	5.798387868	5.928367045	5.99893953	6.11118803
Edem3	EDEM3	4.711088618	4.598618344	4.87505964	4.702701458	4.496153589	4.495741634
Edf1	EDF1	5.592511033	6.436803053	5.749173232	5.971559188	6.45452338	6.598167856
Edrf1	EDRF1	2.292228873	3.091498835	4.145532614	3.965024055	3.649551982	3.238392553
Eea1	EEA1	4.938004346	4.39170543	4.673542613	3.900470853	4.07916153	4.340305924
Eed	EED	2.292228873	2.292228873	3.763912372	3.965024055	3.558435071	3.238392553
Eef1a1	EEF1A1	8.002272705	8.011234477	8.080930322	7.919156812	8.573039433	7.382441624
Eef1akmt4	EEF1AKMT4	4.437863651	4.145159234	4.145532614	3.900470853	3.952866194	4.029715045
Eef1b2	EEF1B2	5.832489373	6.214251337	6.102142844	5.957306801	6.196349057	6.095840312
Eef1d	EEF1D	4.938004346	4.598618344	5.346327862	5.174194573	4.803149344	5.015407237
Eef1g	EEF1G	4.938004346	5.143029108	5.050590043	5.601048842	5.582014991	5.624630897
Eef2	EEF2	6.217134759	6.536330397	6.507782463	7.19324039	6.591145777	6.141397425
Eefsec	EEFSEC	4.437863651	4.39170543	4.560188889	3.832119018	4.048808169	4.163379181
Eepd1	EEPD1	4.711088618	4.39170543	4.299146326	5.774121432	5.283158748	5.465548216
Efcab14	EFCAB14	3.602843836	4.000784638	4.145532614	4.293360774	4.272990782	4.284033266
Efhd2	EFHD2	4.711088618	5.143029108	5.050590043	4.293360774	5.046070042	5.441282574
Efna1	EFNA1	6.130250267	5.671450398	5.936565594	6.508913831	6.224676945	6.800522597
Efnb1	EFNB1	4.091264967	4.145159234	3.510146324	4.140084684	4.048808169	3.706273732
Eftud2	EFTUD2	4.091264967	4.691084662	4.560188889	4.244315549	4.179842907	4.225153074
Egfl7	EGFL7	3.602843836	3.091498835	3.165820411	5.043446632	4.285753821	4.394213984
Egfr	EGFR	7.123778054	6.716799371	7.56427435	6.985301778	8.728867583	8.146484863
Egln1	EGLN1	4.091264967	4.777589417	4.965627447	4.026238469	4.714545298	4.799989364
Egln2	EGLN2	5.455297886	5.48320442	5.050590043	5.6728344	5.270994609	5.080306881
Egln3	EGLN3	3.602843836	3.091498835	3.763912372	4.472692728	4.957070321	4.495741634
Egr1	EGR1	2.292228873	5.48320442	5.798387868	6.157444528	7.169408911	7.277971297
Ehbp1	EHBP1	2.292228873	3.408987266	4.436203012	4.340586378	3.936095152	4.225153074
Ehbp1l1	EHBP1L1	4.938004346	4.000784638	3.763912372	5.015745746	4.285753821	4.838335991
Ehd3	EHD3	2.292228873	3.091498835	3.510146324	3.506312947	3.713078272	4.163379181
Ehhadh	EHHADH	5.832489373	6.583618879	5.698190108	5.54471171	5.721758183	5.861587929
Ehmt1	EHMT1	4.938004346	4.39170543	4.299146326	4.929131951	4.359761994	4.760526782
Ehmt2	EHMT2	5.592511033	6.021188752	5.346327862	6.428796444	5.189233058	5.111648885
Ei24	EI24	4.711088618	5.323426062	4.965627447	4.804399523	4.658443166	5.080306881
Eid3	EID3	4.091264967	4.000784638	5.050590043	4.026238469	3.713078272	3.796124561
Eif1a	EIF1AY	4.711088618	5.265846922	4.778048871	4.630363967	5.690363243	6.01652452
Eif1b	EIF1B	3.602843836	3.64434534	2.292228873	3.832119018	3.952866194	3.796124561
Eif2a	EIF2A	4.437863651	3.64434534	4.145532614	4.340586378	4.001799157	4.225153074
Eif2ak1	EIF2AK1	4.437863651	4.274415856	3.970060753	4.193286682	4.193580519	4.54369877
Eif2ak2	EIF2AK2	3.602843836	3.83650285	3.970060753	4.244315549	4.179842907	4.340305924
Eif2ak3	EIF2AK3	5.303241568	4.49923408	5.130626579	4.836669376	4.705356213	4.634693451
Eif2ak4	EIF2AK4	4.711088618	4.274415856	3.970060753	4.513911063	4.033341529	4.54369877
Eif2b3	EIF2B3	2.292228873	3.408987266	3.763912372	3.900470853	3.773101672	3.956906946
Eif2b4	EIF2B4	3.602843836	4.274415856	4.673542613	4.026238469	4.559363906	4.44596579
Eif2b5	EIF2B5	5.132612588	4.777589417	4.560188889	4.472692728	4.648860167	5.048238323
Eif2d	EIF2D	5.303241568	4.598618344	4.778048871	4.430133851	4.094059111	3.796124561
Eif2s1	EIF2S1	4.091264967	4.274415856	3.510146324	4.430133851	4.359761994	4.54369877
Eif3a	EIF3A	4.437863651	4.000784638	4.145532614	4.140084684	4.07916153	3.956906946
Eif3b	EIF3B	4.711088618	4.39170543	5.411419086	4.702701458	4.705356213	4.719877086
Eif3c	EIF3C	4.091264967	3.83650285	3.970060753	4.472692728	4.845368866	4.44596579
Eif3d	EIF3D	4.711088618	5.3787305	5.206296207	4.513911063	5.067450382	4.54369877
Eif3f	EIF3F	4.091264967	4.274415856	4.436203012	4.340586378	4.441050082	4.163379181
Eif3g	EIF3G	4.711088618	5.265846922	5.698190108	4.86819141	5.552329575	5.512859863
Eif3h	EIF3H	3.602843836	4.274415856	3.510146324	4.084488666	4.371692044	4.029715045
Eif3i	EIF3I	2.292228873	4.49923408	3.970060753	4.140084684	4.151904426	4.284033266
Eif3k	EIF3K	3.602843836	5.431937627	5.206296207	5.043446632	5.324918783	5.015407237
Eif3l	EIF3L	4.938004346	5.431937627	5.411419086	4.193286682	4.941660401	4.340305924
Eif3m	EIF3M	2.292228873	3.83650285	3.763912372	3.832119018	3.713078272	3.500138199
Eif4a1	EIF4A1	5.132612588	5.143029108	5.53320357	5.293696035	5.382495462	5.339799106
Eif4a2	EIF4A2	7.252341272	7.120711253	7.001192958	6.790974328	6.542049022	6.630399222
Eif4b	EIF4B	6.130250267	6.12097931	6.352470645	6.343934444	5.586902468	5.786913403
Eif4e	EIF4E	4.091264967	4.274415856	4.145532614	3.832119018	3.919081189	3.796124561
Eif4e2	EIF4E2	4.711088618	5.143029108	4.436203012	4.630363967	5.252547451	4.589975336
Eif4ebp1	EIF4EBP1	3.602843836	4.858895188	5.411419086	4.929131951	5.136422471	4.9817748
Eif4ebp2	EIF4EBP2	5.832489373	6.329846336	5.590365196	6.45936745	6.709232705	6.449473282
Eif4ebp3	EIF4EBP3	3.602843836	4.598618344	5.346327862	4.140084684	4.429744728	4.029715045
Eif4enif1	EIF4ENIF1	2.292228873	3.83650285	3.763912372	3.900470853	3.919081189	4.098370521
Eif4g1	EIF4G1	5.455297886	5.714842213	6.44766158	5.54471171	6.127982518	6.242368791
Eif4g2	EIF4G2	5.717571651	5.205791466	5.979796879	5.198928573	5.778281131	5.416590921
Eif4g3	EIF4G3	4.437863651	4.598618344	4.436203012	5.043446632	4.853657745	5.080306881
Eif4h	EIF4H	5.592511033	4.49923408	4.87505964	4.513911063	4.517562398	4.394213984
Eif5	EIF5	4.711088618	4.39170543	3.763912372	3.965024055	4.033341529	3.956906946
Eif5a	EIF5A	5.303241568	5.431937627	5.53320357	4.340586378	5.426914089	5.230385876
Eif5b	EIF5B	2.292228873	4.39170543	4.560188889	3.900470853	3.952866194	3.706273732
Eif6	EIF6	4.091264967	5.532670511	5.698190108	5.043446632	4.964710879	5.441282574
Eipr1	EIPR1	2.292228873	4.145159234	3.510146324	3.832119018	3.604991145	3.500138199
Elac2	ELAC2	2.292228873	3.64434534	3.510146324	3.900470853	4.07916153	4.225153074
Elavl1	ELAVL1	4.437863651	4.274415856	4.560188889	4.702701458	4.820194892	4.799989364
Elf1	ELF1	4.091264967	3.83650285	4.299146326	4.026238469	3.713078272	3.796124561
Elf2	ELF2	4.711088618	4.39170543	4.778048871	4.472692728	4.094059111	4.589975336
Elk4	ELK4	4.711088618	5.265846922	4.87505964	4.667021062	5.307174032	5.258552798
Ell	ELL	4.938004346	5.265846922	5.346327862	5.563741544	5.189233058	4.911934359
Ell2	ELL2	4.437863651	5.431937627	5.590365196	5.293696035	5.169663478	5.441282574
Elmo2	ELMO2	2.292228873	3.408987266	3.165820411	4.244315549	3.146804666	3.069261795
Elmo3	ELMO3	4.437863651	3.83650285	4.145532614	4.293360774	3.811388859	3.500138199
Elmod2	ELMOD2	4.711088618	4.145159234	3.510146324	4.084488666	3.901815905	4.340305924
Elmod3	ELMOD3	5.132612588	3.83650285	4.145532614	4.244315549	4.06407965	3.956906946
Eloa	ELOA	4.091264967	4.598618344	4.299146326	4.140084684	4.528137589	4.634693451
Elob	ELOB	4.091264967	6.021188752	5.346327862	4.667021062	5.92014641	5.666976855
Elof1	ELOF1	3.602843836	3.83650285	3.970060753	3.162995548	4.033341529	4.098370521
Elovl1	ELOVL1	5.132612588	4.39170543	4.436203012	5.043446632	4.979865668	5.2861627
Elovl2	ELOVL2	6.769803104	6.838672662	5.798387868	6.838206811	7.719447947	7.18712744
Elovl5	ELOVL5	7.167920699	7.021313351	6.70033948	7.269822625	8.026845683	7.201482005
Elovl6	ELOVL6	5.132612588	5.532670511	4.778048871	5.54471171	5.99893953	5.786913403
Elp1	ELP1	2.292228873	3.091498835	4.778048871	4.340586378	3.830055489	3.879313446
Elp3	ELP3	4.938004346	4.145159234	4.560188889	4.140084684	4.179842907	4.54369877
Elp4	ELP4	2.292228873	3.64434534	3.763912372	3.597638182	3.952866194	3.956906946
Elp5	ELP5	4.938004346	4.598618344	4.436203012	4.193286682	4.589870308	4.495741634
Emc1	EMC1	5.132612588	4.274415856	5.53320357	5.774121432	5.324918783	5.949734918
Emc10	EMC10	5.938807313	5.714842213	5.891980982	6.964174033	6.670939368	6.608992256
Emc2	EMC2	2.292228873	4.691084662	4.145532614	3.292857758	3.6711476	3.500138199
Emc3	EMC3	4.091264967	4.598618344	4.87505964	4.244315549	5.258723621	4.44596579
Emc4	EMC4	5.132612588	4.777589417	5.050590043	4.293360774	4.837029207	5.015407237
Emc6	EMC6	4.437863651	5.714842213	4.965627447	4.86819141	5.448607797	5.416590921
Emc7	EMC7	5.592511033	5.797835345	5.645304244	5.790321307	5.896809668	5.861587929
Emc8	EMC8	4.437863651	4.145159234	4.145532614	4.193286682	3.969402258	4.163379181
Emc9	EMC9	2.292228873	4.935621319	4.778048871	4.630363967	4.383512751	4.163379181
Emd	EMD	4.437863651	3.83650285	3.763912372	3.900470853	3.692316346	3.500138199
Eme2	EME2	3.602843836	3.64434534	2.292228873	4.026238469	3.218881094	3.706273732
Emg1	EMG1	4.711088618	4.598618344	4.299146326	4.987476573	4.741742161	5.048238323
Emilin1	EMILIN1	2.292228873	3.091498835	3.165820411	4.472692728	3.558435071	3.378600384
Eml3	EML3	2.292228873	3.64434534	4.145532614	4.630363967	4.017673899	3.879313446
Eml4	EML4	4.437863651	3.83650285	3.970060753	4.667021062	4.165952177	4.284033266
Emp2	EMP2	2.292228873	4.598618344	3.970060753	4.340586378	4.310902149	4.225153074
Emsy	EMSY	3.602843836	2.292228873	3.763912372	3.681556414	3.969402258	4.284033266
Enc1	ENC1	4.711088618	5.143029108	4.436203012	4.472692728	3.848420524	4.098370521
Endog	ENDOG	4.091264967	5.008278679	4.299146326	4.702701458	5.122899962	4.838335991
Endov	ENDOV	4.437863651	3.408987266	3.970060753	3.965024055	3.733451903	3.378600384
Eng	ENG	3.602843836	3.091498835	4.145532614	4.472692728	4.777172461	3.956906946
Enho	ENHO	2.292228873	3.408987266	2.292228873	3.965024055	4.220611239	4.760526782
Enpep	ENPEP	5.938807313	5.48320442	5.53320357	4.59267106	5.840821214	5.708093218
Enpp1	ENPP1	4.437863651	4.145159234	3.970060753	5.174194573	4.878226113	4.54369877
Enpp2	ENPP2	6.037737533	5.75694536	6.847046914	6.790974328	6.249394772	5.80595311
Enpp3	ENPP3	4.938004346	5.077294272	5.050590043	4.958614196	4.979865668	4.760526782
Enpp5	ENPP5	5.132612588	4.39170543	4.560188889	4.38613548	3.792408556	3.796124561
Ensa	ENSA	2.292228873	3.83650285	4.299146326	3.597638182	4.260098036	4.44596579
Entpd2	ENTPD2	5.303241568	4.935621319	5.050590043	5.445508409	4.441050082	4.163379181
Entpd5	ENTPD5	8.268454984	7.582356345	7.646612694	7.131427436	6.814218154	6.969502074
Entpd6	ENTPD6	2.292228873	3.091498835	3.510146324	4.084488666	3.811388859	4.284033266
Entpd7	ENTPD7	3.602843836	3.64434534	3.970060753	3.681556414	3.811388859	4.098370521
Entpd8	ENTPD8	6.376515331	5.431937627	5.473627628	5.619339583	5.625405558	5.558635233
Entr1	ENTR1	4.091264967	3.83650285	4.299146326	3.759393139	4.323292875	4.589975336
Ep300	EP300	2.292228873	4.777589417	4.673542613	4.193286682	4.298390021	4.589975336
Ep400	EP400	3.602843836	4.145159234	3.763912372	4.513911063	4.648860167	4.589975336
Epas1	EPAS1	5.592511033	5.323426062	5.346327862	6.594000661	7.232565546	7.407416562
Epb41	EPB41	5.303241568	5.797835345	5.278065415	5.293696035	5.469972058	5.915128259
Epb41l4b	EPB41L4B	4.437863651	4.39170543	5.53320357	5.015745746	5.088505083	5.142297742
Epb41l5	EPB41L5	2.292228873	4.598618344	4.673542613	4.804399523	4.517562398	4.589975336
Epc1	EPC1	4.711088618	5.008278679	5.473627628	5.015745746	4.732737389	4.838335991
Epc2	EPC2	2.292228873	3.83650285	3.510146324	3.832119018	3.484323889	3.500138199
Epha1	EPHA1	5.132612588	5.714842213	5.130626579	6.230256216	5.639578189	5.2861627
Epha2	EPHA2	5.303241568	5.626687005	4.673542613	5.424800519	5.388125233	5.313237834
Ephb4	EPHB4	5.303241568	4.935621319	4.778048871	4.836669376	4.56961092	5.048238323
Ephx1	EPHX1	9.082432799	9.354049098	9.243041335	8.430761878	8.053305505	7.943855485
Ephx2	EPHX2	6.586589754	6.560169428	6.536923513	6.376349544	5.752473078	5.748050545
Epm2aip1	EPM2AIP1	2.292228873	4.49923408	4.145532614	4.084488666	4.619691648	4.838335991
Epn1	EPN1	5.592511033	6.651752694	6.47803707	6.964174033	6.569259861	6.672278765
Epn2	EPN2	4.091264967	3.83650285	4.436203012	4.084488666	3.773101672	4.394213984
Eppk1	EPPK1	6.650293701	7.940512279	7.159239985	5.942910413	7.619080395	6.856060415
Eps15	EPS15	4.938004346	4.777589417	4.560188889	4.472692728	4.886318221	4.634693451
Eps15l1	EPS15L1	3.602843836	3.64434534	2.292228873	3.965024055	3.649551982	4.029715045
Eps8l2	EPS8L2	5.832489373	5.323426062	4.778048871	5.382446192	5.189233058	4.760526782
Eral1	ERAL1	3.602843836	4.145159234	3.510146324	3.832119018	3.604991145	3.706273732
Erap1	ERAP1	4.437863651	4.935621319	4.87505964	4.244315549	5.143134628	4.838335991
Erbb3	ERBB3	5.938807313	5.837581133	5.590365196	6.253725688	6.05617905	5.861587929
Erbin	ERBIN	2.292228873	4.145159234	4.145532614	4.193286682	4.429744728	4.760526782
Erc1	ERC1	4.437863651	5.205791466	5.473627628	4.899001256	5.307174032	5.441282574
Erc2	ERC2	3.602843836	4.000784638	3.970060753	3.832119018	3.830055489	3.796124561
Ercc2	ERCC2	3.602843836	3.64434534	3.165820411	4.026238469	3.649551982	4.225153074
Ercc3	ERCC3	5.303241568	4.39170543	4.299146326	4.244315549	4.033341529	3.956906946
Ercc6	ERCC6	4.711088618	4.49923408	4.673542613	4.804399523	4.395226294	4.495741634
Erf	ERF	5.303241568	4.691084662	4.299146326	4.737459092	4.629485501	4.54369877
Erg28	ERG28	4.437863651	4.935621319	3.763912372	6.218375491	6.137951695	6.141397425
Ergic1	ERGIC1	5.303241568	5.008278679	5.53320357	4.667021062	5.916283421	4.875631332
Ergic2	ERGIC2	4.437863651	4.49923408	4.560188889	4.55387734	4.310902149	4.225153074
Ergic3	ERGIC3	6.037737533	5.876245896	5.346327862	6.027185158	5.662888329	5.786913403
Eri1	ERI1	3.602843836	2.292228873	3.165820411	3.832119018	3.218881094	3.500138199
Eri3	ERI3	5.455297886	4.274415856	4.87505964	4.737459092	4.285753821	4.760526782
Erich4	ERICH4	2.292228873	2.292228873	2.292228873	4.804399523	3.753454394	3.706273732
Erlec1	ERLEC1	4.711088618	5.008278679	5.206296207	4.836669376	4.441050082	4.719877086
Erlin1	ERLIN1	5.832489373	5.008278679	5.411419086	5.360779987	5.735003227	5.64596224
Erlin2	ERLIN2	4.938004346	5.008278679	4.560188889	4.340586378	4.506901571	4.634693451
Ermp1	ERMP1	6.217134759	5.671450398	5.749173232	5.223230826	4.979865668	4.677961688
Ern1	ERN1	6.130250267	5.986311642	6.21482895	6.18212939	5.954449752	6.032744293
Erp29	ERP29	5.132612588	5.48320442	5.590365196	6.428796444	6.013466183	6.349661138
Erp44	ERP44	4.711088618	4.145159234	5.130626579	4.340586378	5.046070042	4.838335991
Errfi1	ERRFI1	7.927270394	7.797760816	8.512627163	8.116966625	8.287526913	8.578784584
Esco1	ESCO1	4.091264967	3.091498835	4.145532614	4.244315549	3.431616404	3.796124561
Esr1	ESR1	3.602843836	4.274415856	4.145532614	4.140084684	4.886318221	4.589975336
Esrp2	ESRP2	4.091264967	4.777589417	4.436203012	4.929131951	4.741742161	4.9817748
Esrra	ESRRA	5.132612588	5.077294272	5.411419086	5.774121432	4.759573426	4.677961688
Esyt1	ESYT1	4.437863651	4.598618344	4.436203012	4.513911063	4.359761994	3.879313446
Esyt2	ESYT2	4.938004346	4.598618344	4.778048871	5.247116631	4.714545298	5.048238323
Etfa	ETFA	5.592511033	6.301810971	5.749173232	5.58251833	6.430431906	6.156265924
Etfb	ETFB	5.592511033	7.198600589	6.725854739	6.782949095	7.708388335	7.598439069
Etfbkmt	ETFBKMT	7.292764937	6.87710388	7.301636339	5.316416351	5.40488035	5.983520849
Etfdh	ETFDH	5.132612588	5.265846922	5.278065415	4.630363967	5.156462374	5.230385876
Etfrf1	ETFRF1	4.938004346	4.691084662	4.560188889	4.140084684	4.179842907	4.284033266
Ethe1	ETHE1	3.602843836	5.580460698	4.965627447	4.084488666	4.56961092	4.225153074
Etnk1	ETNK1	5.303241568	6.021188752	5.53320357	6.310768688	6.267656878	6.283551535
Etnk2	ETNK2	6.826025488	6.914534475	6.725854739	6.218375491	6.392132411	6.461474898
Etnppl	ETNPPL	4.437863651	6.08848473	4.965627447	3.292857758	3.901815905	3.879313446
Ets1	ETS1	3.602843836	3.64434534	3.510146324	4.244315549	4.165952177	3.796124561
Ets2	ETS2	5.303241568	5.714842213	4.965627447	5.149012642	4.768401571	4.760526782
Etv3	ETV3	4.091264967	4.145159234	3.165820411	3.965024055	3.733451903	3.608305404
Eva1a	EVA1A	5.717571651	5.913887648	6.021755502	5.837841147	6.318168885	6.323582414
Eva1b	EVA1B	2.292228873	3.091498835	3.763912372	3.832119018	3.183661984	2.84495281
Evi5	EVI5	5.832489373	5.48320442	4.965627447	4.804399523	5.031630323	4.911934359
Evi5l	EVI5L	2.292228873	3.408987266	3.510146324	3.832119018	3.346584847	3.706273732
Ewsr1	EWSR1	2.292228873	3.091498835	3.970060753	4.026238469	3.534336095	3.956906946
Exd2	EXD2	4.437863651	3.83650285	3.970060753	4.38613548	3.773101672	3.706273732
Exoc1	EXOC1	4.091264967	3.64434534	2.292228873	4.026238469	3.811388859	3.706273732
Exoc2	EXOC2	2.292228873	3.83650285	3.165820411	3.832119018	3.733451903	3.608305404
Exoc4	EXOC4	4.938004346	4.691084662	4.778048871	4.430133851	4.619691648	4.760526782
Exoc5	EXOC5	5.132612588	4.691084662	4.436203012	4.293360774	4.123321403	4.634693451
Exoc6b	EXOC6B	4.437863651	4.000784638	4.299146326	3.506312947	3.811388859	4.098370521
Exoc7	EXOC7	4.437863651	3.408987266	4.560188889	4.340586378	4.418340269	4.225153074
Exoc8	EXOC8	2.292228873	3.83650285	3.970060753	3.832119018	4.108777455	4.163379181
Exosc10	EXOSC10	4.091264967	4.39170543	3.510146324	4.193286682	4.151904426	3.796124561
Exosc4	EXOSC4	2.292228873	4.274415856	4.560188889	3.900470853	4.165952177	4.029715045
Exosc5	EXOSC5	4.437863651	5.008278679	4.560188889	4.899001256	4.559363906	4.875631332
Exosc7	EXOSC7	4.437863651	4.598618344	4.778048871	4.084488666	4.485316891	4.225153074
Exosc9	EXOSC9	3.602843836	3.83650285	3.763912372	3.900470853	3.534336095	3.500138199
Ext1	EXT1	4.091264967	4.935621319	5.473627628	4.513911063	4.777172461	4.098370521
Ext2	EXT2	4.437863651	4.935621319	4.965627447	5.043446632	5.129677693	4.799989364
Extl1	EXTL1	2.292228873	4.000784638	4.673542613	3.965024055	3.218881094	2.84495281
Extl3	EXTL3	4.091264967	4.274415856	4.560188889	4.026238469	4.648860167	4.589975336
Eya3	EYA3	4.437863651	3.83650285	4.145532614	3.900470853	3.969402258	4.029715045
Ezh1	EZH1	2.292228873	3.64434534	4.299146326	4.026238469	3.649551982	4.098370521
F10	F10	8.609571872	8.453514589	8.684806701	8.709615126	9.149598797	8.884525901
F11	F11	5.455297886	5.797835345	5.698190108	7.422114038	6.698075554	6.630399222
F11r	F11R	6.982592848	7.136629983	6.593487953	7.33158584	7.03234494	6.702905894
F12	F12	6.932274385	7.993876523	7.833964009	8.553563892	8.662825729	8.150186665
F13b	F13B	6.299041974	5.837581133	6.021755502	5.247116631	5.596626999	5.416590921
F2	F2	9.354567794	9.6343718	9.872489216	10.93479334	10.70036628	10.33310003
F2r	F2R	3.602843836	4.691084662	4.87505964	5.338773759	4.463370872	3.956906946
F2rl1	F2RL1	2.292228873	2.292228873	2.292228873	3.832119018	3.375808356	2.292228873
F5	F5	7.031210357	6.819064754	7.431209265	6.999216477	7.484209553	6.856060415
F7	F7	4.437863651	5.48320442	5.891980982	6.054205207	6.338460836	5.843283838
F9	F9	6.376515331	6.606691342	6.915142234	5.465915875	6.675497823	6.437370348
Faah	FAAH	6.450013302	6.244037217	6.285303664	7.053567174	6.994570711	6.310362765
Faap20	FAAP20	3.602843836	4.145159234	4.436203012	4.472692728	4.298390021	4.634693451
Fabp1	FABP1	8.609571872	9.710706251	8.988134681	9.834181225	11.55940076	11.29707471
Fabp2	FABP2	4.938004346	5.950559801	5.206296207	4.38613548	5.672105977	4.947299018
Fabp5	FABP5	4.091264967	4.39170543	3.763912372	6.376349544	6.493797539	6.199965341
Fadd	FADD	4.711088618	4.49923408	4.145532614	4.084488666	4.383512751	4.284033266
Fads1	FADS1	7.123778054	6.77902769	6.775564702	7.390808596	7.595260603	7.15060196
Fads2	FADS2	8.871973583	8.708836353	9.039805112	9.634999743	9.188703199	9.26166778
Fads6	FADS6	6.932274385	5.913887648	6.021755502	6.310768688	6.230896556	5.80595311
Faf1	FAF1	4.437863651	4.598618344	5.050590043	4.702701458	4.696103889	4.947299018
Faf2	FAF2	4.091264967	4.274415856	3.970060753	5.316416351	5.258723621	4.947299018
Fah	FAH	6.037737533	6.932890613	6.937142398	6.665618233	7.540181102	6.961086534
Fahd1	FAHD1	4.437863651	4.858895188	4.673542613	4.38613548	4.629485501	4.911934359
Fahd2a	FAHD2A	2.292228873	3.408987266	3.510146324	3.900470853	3.985710867	3.956906946
Faim	FAIM	4.711088618	4.39170543	3.510146324	3.506312947	3.866495286	4.029715045
Fam107b	FAM107B	4.437863651	4.598618344	3.165820411	3.405683862	4.371692044	4.394213984
Fam110c	FAM110C	2.292228873	3.408987266	3.165820411	4.340586378	4.137695583	4.340305924
Fam114a1	FAM114A1	4.711088618	5.008278679	4.145532614	4.958614196	5.102365673	4.719877086
Fam114a2	FAM114A2	4.938004346	4.145159234	4.436203012	4.59267106	4.463370872	4.098370521
Fam120a	FAM120A	4.091264967	4.39170543	3.970060753	4.430133851	4.820194892	4.163379181
Fam120b	FAM120B	4.437863651	4.39170543	4.560188889	4.630363967	4.220611239	4.495741634
Fam133b	FAM133B	3.602843836	3.64434534	3.763912372	3.832119018	3.604991145	4.098370521
Fam135a	FAM135A	4.711088618	4.145159234	4.673542613	5.015745746	4.094059111	4.495741634
Fam136a	FAM136A	4.938004346	5.077294272	4.145532614	4.140084684	4.619691648	4.495741634
Fam13a	FAM13A	4.091264967	5.143029108	4.778048871	4.472692728	4.048808169	3.956906946
Fam13b	FAM13B	4.711088618	4.274415856	4.145532614	4.771343338	4.179842907	4.163379181
Fam149a	FAM149A	4.091264967	3.83650285	4.673542613	4.026238469	4.179842907	4.54369877
Fam149b	FAM149B1	4.091264967	4.274415856	4.436203012	4.244315549	4.033341529	4.44596579
Fam162a	FAM162A	4.938004346	5.431937627	4.778048871	4.293360774	5.095452721	4.875631332
Fam168a	FAM168A	3.602843836	4.39170543	4.673542613	4.084488666	4.247072608	4.098370521
Fam168b	FAM168B	3.602843836	4.691084662	4.436203012	4.293360774	4.383512751	3.956906946
Fam174a	FAM174A	4.711088618	4.858895188	4.673542613	4.140084684	4.137695583	4.284033266
Fam185a	FAM185A	3.602843836	3.408987266	3.510146324	3.900470853	3.458330152	3.069261795
Fam193a	FAM193A	4.437863651	4.145159234	4.673542613	4.899001256	4.383512751	4.284033266
Fam193b	FAM193B	5.132612588	5.714842213	5.698190108	6.11959887	5.572189019	6.214239963
Fam204a	FAM204A	4.938004346	3.64434534	3.510146324	4.084488666	3.484323889	3.796124561
Fam20a	FAM20A	5.132612588	5.431937627	5.130626579	5.999643414	5.611089491	5.580978012
Fam20b	FAM20B	4.091264967	4.145159234	4.145532614	3.900470853	4.07916153	4.394213984
Fam20c	FAM20C	4.711088618	5.580460698	5.936565594	6.253725688	5.765435756	5.767614962
Fam210a	FAM210A	5.592511033	4.691084662	4.560188889	4.026238469	4.894362663	4.495741634
Fam210b	FAM210B	4.091264967	3.83650285	4.299146326	4.472692728	4.714545298	4.838335991
Fam219a	FAM219A	3.602843836	3.091498835	3.763912372	3.965024055	3.404129273	3.238392553
Fam222b	FAM222B	4.091264967	4.145159234	4.145532614	4.193286682	4.220611239	4.163379181
Fam234a	FAM234A	4.437863651	5.077294272	5.130626579	5.465915875	4.750687228	4.589975336
Fam234b	FAM234B	4.711088618	4.274415856	5.473627628	4.026238469	4.506901571	4.54369877
Fam25c	FAM25A	2.292228873	4.858895188	3.510146324	3.405683862	4.463370872	4.340305924
Fam32a	FAM32A	4.711088618	5.265846922	4.778048871	4.293360774	5.031630323	4.911934359
Fam3a	FAM3A	5.132612588	4.274415856	4.299146326	4.667021062	4.347720348	4.677961688
Fam3c	FAM3C	5.455297886	5.205791466	4.965627447	5.424800519	5.601464288	5.708093218
Fam43a	FAM43A	4.091264967	3.64434534	4.145532614	4.193286682	4.001799157	3.706273732
Fam50a	FAM50A	4.938004346	4.39170543	4.436203012	4.140084684	4.207168762	4.225153074
Fam53a	FAM53A	4.091264967	4.49923408	3.970060753	4.193286682	4.23391141	4.284033266
Fam53b	FAM53B	4.711088618	4.691084662	4.673542613	3.597638182	3.901815905	3.500138199
Fam53c	FAM53C	4.091264967	4.691084662	4.299146326	3.597638182	4.220611239	4.225153074
Fam76a	FAM76A	3.602843836	3.64434534	3.510146324	4.026238469	3.753454394	4.394213984
Fam76b	FAM76B	4.437863651	4.598618344	4.673542613	4.899001256	3.969402258	4.394213984
Fam83a	FAM83A	3.602843836	5.008278679	4.436203012	3.162995548	3.884290412	2.84495281
Fam83f	FAM83F	4.711088618	4.000784638	3.763912372	4.193286682	3.604991145	3.500138199
Fam83g	FAM83G	2.292228873	3.83650285	3.510146324	4.293360774	3.146804666	3.796124561
Fam83h	FAM83H	4.091264967	4.49923408	4.436203012	4.38613548	4.429744728	4.394213984
Fam89b	FAM89B	3.602843836	4.145159234	3.970060753	3.759393139	3.713078272	4.163379181
Fam8a1	FAM8A1	4.091264967	4.777589417	3.510146324	4.430133851	4.828638107	4.719877086
Fam91a1	FAM91A1	5.303241568	5.008278679	4.965627447	4.630363967	4.910310882	4.838335991
Fam98a	FAM98A	4.091264967	4.274415856	4.145532614	3.832119018	4.179842907	4.225153074
Fam98c	FAM98C	4.091264967	3.64434534	3.763912372	4.513911063	3.985710867	4.098370521
Fan1	FAN1	3.602843836	3.091498835	3.165820411	3.900470853	3.604991145	3.879313446
Fance	FANCE	3.602843836	4.145159234	4.436203012	3.832119018	3.792408556	4.394213984
Farp1	FARP1	3.602843836	4.598618344	3.763912372	4.630363967	4.53862862	4.394213984
Farp2	FARP2	4.437863651	4.39170543	4.145532614	3.900470853	4.193580519	4.029715045
Fars2	FARS2	3.602843836	4.777589417	4.436203012	4.630363967	4.845368866	5.111648885
Farsa	FARSA	4.437863651	3.83650285	4.299146326	3.965024055	4.193580519	4.284033266
Farsb	FARSB	4.091264967	4.39170543	4.436203012	3.681556414	4.23391141	4.284033266
Fasn	FASN	7.07823846	7.650424139	7.367879544	8.215502038	8.181977359	7.878403329
Fastk	FASTK	5.592511033	5.714842213	5.936565594	5.601048842	4.768401571	5.048238323
Fat1	FAT1	4.711088618	4.691084662	4.965627447	4.804399523	4.777172461	4.098370521
Fau	FAU	6.037737533	6.606691342	6.416628544	6.518620974	6.675497823	6.791054007
Fbf1	FBF1	4.711088618	4.691084662	3.970060753	5.270600463	3.733451903	4.9817748
Fbh1	FBH1	4.938004346	4.691084662	4.673542613	4.667021062	4.151904426	4.029715045
Fbl	FBL	4.437863651	4.691084662	4.560188889	3.965024055	4.285753821	4.163379181
Fbp1	FBP1	7.292764937	8.227155078	7.446615976	6.758600919	8.327818919	7.651656277
Fbrs	FBRS	4.711088618	4.935621319	5.346327862	5.174194573	4.777172461	5.080306881
Fbrsl1	FBRSL1	4.437863651	4.39170543	3.763912372	4.38613548	4.418340269	4.394213984
Fbxl12	FBXL12	4.437863651	4.000784638	3.510146324	4.340586378	3.952866194	3.956906946
Fbxl14	FBXL14	4.437863651	4.274415856	3.165820411	4.084488666	4.151904426	3.956906946
Fbxl15	FBXL15	2.292228873	3.64434534	4.436203012	3.597638182	3.558435071	3.956906946
Fbxl17	FBXL17	5.832489373	4.777589417	4.560188889	4.55387734	4.496153589	4.634693451
Fbxl19	FBXL19	5.717571651	3.091498835	5.130626579	4.084488666	3.753454394	4.284033266
Fbxl20	FBXL20	4.091264967	4.598618344	4.965627447	4.929131951	4.47438987	4.225153074
Fbxl4	FBXL4	4.091264967	3.83650285	3.763912372	4.193286682	3.884290412	3.956906946
Fbxl5	FBXL5	4.437863651	3.091498835	4.145532614	3.597638182	3.830055489	4.394213984
Fbxl6	FBXL6	4.437863651	3.83650285	3.510146324	4.667021062	4.272990782	4.44596579
Fbxo11	FBXO11	3.602843836	4.000784638	3.970060753	4.430133851	4.108777455	3.500138199
Fbxo21	FBXO21	5.455297886	5.532670511	4.965627447	5.293696035	5.046070042	4.589975336
Fbxo22	FBXO22	2.292228873	4.274415856	3.510146324	4.38613548	4.441050082	4.225153074
Fbxo28	FBXO28	3.602843836	4.000784638	3.510146324	3.965024055	3.830055489	3.956906946
Fbxo3	FBXO3	4.711088618	5.671450398	5.473627628	5.58251833	5.459330466	5.142297742
Fbxo31	FBXO31	3.602843836	4.598618344	4.965627447	4.702701458	4.272990782	4.589975336
Fbxo34	FBXO34	3.602843836	4.000784638	3.970060753	3.681556414	4.06407965	4.029715045
Fbxo38	FBXO38	4.091264967	3.408987266	4.560188889	4.59267106	4.048808169	4.163379181
Fbxo4	FBXO4	4.091264967	4.145159234	4.299146326	3.965024055	3.811388859	3.956906946
Fbxo42	FBXO42	3.602843836	3.408987266	3.510146324	3.965024055	3.733451903	3.706273732
Fbxo6	FBXO6	4.437863651	4.777589417	4.299146326	4.55387734	5.227565727	4.760526782
Fbxo7	FBXO7	3.602843836	3.091498835	3.510146324	3.965024055	3.901815905	3.500138199
Fbxo8	FBXO8	5.132612588	4.49923408	4.560188889	4.667021062	4.853657745	4.875631332
Fbxo9	FBXO9	5.303241568	5.580460698	5.278065415	5.54471171	5.437802773	5.897504338
Fbxw11	FBXW11	4.437863651	5.143029108	5.278065415	4.55387734	4.667958021	4.799989364
Fbxw2	FBXW2	4.938004346	4.145159234	4.145532614	4.55387734	4.335564778	4.225153074
Fbxw4	FBXW4	2.292228873	3.64434534	3.510146324	3.900470853	3.316379787	3.608305404
Fbxw5	FBXW5	4.938004346	4.777589417	5.346327862	4.771343338	4.57977929	4.495741634
Fbxw7	FBXW7	3.602843836	3.091498835	3.165820411	3.900470853	3.431616404	3.706273732
Fbxw8	FBXW8	4.938004346	4.598618344	4.145532614	5.465915875	4.549036926	4.838335991
Fbxw9	FBXW9	4.711088618	4.777589417	2.292228873	5.999643414	4.732737389	5.512859863
Fcgr2b	FCGR2B	4.091264967	3.091498835	3.970060753	4.026238469	4.310902149	3.796124561
Fcgrt	FCGRT	5.455297886	6.273215603	6.416628544	6.920963992	6.707008198	6.269955214
Fcho2	FCHO2	4.437863651	4.598618344	3.970060753	4.38613548	4.298390021	4.340305924
Fchsd2	FCHSD2	4.711088618	4.858895188	4.965627447	5.619339583	4.861896491	5.258552798
Fcsk	FCSK	4.938004346	3.64434534	4.560188889	4.630363967	3.431616404	4.284033266
Fdft1	FDFT1	4.711088618	5.714842213	4.87505964	6.054205207	6.009848369	6.554034935
Fdps	FDPS	6.037737533	5.876245896	6.674362744	7.764973859	7.240268806	7.855908421
Fdx1	FDX1	6.037737533	5.913887648	5.798387868	5.070602553	5.634869735	5.111648885
Fdx2	FDX2	5.303241568	4.49923408	4.673542613	4.59267106	4.794545591	5.080306881
Fech	FECH	6.037737533	6.055233373	5.346327862	5.360779987	5.836736421	5.966728005
Fem1a	FEM1A	2.292228873	3.83650285	2.292228873	3.006723736	3.830055489	4.098370521
Fermt2	FERMT2	4.711088618	4.274415856	5.050590043	4.702701458	5.176217313	4.947299018
Fes	FES	4.091264967	3.408987266	3.763912372	4.737459092	3.627507726	4.44596579
Fetub	FETUB	7.370359234	7.866140641	8.452885415	8.412703797	8.436332691	7.64116891
Fez2	FEZ2	4.437863651	4.858895188	5.206296207	4.702701458	4.750687228	4.495741634
Fgb	FGB	9.499641338	10.58406052	10.57044036	11.22963469	12.66812626	12.66610119
Fgd1	FGD1	4.091264967	3.408987266	3.510146324	3.900470853	3.108084759	3.069261795
Fgd4	FGD4	3.602843836	3.408987266	3.510146324	4.244315549	3.773101672	3.608305404
Fgd6	FGD6	4.437863651	5.143029108	3.763912372	4.667021062	4.964710879	5.015407237
Fgf1	FGF1	4.091264967	4.777589417	4.560188889	4.929131951	5.342441473	4.9817748
Fgf21	FGF21	4.437863651	4.000784638	5.278065415	4.193286682	4.463370872	3.706273732
Fgfr1	FGFR1	2.292228873	2.292228873	2.292228873	3.759393139	3.146804666	3.956906946
Fgfr1op2	FGFR1OP2	5.832489373	5.205791466	5.206296207	5.174194573	5.501422677	5.580978012
Fgfr2	FGFR2	4.437863651	4.39170543	3.970060753	4.38613548	3.936095152	3.879313446
Fgfr3	FGFR3	5.832489373	5.323426062	5.050590043	5.690226104	4.994855223	5.048238323
Fgfr4	FGFR4	4.437863651	4.691084662	5.206296207	5.637396796	5.301208759	5.17228453
Fgfrl1	FGFRL1	3.602843836	4.000784638	4.778048871	4.513911063	4.589870308	4.225153074
Fgg	FGG	9.700619742	10.49590278	10.36500868	10.90235069	12.06967335	12.13881009
Fggy	FGGY	5.938807313	5.75694536	6.102142844	5.707406928	5.491016961	5.365866194
Fgl1	FGL1	4.938004346	6.629398806	5.798387868	5.868660856	9.131918844	9.254808836
Fgl2	FGL2	3.602843836	3.408987266	2.292228873	4.929131951	4.979865668	4.9817748
Fh1	FH	4.711088618	5.797835345	5.411419086	4.836669376	4.994855223	5.391457635
Fhl3	FHL3	2.292228873	2.292228873	3.510146324	6.054205207	4.193580519	4.760526782
Fibp	FIBP	4.711088618	4.274415856	4.299146326	4.836669376	4.193580519	4.634693451
Ficd	FICD	2.292228873	3.408987266	3.763912372	4.244315549	4.619691648	4.340305924
Fignl2	FIGNL2	5.132612588	4.777589417	4.778048871	4.630363967	4.001799157	4.54369877
Fis1	FIS1	6.376515331	5.714842213	6.140700639	5.247116631	5.542294097	5.416590921
Fitm1	FITM1	3.602843836	4.000784638	4.778048871	4.084488666	4.517562398	4.394213984
Fitm2	FITM2	4.091264967	4.598618344	4.145532614	4.472692728	4.506901571	4.340305924
Fiz1	FIZ1	4.091264967	4.145159234	3.970060753	4.193286682	3.901815905	3.608305404
Fkbp11	FKBP11	6.376515331	5.532670511	6.062515049	6.18212939	5.908525857	5.879659457
Fkbp15	FKBP15	4.091264967	4.39170543	3.970060753	4.987476573	4.452258194	4.634693451
Fkbp1a	FKBP1A	4.711088618	5.008278679	3.970060753	4.702701458	4.696103889	4.838335991
Fkbp2	FKBP2	5.592511033	6.436803053	6.536923513	6.230256216	6.521930069	6.412853534
Fkbp3	FKBP3	4.437863651	4.858895188	4.145532614	3.900470853	3.792408556	3.879313446
Fkbp4	FKBP4	2.292228873	4.39170543	3.763912372	4.026238469	4.686787391	4.677961688
Fkbp5	FKBP5	4.091264967	4.691084662	4.87505964	5.015745746	5.648948358	5.080306881
Fkbp8	FKBP8	6.450013302	6.673763899	6.7509247	7.006123675	7.20606178	7.25751034
Fkbp9	FKBP9	4.091264967	4.777589417	5.050590043	4.929131951	4.941660401	4.799989364
Fkrp	FKRP	3.602843836	4.274415856	5.130626579	4.630363967	4.559363906	4.495741634
Flad1	FLAD1	4.091264967	4.39170543	4.299146326	4.38613548	4.910310882	4.947299018
Flcn	FLCN	5.592511033	4.935621319	5.473627628	5.465915875	5.095452721	4.875631332
Flii	FLII	4.711088618	4.858895188	4.778048871	4.293360774	4.310902149	4.719877086
Flna	FLNA	3.602843836	3.408987266	2.292228873	3.900470853	3.509645067	3.500138199
Flnb	FLNB	6.376515331	5.714842213	5.53320357	5.707406928	5.485785141	4.9817748
Flot1	FLOT1	3.602843836	4.691084662	3.970060753	4.513911063	4.528137589	4.394213984
Flot2	FLOT2	4.437863651	4.935621319	5.473627628	4.958614196	5.20853125	4.9817748
Flt3l	FLT3LG	3.602843836	3.83650285	4.436203012	3.832119018	3.627507726	3.500138199
Flt4	FLT4	2.292228873	4.777589417	4.965627447	5.316416351	4.165952177	4.394213984
Flywch1	FLYWCH1	4.711088618	4.39170543	4.145532614	4.244315549	4.193580519	4.284033266
Fmc1	FMC1	3.602843836	4.274415856	3.165820411	4.193286682	4.335564778	4.495741634
Fmn1	FMN1	3.602843836	4.000784638	4.673542613	5.806338484	4.886318221	5.142297742
Fmnl3	FMNL3	2.292228873	2.292228873	2.292228873	3.832119018	3.108084759	3.069261795
Fmo1	FMO1	5.717571651	5.950559801	5.845954352	5.403782997	5.625405558	5.201638223
Fmo2	FMO2	3.602843836	3.64434534	4.145532614	3.965024055	3.6711476	2.84495281
Fmo4	FMO4	2.292228873	3.408987266	3.970060753	3.900470853	4.001799157	3.378600384
Fmo5	FMO5	8.999457167	8.361784354	8.040906777	7.502414078	7.81431014	8.002374086
Fmr1	FMR1	4.437863651	4.777589417	4.778048871	4.59267106	4.179842907	4.029715045
Fn1	FN1	8.817648468	9.538892228	9.651170259	10.99843364	10.78526933	10.84789696
Fnbp1	FNBP1	4.938004346	4.274415856	5.130626579	4.472692728	4.06407965	4.340305924
Fnbp1l	FNBP1L	4.091264967	4.598618344	4.673542613	4.430133851	4.395226294	4.098370521
Fnbp4	FNBP4	4.711088618	4.145159234	4.560188889	4.193286682	4.137695583	4.098370521
Fndc3a	FNDC3A	5.455297886	4.935621319	5.206296207	5.198928573	4.837029207	4.875631332
Fndc3b	FNDC3B	4.711088618	4.858895188	5.206296207	5.957306801	5.904631165	5.824741032
Fndc4	FNDC4	5.303241568	5.008278679	5.050590043	4.38613548	4.705356213	4.875631332
Fnip1	FNIP1	5.132612588	4.858895188	4.778048871	4.140084684	4.017673899	3.608305404
Fnip2	FNIP2	4.938004346	5.077294272	5.645304244	4.702701458	5.143134628	4.838335991
Fnta	FNTA	3.602843836	4.39170543	4.145532614	4.472692728	4.094059111	4.340305924
Fos	FOS	2.292228873	3.83650285	3.970060753	3.832119018	3.884290412	3.956906946
Fosl2	FOSL2	3.602843836	4.598618344	3.763912372	3.405683862	3.952866194	4.029715045
Foxa1	FOXA1	4.711088618	5.143029108	4.673542613	4.771343338	4.667958021	4.589975336
Foxa2	FOXA2	4.437863651	4.598618344	4.560188889	4.340586378	4.811698872	5.015407237
Foxa3	FOXA3	5.592511033	4.858895188	5.53320357	5.65522648	6.154413963	6.11118803
Foxj3	FOXJ3	3.602843836	3.64434534	3.510146324	3.900470853	3.811388859	3.879313446
Foxk1	FOXK1	4.711088618	4.598618344	4.965627447	4.667021062	4.395226294	4.225153074
Foxk2	FOXK2	4.437863651	4.49923408	3.970060753	3.965024055	4.165952177	4.54369877
Foxn2	FOXN2	3.602843836	4.691084662	3.763912372	4.140084684	4.310902149	4.163379181
Foxn3	FOXN3	5.455297886	5.431937627	4.778048871	4.836669376	4.768401571	4.875631332
Foxo1	FOXO1	4.091264967	4.000784638	4.436203012	4.084488666	4.619691648	4.225153074
Foxo3	FOXO3	5.592511033	5.714842213	5.749173232	6.093799677	5.258723621	5.2861627
Foxo4	FOXO4	2.292228873	4.49923408	3.763912372	4.513911063	4.272990782	4.098370521
Foxp1	FOXP1	4.711088618	4.858895188	4.145532614	4.836669376	4.517562398	4.911934359
Foxp4	FOXP4	3.602843836	4.777589417	5.050590043	5.382446192	4.941660401	4.760526782
Foxq1	FOXQ1	2.292228873	5.008278679	5.473627628	5.198928573	5.31311398	5.728212593
Foxred1	FOXRED1	3.602843836	4.274415856	5.130626579	4.59267106	4.463370872	4.760526782
Fpgs	FPGS	5.303241568	5.265846922	5.798387868	5.360779987	5.791011337	5.465548216
Fra10ac1	FRA10AC1	2.292228873	3.83650285	3.970060753	4.472692728	3.866495286	4.098370521
Frg1	FRG1	3.602843836	3.408987266	3.970060753	3.832119018	3.753454394	3.706273732
Frmd4b	FRMD4B	6.519926337	5.75694536	5.698190108	6.343934444	5.778281131	6.185546781
Frmd8	FRMD8	4.938004346	4.000784638	4.145532614	4.929131951	4.750687228	4.340305924
Frrs1	FRRS1	4.091264967	4.598618344	4.778048871	5.338773759	5.163078601	4.44596579
Frs2	FRS2	4.711088618	4.274415856	4.436203012	4.38613548	4.220611239	4.163379181
Frs3	FRS3	3.602843836	3.64434534	3.970060753	3.900470853	3.146804666	3.238392553
Fryl	FRYL	3.602843836	4.000784638	4.778048871	4.084488666	4.094059111	4.029715045
Fst	FST	4.091264967	4.274415856	3.510146324	5.601048842	4.335564778	4.799989364
Ftcd	FTCD	7.210749743	8.127218529	7.476943677	8.17015065	7.542674316	7.473945219
Fth1	FTH1	8.327973848	9.354049098	8.569992251	6.985301778	8.55956829	8.640609446
Ftl1-ps1	FTL	2.292228873	4.000784638	3.510146324	3.832119018	3.218881094	3.069261795
Fto	FTO	4.938004346	4.777589417	4.965627447	4.737459092	5.046070042	4.911934359
Ftsj1	FTSJ1	4.437863651	3.64434534	4.560188889	3.900470853	4.033341529	4.029715045
Ftsj3	FTSJ3	4.938004346	4.145159234	3.970060753	4.026238469	4.179842907	3.879313446
Fubp1	FUBP1	5.938807313	5.143029108	5.845954352	5.853334489	5.195695557	5.580978012
Fubp3	FUBP3	4.091264967	3.64434534	3.763912372	3.900470853	3.985710867	3.879313446
Fuca1	FUCA1	4.711088618	5.143029108	5.346327862	5.174194573	5.453979345	5.258552798
Fuom	FUOM	3.602843836	4.49923408	3.165820411	3.965024055	3.558435071	4.029715045
Furin	FURIN	6.932274385	7.510912695	7.351602222	8.755366318	8.20968609	8.002374086
Fus	FUS	4.437863651	4.777589417	4.673542613	4.804399523	5.233853228	5.313237834
Fut11	FUT11	3.602843836	3.091498835	4.299146326	4.140084684	3.848420524	3.796124561
Fxr1	FXR1	5.717571651	4.49923408	5.473627628	4.899001256	4.589870308	4.760526782
Fxr2	FXR2	5.717571651	5.143029108	5.346327862	4.771343338	4.750687228	5.048238323
Fxyd1	FXYD1	6.519926337	7.088335588	7.284588185	7.150251644	7.64831186	7.284727507
Fyb2	FYB2	4.437863651	5.205791466	4.673542613	3.759393139	3.773101672	3.796124561
Fyco1	FYCO1	4.437863651	4.274415856	4.673542613	4.702701458	4.794545591	4.760526782
Fyttd1	FYTTD1	5.132612588	4.274415856	4.560188889	4.430133851	4.272990782	4.340305924
Fzd4	FZD4	4.091264967	4.598618344	4.299146326	4.293360774	4.559363906	4.225153074
Fzd5	FZD5	3.602843836	4.145159234	4.299146326	4.737459092	4.001799157	4.029715045
Fzd7	FZD7	4.437863651	4.49923408	5.130626579	4.59267106	4.429744728	4.225153074
Fzd8	FZD8	3.602843836	3.83650285	4.145532614	4.244315549	3.713078272	3.796124561
Fzr1	FZR1	4.091264967	4.598618344	3.970060753	4.140084684	3.919081189	4.098370521
G0s2	G0S2	3.602843836	5.323426062	5.798387868	6.428796444	5.803628455	6.926923121
G2e3	G2E3	3.602843836	3.091498835	3.510146324	3.832119018	3.183661984	3.238392553
G3bp1	G3BP1	4.091264967	4.598618344	3.763912372	4.026238469	3.952866194	3.796124561
G3bp2	G3BP2	3.602843836	4.598618344	3.970060753	4.193286682	4.732737389	4.589975336
G6pc3	G6PC3	4.437863651	4.39170543	4.299146326	4.293360774	4.001799157	3.879313446
Gaa	GAA	6.376515331	6.695442815	6.7509247	6.52826287	6.273692821	5.80595311
Gab1	GAB1	2.292228873	2.292228873	2.292228873	3.681556414	3.792408556	3.956906946
Gabarap	GABARAP	4.091264967	5.205791466	4.673542613	4.026238469	4.619691648	4.394213984
Gabarapl1	GABARAPL1	6.769803104	6.951015396	6.416628544	6.013480768	6.183576477	6.048781729
Gabarapl2	GABARAPL2	5.132612588	5.3787305	5.278065415	4.513911063	4.549036926	4.394213984
Gabbr2	GABBR2	2.292228873	3.64434534	4.145532614	3.006723736	4.220611239	4.098370521
Gabpa	GABPA	4.437863651	4.145159234	4.560188889	3.832119018	4.310902149	4.029715045
Gabpb2	GABPB2	4.711088618	4.691084662	4.436203012	4.55387734	3.969402258	4.029715045
Gadd45g	GADD45G	4.711088618	5.75694536	5.845954352	4.193286682	4.272990782	4.9817748
Gadd45gip1	GADD45GIP1	4.938004346	5.3787305	5.346327862	4.59267106	5.410421261	5.48940264
Gak	GAK	4.938004346	4.691084662	4.436203012	4.59267106	4.658443166	4.760526782
Gale	GALE	5.132612588	4.145159234	4.560188889	5.270600463	4.686787391	5.230385876
Galk1	GALK1	4.437863651	4.858895188	4.87505964	4.737459092	4.629485501	4.340305924
Galk2	GALK2	2.292228873	4.000784638	4.673542613	3.965024055	3.884290412	3.069261795
Galm	GALM	5.455297886	5.532670511	5.53320357	5.123365638	5.258723621	5.365866194
Galns	GALNS	4.091264967	4.691084662	5.050590043	4.193286682	4.220611239	3.608305404
Galnt1	GALNT1	5.303241568	5.205791466	4.778048871	4.472692728	4.732737389	4.634693451
Galnt10	GALNT10	4.437863651	4.274415856	3.970060753	4.430133851	3.733451903	3.706273732
Galnt11	GALNT11	3.602843836	4.274415856	4.299146326	4.026238469	4.151904426	4.163379181
Galnt2	GALNT2	4.711088618	4.935621319	5.050590043	5.619339583	5.214905008	5.391457635
Galt	GALT	4.437863651	5.008278679	4.965627447	5.382446192	5.176217313	5.535933184
Gamt	GAMT	5.303241568	6.462339939	6.352470645	6.830441735	6.890663116	6.199965341
Ganab	GANAB	6.130250267	5.950559801	6.725854739	7.137729568	6.64328051	6.598167856
Ganc	GANC	4.091264967	4.000784638	4.145532614	4.472692728	3.936095152	4.284033266
Gapvd1	GAPVD1	4.437863651	4.274415856	3.763912372	4.084488666	4.272990782	4.589975336
Gar1	GAR1	5.132612588	4.691084662	4.299146326	4.193286682	4.048808169	3.796124561
Garem1	GAREM1	5.132612588	4.598618344	4.778048871	4.899001256	5.109244296	5.2861627
Gart	GART	4.091264967	4.598618344	4.436203012	4.140084684	4.179842907	4.495741634
Gas2	GAS2	4.437863651	4.691084662	4.965627447	4.140084684	3.936095152	4.54369877
Gas2l1	GAS2L1	5.832489373	5.008278679	5.845954352	5.58251833	4.861896491	5.080306881
Gas6	GAS6	4.437863651	5.077294272	5.130626579	5.293696035	5.791011337	5.748050545
Gask1a	GASK1A	4.091264967	5.143029108	4.87505964	5.149012642	5.506596863	4.589975336
Gata4	GATA4	2.292228873	3.408987266	2.292228873	3.292857758	3.713078272	3.956906946
Gata6	GATA6	2.292228873	3.83650285	3.165820411	3.832119018	3.604991145	3.956906946
Gatad1	GATAD1	4.437863651	5.143029108	4.87505964	4.340586378	4.811698872	4.875631332
Gatad2a	GATAD2A	3.602843836	4.935621319	5.050590043	4.702701458	4.845368866	4.719877086
Gatad2b	GATAD2B	4.938004346	3.83650285	4.560188889	4.472692728	4.53862862	4.394213984
Gatb	GATB	3.602843836	4.274415856	4.145532614	3.832119018	4.179842907	3.879313446
Gatc	GATC	3.602843836	3.64434534	3.510146324	3.292857758	3.866495286	3.956906946
Gatd1	GATD1	4.091264967	3.408987266	4.145532614	4.244315549	3.901815905	4.098370521
Gatd3a	GATD3	3.602843836	5.323426062	4.965627447	4.958614196	5.067450382	5.048238323
Gbe1	GBE1	6.450013302	5.626687005	6.507782463	5.65522648	6.031418872	5.786913403
Gbf1	GBF1	4.711088618	4.598618344	3.970060753	4.026238469	4.686787391	4.838335991
Gbp8	GBP6	4.437863651	3.64434534	4.965627447	4.667021062	3.919081189	3.706273732
Gc	GC	11.29179952	11.4917862	11.95229476	12.57197956	12.3487885	11.60040352
Gca	GCA	4.091264967	4.274415856	4.299146326	3.832119018	3.604991145	3.706273732
Gcat	GCAT	5.132612588	4.39170543	4.87505964	4.513911063	4.452258194	4.54369877
Gcc1	GCC1	2.292228873	4.39170543	3.510146324	3.597638182	4.247072608	4.340305924
Gcc2	GCC2	4.437863651	4.000784638	3.763912372	4.244315549	4.619691648	4.799989364
Gcdh	GCDH	6.450013302	6.512088547	6.285303664	6.365625805	6.411410092	6.228373518
Gcgr	GCGR	8.457983456	7.605404744	8.239627852	8.256580531	6.983593343	7.462075416
Gch1	GCH1	5.592511033	6.48742995	5.979796879	5.382446192	6.430431906	5.932536696
Gchfr	GCHFR	3.602843836	5.876245896	4.436203012	6.218375491	6.013466183	6.048781729
Gck	GCK	7.927270394	6.77902769	7.335138814	6.299540498	6.650245332	6.900757166
Gckr	GCKR	7.547816653	7.409784949	7.284588185	7.531408924	6.910122429	6.856060415
Gclc	GCLC	7.031210357	6.968914599	7.301636339	6.999216477	6.544544168	6.819274658
Gclm	GCLM	5.717571651	6.357343366	6.319280955	5.070602553	6.547034984	5.843283838
Gcn1	GCN1	5.717571651	5.580460698	5.278065415	5.957306801	5.102365673	4.9817748
Gcnt2	GCNT2	4.091264967	3.83650285	3.510146324	4.667021062	4.777172461	4.54369877
Gcsh	GCSH	4.091264967	4.598618344	5.346327862	4.59267106	5.295217939	5.048238323
Gdap2	GDAP2	4.437863651	5.077294272	5.346327862	4.55387734	4.528137589	4.44596579
Gde1	GDE1	5.455297886	5.580460698	5.590365196	4.59267106	5.202128193	5.558635233
Gdf15	GDF15	9.105289097	6.968914599	6.775564702	6.408047441	4.768401571	5.313237834
Gdi1	GDI1	6.650293701	5.48320442	5.749173232	6.144940357	5.295217939	5.230385876
Gdi2	GDI2	4.437863651	4.598618344	3.970060753	3.597638182	4.418340269	3.956906946
Gemin2	GEMIN2	4.938004346	3.64434534	3.510146324	3.900470853	3.753454394	3.608305404
Gemin5	GEMIN5	4.711088618	3.64434534	4.299146326	3.405683862	3.884290412	4.163379181
Gemin7	GEMIN7	3.602843836	4.935621319	4.965627447	4.293360774	4.845368866	4.875631332
Get4	GET4	4.938004346	4.000784638	4.673542613	4.929131951	4.347720348	4.340305924
Gfer	GFER	4.437863651	4.858895188	3.970060753	4.430133851	4.506901571	4.340305924
Gfm1	GFM1	4.437863651	5.008278679	3.763912372	4.340586378	5.002289206	4.677961688
Gfm2	GFM2	4.437863651	4.274415856	4.145532614	4.430133851	4.496153589	4.029715045
Gfpt1	GFPT1	4.091264967	3.83650285	4.436203012	3.965024055	4.108777455	4.760526782
Gfra1	GFRA1	5.832489373	5.837581133	5.798387868	6.418459489	6.684571552	7.01898683
Gga1	GGA1	4.091264967	5.143029108	4.778048871	4.702701458	4.994855223	4.495741634
Ggact	GGACT	5.303241568	4.691084662	5.278065415	4.630363967	5.122899962	4.589975336
Ggcx	GGCX	5.832489373	6.021188752	6.352470645	6.861253488	6.615078348	6.93554036
Ggnbp2	GGNBP2	4.711088618	5.431937627	5.590365196	5.741156304	5.295217939	5.602972942
Ggps1	GGPS1	4.091264967	3.091498835	4.145532614	4.140084684	3.773101672	3.956906946
Ggt6	GGT6	5.303241568	5.008278679	5.346327862	4.737459092	4.549036926	4.589975336
Ghdc	GHDC	4.938004346	3.83650285	4.436203012	4.513911063	4.033341529	4.163379181
Ghitm	GHITM	4.938004346	6.08848473	5.050590043	4.630363967	5.653610283	5.080306881
Ghr	GHR	6.932274385	6.695442815	6.674362744	5.913673627	6.355627992	6.336681136
Gid4	GID4	3.602843836	4.274415856	3.763912372	3.832119018	4.094059111	3.378600384
Gid8	GID8	4.437863651	4.598618344	4.87505964	4.193286682	4.987380864	4.495741634
Gigyf1	GIGYF1	5.832489373	4.49923408	5.206296207	5.868660856	4.559363906	4.799989364
Gin1	GIN1	3.602843836	4.000784638	4.145532614	4.472692728	3.952866194	3.956906946
Ginm1	GINM1	4.938004346	4.691084662	4.778048871	4.244315549	4.894362663	5.142297742
Gins4	GINS4	4.437863651	3.408987266	3.510146324	3.597638182	3.901815905	4.029715045
Gipc1	GIPC1	2.292228873	4.274415856	3.510146324	4.026238469	3.792408556	3.500138199
Git1	GIT1	3.602843836	4.000784638	4.145532614	4.026238469	3.604991145	3.608305404
Git2	GIT2	4.711088618	4.145159234	4.778048871	4.55387734	4.048808169	4.225153074
Gjb1	GJB1	8.002272705	8.660160805	8.129446192	9.093246733	9.353164013	9.212955844
Gjb2	GJB2	7.407642886	7.582356345	7.159239985	7.275548227	8.265819876	8.078173827
Gk	GK	5.832489373	5.532670511	5.979796879	5.868660856	5.095452721	4.9817748
Gkap1	GKAP1	2.292228873	4.39170543	3.763912372	3.900470853	4.001799157	3.956906946
Glb1	GLB1	4.711088618	4.145159234	3.510146324	4.084488666	3.985710867	3.608305404
Glb1l	GLB1L	2.292228873	3.091498835	3.763912372	3.832119018	3.183661984	3.069261795
Gldc	GLDC	4.711088618	5.837581133	4.87505964	5.015745746	5.485785141	5.416590921
Gldn	GLDN	4.437863651	3.091498835	4.299146326	6.242039077	5.712858923	4.54369877
Gle1	GLE1	3.602843836	4.145159234	3.970060753	4.430133851	4.323292875	4.875631332
Glg1	GLG1	5.132612588	4.274415856	5.130626579	5.174194573	5.143134628	4.54369877
Glis3	GLIS3	4.711088618	4.000784638	4.145532614	4.140084684	3.773101672	3.796124561
Glmp	GLMP	5.717571651	5.626687005	6.021755502	6.386993612	6.141259356	5.949734918
Glo1	GLO1	6.037737533	6.384322488	6.102142844	6.040759143	6.983593343	6.661922834
Glod4	GLOD4	3.602843836	4.39170543	3.763912372	3.597638182	4.463370872	4.225153074
Glrx	GLRX	2.292228873	3.64434534	4.436203012	3.506312947	4.247072608	4.029715045
Glrx3	GLRX3	4.711088618	3.64434534	4.299146326	4.026238469	4.220611239	3.608305404
Glrx5	GLRX5	5.717571651	5.75694536	4.965627447	5.465915875	5.240112509	5.201638223
Gls2	GLS2	5.455297886	6.536330397	5.411419086	6.630255981	5.840821214	5.80595311
Glt1d1	GLT1D1	6.299041974	5.431937627	5.979796879	4.293360774	4.335564778	4.875631332
Glt8d1	GLT8D1	3.602843836	3.83650285	3.510146324	3.965024055	3.884290412	3.608305404
Gltpd2	GLTPD2	5.303241568	6.08848473	5.798387868	5.619339583	6.509210915	6.048781729
Glud1	GLUD1	7.613100024	7.856568473	7.318485007	8.728507264	8.306714419	8.35330968
Glul	GLUL	3.602843836	3.83650285	4.436203012	5.54471171	5.658256906	5.441282574
Glyat	GLYAT	5.455297886	5.913887648	6.062515049	4.667021062	5.611089491	5.687684177
Glyctk	GLYCTK	6.217134759	6.838672662	6.915142234	6.479391884	6.77865701	6.874106206
Glyr1	GLYR1	5.717571651	5.3787305	5.473627628	5.247116631	5.252547451	5.391457635
Gm2a	GM2A	6.769803104	7.547077327	6.937142398	8.007766296	7.637856716	6.800522597
Gmcl1	GMCL1	4.437863651	3.64434534	3.510146324	3.832119018	3.733451903	3.069261795
Gmeb1	GMEB1	2.292228873	3.64434534	2.292228873	3.900470853	3.6711476	3.879313446
Gmeb2	GMEB2	4.091264967	4.274415856	4.87505964	4.472692728	3.884290412	4.284033266
Gmfb	GMFB	2.292228873	4.39170543	4.778048871	4.244315549	4.496153589	4.225153074
Gmip	GMIP	4.711088618	3.091498835	2.292228873	3.832119018	3.108084759	3.238392553
Gmnn	GMNN	3.602843836	3.408987266	3.510146324	3.506312947	3.375808356	3.956906946
Gmppa	GMPPA	4.711088618	4.145159234	4.436203012	4.55387734	4.549036926	4.634693451
Gmppb	GMPPB	2.292228873	3.408987266	4.436203012	3.681556414	4.094059111	4.163379181
Gmps	GMPS	4.711088618	4.49923408	4.673542613	4.026238469	4.418340269	4.719877086
Gna11	GNA11	5.132612588	4.777589417	4.965627447	5.149012642	5.182740408	5.015407237
Gna12	GNA12	5.455297886	6.536330397	6.7509247	5.883823859	6.031418872	6.297019917
Gna13	GNA13	5.717571651	5.714842213	5.130626579	4.929131951	4.741742161	5.080306881
Gnai2	GNAI2	4.938004346	5.205791466	5.473627628	5.360779987	5.295217939	5.708093218
Gnai3	GNAI3	5.717571651	4.49923408	5.050590043	4.340586378	4.750687228	4.589975336
Gnas	GNAS	5.938807313	6.244037217	5.891980982	5.316416351	6.212155994	6.170981327
Gnat1	GNAT1	2.292228873	2.292228873	3.165820411	3.965024055	3.604991145	3.069261795
Gnb1	GNB1	3.602843836	4.49923408	4.145532614	4.293360774	4.794545591	4.394213984
Gnb2	GNB2	4.711088618	4.145159234	3.510146324	4.472692728	4.732737389	4.163379181
Gne	GNE	4.938004346	5.3787305	5.050590043	4.958614196	5.672105977	5.201638223
Gng12	GNG12	4.091264967	4.49923408	3.763912372	3.832119018	4.441050082	4.394213984
Gnl1	GNL1	4.711088618	3.83650285	4.560188889	4.804399523	4.347720348	4.284033266
Gnl2	GNL2	4.091264967	3.64434534	4.673542613	4.193286682	4.220611239	4.340305924
Gnl3	GNL3	5.717571651	4.777589417	5.206296207	5.198928573	4.517562398	4.225153074
Gnl3l	GNL3L	4.437863651	3.408987266	3.970060753	4.38613548	3.753454394	4.029715045
Gnmt	GNMT	8.949807463	9.027266247	8.030724839	6.845930165	8.586989645	8.135322089
Gnpat	GNPAT	4.091264967	4.274415856	4.145532614	4.86819141	4.47438987	4.54369877
Gnpnat1	GNPNAT1	5.592511033	5.265846922	5.050590043	5.223230826	5.258723621	5.512859863
Gnptab	GNPTAB	5.132612588	4.000784638	4.145532614	3.405683862	3.985710867	4.098370521
Gnptg	GNPTG	4.711088618	4.777589417	5.206296207	4.737459092	5.149814489	4.634693451
Gns	GNS	5.132612588	6.410802978	5.798387868	6.11959887	6.511763784	6.242368791
Golga1	GOLGA1	5.132612588	4.000784638	4.87505964	4.630363967	3.952866194	3.706273732
Golga3	GOLGA3	4.711088618	4.49923408	4.778048871	4.293360774	4.406834785	4.340305924
Golga4	GOLGA4	5.717571651	5.3787305	5.473627628	5.123365638	5.577110549	5.80595311
Golga5	GOLGA5	4.938004346	4.598618344	4.778048871	4.513911063	4.452258194	4.163379181
Golga2	GOLGA6D	5.132612588	4.598618344	4.560188889	5.015745746	4.878226113	4.911934359
Golga7	GOLGA7	4.938004346	4.935621319	5.050590043	5.505864328	5.557320685	5.748050545
Golgb1	GOLGB1	5.455297886	5.48320442	5.411419086	5.247116631	5.295217939	5.2861627
Golim4	GOLIM4	5.717571651	5.837581133	5.590365196	5.382446192	5.931672897	5.897504338
Golm1	GOLM1	4.437863651	4.49923408	4.673542613	5.097235377	4.528137589	4.394213984
Golph3	GOLPH3	4.711088618	5.3787305	5.798387868	5.070602553	5.506596863	5.687684177
Gon4l	GON4L	4.938004346	4.49923408	4.299146326	4.193286682	4.137695583	4.284033266
Gopc	GOPC	4.711088618	4.145159234	4.145532614	4.244315549	4.517562398	4.838335991
Gorasp1	GORASP1	4.711088618	4.000784638	4.778048871	4.38613548	4.165952177	4.225153074
Gorasp2	GORASP2	5.132612588	4.691084662	4.673542613	4.244315549	4.926075331	5.015407237
Gosr1	GOSR1	4.437863651	4.145159234	3.970060753	4.293360774	4.285753821	3.879313446
Gosr2	GOSR2	4.437863651	4.935621319	5.206296207	4.026238469	4.994855223	4.838335991
Got1	GOT1	5.132612588	6.560169428	5.473627628	5.123365638	6.264629332	5.558635233
Got2	GOT2	5.938807313	7.628090254	6.958811065	6.439059386	7.630844236	7.401213311
Gpaa1	GPAA1	4.711088618	4.598618344	4.673542613	4.702701458	4.285753821	4.029715045
Gpam	GPAM	6.376515331	6.357343366	7.062512722	8.367883374	8.062018619	7.431965801
Gpat3	GPAT3	4.437863651	4.49923408	4.299146326	4.630363967	3.830055489	4.225153074
Gpat4	GPAT4	6.376515331	6.512088547	5.798387868	5.985670459	6.511763784	6.141397425
Gpatch2	GPATCH2	5.132612588	4.935621319	4.299146326	4.59267106	4.165952177	4.394213984
Gpatch2l	GPATCH2L	4.437863651	3.83650285	3.970060753	3.965024055	3.884290412	4.284033266
Gpatch3	GPATCH3	4.091264967	2.292228873	3.510146324	4.340586378	3.581976371	4.340305924
Gpatch8	GPATCH8	2.292228873	4.598618344	4.145532614	3.597638182	4.272990782	4.098370521
Gpbp1	GPBP1	3.602843836	4.598618344	4.299146326	4.340586378	4.220611239	3.956906946
Gpbp1l1	GPBP1L1	4.091264967	4.691084662	4.299146326	5.198928573	4.910310882	5.142297742
Gpc1	GPC1	4.437863651	5.008278679	5.698190108	4.86819141	5.464661319	4.589975336
Gpc3	GPC3	2.292228873	2.292228873	2.292228873	7.427266092	3.285101813	6.819274658
Gpc4	GPC4	5.592511033	5.532670511	5.590365196	5.6728344	5.954449752	5.64596224
Gpcpd1	GPCPD1	4.938004346	5.008278679	4.436203012	4.472692728	5.0603603	4.677961688
Gpd1	GPD1	6.217134759	6.329846336	6.775564702	6.242039077	6.755168861	6.064640927
Gpd1l	GPD1L	4.091264967	4.145159234	3.510146324	4.026238469	3.919081189	4.029715045
Gpd2	GPD2	3.602843836	3.83650285	4.299146326	3.900470853	4.496153589	4.44596579
Gphn	GPHN	4.437863651	4.274415856	4.299146326	4.430133851	4.108777455	4.029715045
Gpi1	GPI	3.602843836	4.39170543	4.87505964	4.86819141	6.052668077	4.719877086
Gpld1	GPLD1	5.717571651	6.384322488	6.285303664	6.106757528	6.684571552	6.170981327
Gpn2	GPN2	3.602843836	3.408987266	3.970060753	3.900470853	3.713078272	3.879313446
Gpn3	GPN3	2.292228873	4.274415856	3.763912372	3.292857758	3.509645067	3.956906946
Gpr107	GPR107	2.292228873	3.64434534	4.560188889	4.38613548	4.335564778	4.44596579
Gpr108	GPR108	5.132612588	4.49923408	4.778048871	4.59267106	4.323292875	5.048238323
Gpr137	GPR137	3.602843836	3.408987266	4.299146326	4.193286682	4.151904426	4.284033266
Gpr146	GPR146	4.437863651	5.143029108	6.021755502	5.853334489	5.816134504	5.465548216
Gpr155	GPR155	4.938004346	3.408987266	3.763912372	3.832119018	4.260098036	4.163379181
Gpr180	GPR180	4.091264967	4.000784638	4.299146326	4.667021062	4.768401571	4.225153074
Gpr182	GPR182	2.292228873	2.292228873	3.970060753	3.832119018	3.985710867	3.378600384
Gpr19	GPR19	4.091264967	2.292228873	3.510146324	3.832119018	3.431616404	3.500138199
Gpr39	GPR39	2.292228873	3.091498835	4.145532614	3.832119018	4.017673899	3.879313446
Gpr89	GPR89A	4.437863651	4.000784638	4.436203012	4.293360774	4.57977929	4.44596579
Gprc5b	GPRC5B	4.091264967	3.83650285	3.165820411	5.724382011	4.994855223	4.799989364
Gprc5c	GPRC5C	5.938807313	6.12097931	5.979796879	6.665618233	6.816282834	6.349661138
Gprin3	GPRIN3	4.711088618	4.49923408	4.673542613	4.59267106	4.750687228	4.225153074
Gps1	GPS1	2.292228873	4.145159234	4.87505964	4.86819141	5.129677693	5.142297742
Gps2	GPS2	4.437863651	4.274415856	4.778048871	4.55387734	4.272990782	4.163379181
Gpt	GPT	7.252341272	7.827464545	7.633212248	7.781155845	7.254031651	7.284727507
Gpt2	GPT2	7.443985712	7.616792144	7.335138814	7.40654637	7.621440859	7.058962327
Gpx1	GPX1	8.42201828	9.770522046	8.527183765	7.40654637	8.858030594	8.409984275
Gramd1a	GRAMD1A	4.091264967	4.39170543	4.436203012	4.513911063	3.884290412	4.394213984
Gramd1c	GRAMD1C	4.711088618	4.39170543	4.673542613	4.737459092	5.129677693	5.17228453
Grb14	GRB14	4.091264967	4.49923408	5.050590043	4.702701458	4.741742161	4.838335991
Grb2	GRB2	3.602843836	4.000784638	4.299146326	3.965024055	4.371692044	4.029715045
Grb7	GRB7	6.450013302	5.671450398	6.062515049	6.594000661	5.620649619	6.064640927
Grem2	GREM2	2.292228873	3.64434534	4.299146326	3.965024055	5.053233652	3.608305404
Grhpr	GRHPR	5.303241568	5.986311642	5.53320357	6.898862122	7.406940982	7.113125353
Grik5	GRIK5	3.602843836	3.408987266	3.970060753	4.026238469	3.753454394	3.238392553
Grina	GRINA	7.443985712	6.673763899	7.267335756	6.891418686	6.816282834	6.531448811
Gripap1	GRIPAP1	5.455297886	4.598618344	4.299146326	4.55387734	4.56961092	4.719877086
Grk2	GRK2	4.091264967	4.145159234	4.673542613	4.836669376	4.371692044	4.54369877
Grk3	GRK3	4.091264967	3.83650285	4.436203012	5.198928573	3.6711476	4.163379181
Grk6	GRK6	3.602843836	3.091498835	3.510146324	4.929131951	3.753454394	3.706273732
Grn	GRN	7.977702971	7.875649663	7.415635975	8.018042528	7.924491366	7.931000646
Grpel1	GRPEL1	5.938807313	6.183831903	5.698190108	4.59267106	5.884996236	5.748050545
Grpel2	GRPEL2	4.938004346	4.39170543	4.145532614	4.293360774	4.151904426	4.225153074
Grsf1	GRSF1	5.717571651	5.323426062	5.346327862	4.899001256	5.116088944	5.111648885
Grtp1	GRTP1	4.938004346	4.858895188	5.53320357	4.702701458	4.59988523	4.875631332
Grwd1	GRWD1	3.602843836	4.39170543	3.510146324	3.965024055	3.6711476	3.706273732
Gsap	GSAP	5.303241568	5.3787305	5.130626579	5.822177099	4.994855223	5.535933184
Gsdmd	GSDMD	4.938004346	4.691084662	4.673542613	5.198928573	4.629485501	4.225153074
Gse1	GSE1	3.602843836	3.091498835	3.763912372	4.38613548	4.310902149	4.911934359
Gsk3a	GSK3A	5.132612588	5.143029108	4.560188889	4.737459092	4.705356213	5.201638223
Gsk3b	GSK3B	5.303241568	4.777589417	5.206296207	4.293360774	4.418340269	4.54369877
Gskip	GSKIP	4.091264967	4.000784638	3.763912372	3.681556414	3.936095152	3.956906946
Gsn	GSN	6.376515331	7.120711253	5.411419086	2.800007094	2.927497933	4.947299018
Gspt1	GSPT1	4.091264967	4.691084662	5.278065415	4.630363967	4.418340269	4.634693451
Gsr	GSR	5.303241568	5.532670511	5.590365196	4.59267106	5.324918783	5.258552798
Gss	GSS	5.832489373	5.837581133	5.473627628	5.015745746	5.562294211	4.495741634
Gsta3	GSTA5	8.288568807	9.089857967	8.901407603	8.087995504	8.512674599	8.175836534
Gstcd	GSTCD	4.091264967	3.83650285	3.510146324	3.900470853	3.484323889	3.500138199
Gstk1	GSTK1	4.938004346	4.935621319	5.130626579	3.965024055	5.038869068	4.911934359
Gstm6	GSTM1	5.832489373	5.265846922	5.050590043	4.55387734	5.009683266	4.44596579
Gstm7	GSTM2	3.602843836	4.598618344	3.970060753	4.193286682	4.894362663	4.394213984
Gstm4	GSTM4	4.938004346	5.626687005	5.845954352	4.430133851	5.735003227	4.799989364
Gsto1	GSTO1	4.938004346	4.935621319	4.299146326	3.965024055	4.639207972	4.495741634
Gstp1	GSTP1	6.711290956	6.932890613	7.550081931	6.1323258	6.63394121	6.048781729
Gstt2	GSTT2	5.132612588	5.580460698	5.050590043	5.985670459	5.046070042	5.728212593
Gstz1	GSTZ1	6.769803104	7.198600589	6.565484421	7.353404211	7.522606736	7.520469906
Gtf2a1	GTF2A1	4.437863651	4.145159234	3.970060753	3.681556414	4.048808169	4.029715045
Gtf2b	GTF2B	4.091264967	4.598618344	4.145532614	4.293360774	4.395226294	4.029715045
Gtf2e2	GTF2E2	3.602843836	4.000784638	3.763912372	3.832119018	3.649551982	3.706273732
Gtf2f1	GTF2F1	4.711088618	4.145159234	3.763912372	3.597638182	4.06407965	4.098370521
Gtf2f2	GTF2F2	4.711088618	3.408987266	3.763912372	4.340586378	4.001799157	4.284033266
Gtf2h1	GTF2H1	4.437863651	3.091498835	4.299146326	4.293360774	3.581976371	3.796124561
Gtf2h2	GTF2H2	3.602843836	3.091498835	4.560188889	3.900470853	3.649551982	3.956906946
Gtf2h5	GTF2H5	4.437863651	5.143029108	4.145532614	4.55387734	4.732737389	4.44596579
Gtf2i	GTF2I	5.592511033	5.48320442	5.590365196	5.223230826	5.480533817	5.512859863
Gtf2ird1	GTF2IRD1	5.592511033	4.598618344	4.778048871	4.958614196	4.323292875	5.048238323
Gtf3a	GTF3A	2.292228873	4.145159234	3.970060753	4.193286682	3.792408556	3.796124561
Gtf3c1	GTF3C1	5.303241568	4.49923408	4.145532614	4.472692728	4.47438987	4.589975336
Gtf3c2	GTF3C2	4.938004346	5.532670511	5.891980982	5.724382011	5.053233652	4.760526782
Gtf3c3	GTF3C3	4.437863651	3.83650285	3.165820411	4.026238469	3.649551982	3.879313446
Gtf3c4	GTF3C4	4.437863651	4.000784638	3.165820411	3.900470853	4.193580519	3.500138199
Gtf3c5	GTF3C5	4.711088618	3.64434534	3.510146324	3.506312947	3.627507726	3.956906946
Gtf3c6	GTF3C6	4.091264967	4.49923408	3.510146324	3.506312947	4.07916153	4.163379181
Gtpbp2	GTPBP2	7.252341272	6.183831903	6.178245225	6.080723161	5.20853125	5.708093218
Gtpbp3	GTPBP3	4.711088618	4.274415856	5.206296207	4.193286682	3.985710867	4.098370521
Gtpbp4	GTPBP4	5.455297886	5.008278679	4.560188889	4.340586378	4.589870308	4.677961688
Gtpbp6	GTPBP6	5.303241568	4.691084662	5.050590043	5.070602553	4.017673899	4.340305924
Gtpbp8	GTPBP8	4.091264967	3.64434534	3.763912372	3.506312947	3.733451903	4.098370521
Gucd1	GUCD1	6.299041974	6.183831903	5.798387868	6.242039077	6.070137201	6.080325845
Guf1	GUF1	3.602843836	3.83650285	3.763912372	3.832119018	3.375808356	3.608305404
Guk1	GUK1	4.437863651	5.714842213	4.87505964	4.59267106	5.277089914	5.048238323
Gusb	GUSB	4.711088618	4.935621319	5.050590043	4.630363967	4.383512751	4.225153074
Gxylt1	GXYLT1	4.437863651	4.39170543	3.970060753	3.292857758	3.581976371	4.225153074
Gys2	GYS2	4.437863651	5.143029108	5.346327862	6.397559192	5.739390898	5.230385876
Gzf1	GZF1	4.437863651	4.691084662	4.560188889	4.737459092	4.777172461	4.44596579
H1f0	H1-0	5.303241568	5.876245896	5.53320357	5.913673627	6.124643939	6.01652452
H3f3a	H3-3A	5.938807313	5.265846922	5.130626579	5.360779987	5.382495462	5.535933184
H6pd	H6PD	6.217134759	7.510912695	7.140407653	8.313305562	8.092956898	8.127831935
Haao	HAAO	6.769803104	7.120711253	7.431209265	6.845930165	7.276681341	7.438038286
Habp2	HABP2	6.519926337	6.560169428	6.7509247	6.479391884	6.927413457	6.362524568
Habp4	HABP4	5.938807313	5.532670511	5.473627628	5.316416351	5.552329575	5.602972942
Hacd2	HACD2	3.602843836	2.292228873	4.299146326	3.506312947	4.151904426	4.163379181
Hacd3	HACD3	6.299041974	6.214251337	6.319280955	5.942910413	6.309383526	6.752543131
Hace1	HACE1	3.602843836	3.091498835	3.970060753	3.900470853	3.285101813	3.069261795
Hacl1	HACL1	5.455297886	5.143029108	5.411419086	4.630363967	5.644271028	4.677961688
Hadh	HADH	5.832489373	6.673763899	6.178245225	5.790321307	6.803850026	6.185546781
Hadha	HADHA	5.455297886	5.876245896	5.845954352	4.899001256	6.080516966	5.441282574
Hadhb	HADHB	4.437863651	5.143029108	6.021755502	4.55387734	5.33078407	4.875631332
Hagh	HAGH	5.832489373	5.323426062	5.845954352	5.270600463	5.795229508	5.966728005
Hal	HAL	5.832489373	7.369953353	5.798387868	6.489300208	6.483429154	6.587261206
Hamp	HAMP	6.037737533	6.673763899	5.050590043	5.971559188	5.726186956	7.027071285
Hao1	HAO1	4.437863651	5.837581133	5.979796879	6.343934444	6.795501331	6.449473282
Hapln4	HAPLN4	4.091264967	4.49923408	4.145532614	4.702701458	4.247072608	4.9817748
Hars2	HARS2	4.938004346	4.000784638	4.299146326	4.472692728	3.901815905	4.394213984
Haus7	HAUS7	4.091264967	4.145159234	4.436203012	4.804399523	4.108777455	4.225153074
Haus8	HAUS8	4.938004346	4.691084662	4.299146326	4.430133851	3.558435071	3.069261795
Timd2	HAVCR1	5.303241568	5.205791466	5.206296207	4.59267106	5.169663478	4.677961688
Hax1	HAX1	4.437863651	4.777589417	4.778048871	4.958614196	5.116088944	4.838335991
Hbp1	HBP1	5.717571651	4.777589417	5.050590043	5.097235377	4.933890021	4.677961688
Hcfc1	HCFC1	2.292228873	4.691084662	4.299146326	4.513911063	4.207168762	4.225153074
Hcfc1r1	HCFC1R1	4.437863651	4.691084662	4.436203012	4.084488666	4.001799157	4.44596579
Hdac1	HDAC1	3.602843836	3.64434534	3.510146324	3.681556414	3.866495286	4.029715045
Hdac10	HDAC10	4.711088618	3.83650285	4.560188889	4.140084684	3.811388859	4.029715045
Hdac11	HDAC11	5.938807313	5.205791466	5.278065415	5.445508409	4.750687228	4.719877086
Hdac3	HDAC3	4.091264967	5.077294272	4.560188889	4.55387734	4.260098036	4.163379181
Hdac4	HDAC4	4.091264967	4.145159234	4.560188889	4.513911063	4.123321403	4.225153074
Hdac5	HDAC5	5.455297886	4.935621319	5.050590043	5.247116631	4.335564778	4.54369877
Hdac6	HDAC6	3.602843836	3.83650285	3.165820411	4.026238469	3.404129273	3.378600384
Hdac8	HDAC8	4.437863651	4.274415856	4.436203012	4.38613548	3.830055489	4.029715045
Hdgf	HDGF	5.132612588	5.837581133	5.130626579	5.424800519	5.348234004	5.535933184
Hdgfl2	HDGFL2	4.711088618	4.691084662	5.206296207	5.270600463	4.714545298	4.838335991
Hdhd2	HDHD2	4.437863651	4.49923408	5.130626579	4.293360774	4.272990782	4.340305924
Hdhd5	HDHD5	4.091264967	4.274415856	4.145532614	3.759393139	4.07916153	4.163379181
Hdlbp	HDLBP	5.938807313	6.651752694	6.980158106	6.20639525	7.086354628	7.01898683
Heatr6	HEATR6	4.711088618	4.39170543	4.145532614	4.140084684	4.47438987	3.608305404
Hebp1	HEBP1	6.037737533	6.968914599	6.70033948	6.027185158	6.709232705	6.242368791
Heca	HECA	4.711088618	5.532670511	5.278065415	4.702701458	4.894362663	5.111648885
Hectd1	HECTD1	5.303241568	5.077294272	4.436203012	4.836669376	5.053233652	5.048238323
Hectd3	HECTD3	5.455297886	5.008278679	5.473627628	5.043446632	4.870085739	5.201638223
Hectd4	HECTD4	2.292228873	4.598618344	4.436203012	4.630363967	4.220611239	4.163379181
Heg1	HEG1	4.091264967	3.408987266	3.510146324	3.965024055	3.773101672	2.292228873
Helb	HELB	3.602843836	3.83650285	4.560188889	3.900470853	3.692316346	3.796124561
Helz	HELZ	4.091264967	4.145159234	4.299146326	4.737459092	4.137695583	4.029715045
Helz2	HELZ2	5.717571651	5.323426062	6.062515049	5.790321307	6.17714714	5.708093218
Hemk1	HEMK1	2.292228873	3.83650285	4.145532614	4.084488666	4.094059111	4.225153074
Herc1	HERC1	3.602843836	3.408987266	3.970060753	4.513911063	4.220611239	4.634693451
Herc2	HERC2	4.091264967	3.83650285	3.763912372	4.084488666	4.151904426	4.284033266
Herc3	HERC3	2.292228873	3.64434534	3.165820411	4.244315549	3.375808356	3.238392553
Herc4	HERC4	4.711088618	4.000784638	4.145532614	5.174194573	4.347720348	4.394213984
Herc6	HERC6	4.711088618	3.83650285	4.436203012	3.900470853	4.094059111	4.029715045
Herpud1	HERPUD1	7.644664992	7.767432018	8.176382545	7.77712735	7.895533378	7.887303909
Hes1	HES1	4.437863651	4.858895188	4.673542613	5.971559188	4.949386997	6.080325845
Hes6	HES6	4.437863651	5.532670511	5.278065415	5.54471171	5.324918783	5.535933184
Hexa	HEXA	4.711088618	4.858895188	5.346327862	6.194313797	5.869090868	5.230385876
Hexb	HEXB	3.602843836	4.39170543	4.299146326	3.832119018	4.207168762	3.796124561
Hexim1	HEXIM1	2.292228873	4.49923408	4.299146326	3.900470853	4.861896491	4.947299018
Hfe	HFE	3.602843836	5.323426062	4.965627447	5.015745746	5.143134628	5.015407237
Hgd	HGD	7.07823846	6.895940977	5.749173232	5.724382011	6.63394121	5.879659457
Hgfac	HGFAC	7.292764937	7.152374565	7.196181181	9.530040841	8.364904896	8.026744144
Hgs	HGS	5.455297886	5.431937627	5.206296207	5.123365638	4.845368866	5.111648885
Hgsnat	HGSNAT	3.602843836	3.83650285	3.510146324	4.59267106	5.088505083	5.17228453
Hibadh	HIBADH	5.592511033	6.799185642	5.798387868	5.043446632	6.147851797	5.767614962
Hibch	HIBCH	4.711088618	4.935621319	5.050590043	3.965024055	4.335564778	4.029715045
Hid1	HID1	2.292228873	2.292228873	3.510146324	4.084488666	3.604991145	3.608305404
Hif1a	HIF1A	4.711088618	3.408987266	3.510146324	4.140084684	3.627507726	3.796124561
Hif1an	HIF1AN	5.303241568	3.83650285	2.292228873	3.681556414	3.830055489	4.284033266
Higd1a	HIGD1A	4.437863651	4.39170543	4.436203012	4.667021062	5.246343831	5.080306881
Higd2a	HIGD2A	3.602843836	4.935621319	3.165820411	3.900470853	4.828638107	4.394213984
Hikeshi	HIKESHI	2.292228873	4.000784638	4.145532614	3.759393139	3.866495286	4.225153074
Hilpda	HILPDA	3.602843836	2.292228873	3.510146324	3.405683862	3.753454394	4.098370521
Hinfp	HINFP	3.602843836	4.145159234	4.145532614	4.244315549	3.649551982	3.608305404
Hint1	HINT1	4.711088618	5.950559801	5.590365196	5.123365638	5.752473078	5.048238323
Hint2	HINT2	4.091264967	4.777589417	4.145532614	4.771343338	4.741742161	4.947299018
Hint3	HINT3	4.711088618	5.265846922	4.560188889	4.340586378	4.658443166	4.225153074
Hip1r	HIP1R	4.437863651	4.777589417	3.970060753	4.771343338	4.429744728	4.875631332
Hipk1	HIPK1	3.602843836	4.49923408	4.560188889	4.38613548	4.629485501	4.54369877
Hipk2	HIPK2	5.132612588	4.49923408	4.299146326	4.084488666	4.837029207	4.54369877
Hipk3	HIPK3	4.437863651	4.935621319	4.560188889	4.38613548	5.277089914	4.44596579
Hira	HIRA	4.437863651	3.64434534	4.436203012	4.340586378	3.969402258	4.029715045
Hivep1	HIVEP1	3.602843836	4.39170543	3.763912372	3.681556414	3.952866194	4.098370521
Hjurp	HJURP	6.299041974	5.837581133	6.47803707	6.418459489	5.896809668	6.387910015
Hjv	HJV	6.217134759	6.512088547	6.102142844	6.733833014	6.467734648	6.170981327
H2-Ab1	HLA-DQB1	4.091264967	4.777589417	5.590365196	4.667021062	4.496153589	3.956906946
Hlcs	HLCS	3.602843836	3.83650285	4.560188889	4.193286682	4.220611239	4.284033266
Hlf	HLF	4.091264967	4.274415856	5.206296207	4.737459092	4.979865668	4.760526782
Hltf	HLTF	3.602843836	2.292228873	3.165820411	3.900470853	3.431616404	3.069261795
H13	HM13	5.303241568	5.626687005	6.102142844	5.525421762	6.249394772	6.214239963
Hmbox1	HMBOX1	3.602843836	4.000784638	2.292228873	3.832119018	4.06407965	3.608305404
Hmbs	HMBS	4.437863651	4.935621319	4.299146326	4.340586378	4.371692044	4.589975336
Hmces	HMCES	2.292228873	4.145159234	4.560188889	4.140084684	3.969402258	4.098370521
Hmg20a	HMG20A	2.292228873	4.274415856	3.970060753	4.430133851	4.47438987	4.394213984
Hmg20b	HMG20B	4.711088618	4.274415856	4.299146326	4.667021062	4.528137589	4.634693451
Hmgcl	HMGCL	5.303241568	6.12097931	6.102142844	5.65522648	6.799681741	6.00011817
Hmgcr	HMGCR	3.602843836	5.986311642	5.698190108	7.583096421	6.994570711	7.609240911
Hmgcs1	HMGCS1	4.437863651	6.273215603	5.53320357	7.432399784	7.190240298	8.101305658
Hmgcs2	HMGCS2	7.07823846	7.736451249	8.129446192	7.601441443	8.422868549	7.64116891
Hmgn1	HMGN1	4.437863651	4.598618344	4.560188889	4.293360774	4.57977929	4.911934359
Hmgn5	HMGN5	4.437863651	5.205791466	3.970060753	3.681556414	4.639207972	4.340305924
Hmgxb3	HMGXB3	3.602843836	4.274415856	3.165820411	4.140084684	3.830055489	4.394213984
Hmox1	HMOX1	5.455297886	5.876245896	3.510146324	4.293360774	4.07916153	3.608305404
Hmox2	HMOX2	3.602843836	4.935621319	4.436203012	4.340586378	4.987380864	4.495741634
Hnf1a	HNF1A	4.938004346	5.008278679	5.130626579	4.472692728	4.667958021	5.111648885
Hnf1b	HNF1B	3.602843836	2.292228873	3.510146324	3.900470853	3.866495286	2.84495281
Hnf4a	HNF4A	6.711290956	6.951015396	7.284588185	7.320551423	7.489388696	7.508978838
Hnmt	HNMT	4.711088618	4.49923408	4.965627447	3.900470853	4.272990782	3.608305404
Hnrnpa0	HNRNPA0	4.091264967	3.83650285	4.436203012	5.741156304	4.894362663	5.142297742
Hnrnpa1	HNRNPA1	2.292228873	4.39170543	3.165820411	3.681556414	4.165952177	4.029715045
Hnrnpa2b1	HNRNPA2B1	4.437863651	4.49923408	5.050590043	5.54471171	5.721758183	5.728212593
Hnrnpab	HNRNPAB	4.091264967	4.598618344	4.299146326	3.832119018	4.648860167	4.677961688
Hnrnpd	HNRNPD	4.938004346	4.691084662	5.278065415	4.737459092	4.496153589	4.44596579
Hnrnpdl	HNRNPDL	3.602843836	3.64434534	3.763912372	4.340586378	3.649551982	3.608305404
Hnrnpf	HNRNPF	4.091264967	4.145159234	3.510146324	3.162995548	4.549036926	4.098370521
Hnrnph1	HNRNPH1	4.091264967	4.274415856	4.436203012	4.244315549	4.151904426	4.44596579
Hnrnph2	HNRNPH2	4.091264967	4.274415856	4.299146326	3.506312947	4.53862862	4.677961688
Hnrnph3	HNRNPH3	4.437863651	4.598618344	4.673542613	4.630363967	3.952866194	4.394213984
Hnrnpk	HNRNPK	4.091264967	4.691084662	3.970060753	3.832119018	4.56961092	4.44596579
Hnrnpl	HNRNPL	4.938004346	4.39170543	4.436203012	4.193286682	4.589870308	4.911934359
Hnrnpll	HNRNPLL	3.602843836	4.598618344	4.299146326	4.836669376	4.406834785	4.589975336
Hnrnpm	HNRNPM	5.592511033	5.265846922	5.645304244	5.54471171	5.36546935	5.48940264
Hnrnpr	HNRNPR	2.292228873	4.000784638	4.299146326	4.340586378	3.919081189	4.029715045
Hnrnpu	HNRNPU	4.938004346	5.205791466	5.845954352	6.20639525	5.246343831	5.258552798
Hnrnpul1	HNRNPUL1	5.303241568	5.580460698	5.749173232	5.724382011	5.685820937	6.00011817
Hnrnpul2	HNRNPUL2	5.132612588	4.691084662	5.346327862	5.123365638	4.972309166	5.048238323
Hoga1	HOGA1	6.932274385	6.819064754	6.250500172	6.814784588	6.55448159	6.692769247
Homer1	HOMER1	2.292228873	4.000784638	3.763912372	3.292857758	4.285753821	4.340305924
Hook1	HOOK1	2.292228873	4.858895188	4.87505964	4.59267106	4.837029207	5.201638223
Hook2	HOOK2	5.455297886	4.691084662	5.590365196	5.360779987	4.667958021	5.230385876
Hook3	HOOK3	5.455297886	4.858895188	4.778048871	4.667021062	4.845368866	4.875631332
Hopx	HOPX	4.437863651	5.532670511	5.590365196	5.293696035	6.141259356	5.897504338
Hp	HP	11.20453262	11.86183232	11.71786327	11.71617119	12.27466343	12.67624297
Hp1bp3	HP1BP3	5.717571651	5.3787305	6.178245225	5.741156304	5.611089491	5.602972942
Hpd	HPD	7.167920699	7.922275993	7.082385311	6.489300208	7.826635856	7.587555636
Hpf1	HPF1	3.602843836	3.408987266	3.510146324	3.292857758	3.375808356	3.956906946
Hpgd	HPGD	4.711088618	4.145159234	4.560188889	4.59267106	4.714545298	4.44596579
Hpn	HPN	7.370359234	7.976307021	8.176382545	9.062143587	8.235332603	8.362911478
Hps1	HPS1	4.711088618	4.000784638	4.673542613	4.026238469	3.848420524	4.225153074
Hps4	HPS4	5.717571651	3.83650285	5.278065415	4.38613548	3.753454394	4.098370521
Hps5	HPS5	2.292228873	3.83650285	3.165820411	3.965024055	3.830055489	3.706273732
Hpx	HPX	11.28680973	11.90308287	11.18135565	11.56235465	12.59059484	12.42221023
Hras	HRAS	4.091264967	4.39170543	3.165820411	4.430133851	4.714545298	4.838335991
Hrg	HRG	9.24563029	8.786480655	9.36553819	9.120518537	9.314684461	8.600590771
Hs1bp3	HS1BP3	3.602843836	3.64434534	4.673542613	4.430133851	4.06407965	3.879313446
Hs3st3b1	HS3ST3B1	5.303241568	5.75694536	5.346327862	6.276816407	6.478216714	6.672278765
Hs6st1	HS6ST1	5.717571651	6.273215603	6.21482895	5.403782997	6.820403317	6.336681136
Hsbp1	HSBP1	5.303241568	5.876245896	4.87505964	5.247116631	5.888944953	5.580978012
Hsd11b1	HSD11B1	7.123778054	7.547077327	8.185589213	8.04843891	8.57547527	7.846811233
Hsd17b10	HSD17B10	4.711088618	5.3787305	4.299146326	5.563741544	5.77401224	5.2861627
Hsd17b11	HSD17B11	6.217134759	6.384322488	6.536923513	6.682978062	6.579028162	6.449473282
Hsd17b12	HSD17B12	5.717571651	5.431937627	5.936565594	5.486031712	6.06666044	5.897504338
Hsd17b13	HSD17B13	8.732120331	9.069294369	9.381646522	8.476184514	8.467487223	7.479843643
Hsd17b2	HSD17B2	6.130250267	5.532670511	5.645304244	6.639178529	6.989092499	6.00011817
Hsd17b4	HSD17B4	5.455297886	6.758582931	6.062515049	5.928367045	6.645605873	6.323582414
Hsd17b6	HSD17B6	5.455297886	7.523068722	5.845954352	6.8764152	6.306443053	6.141397425
Hsd17b7	HSD17B7	3.602843836	3.408987266	3.763912372	4.55387734	4.853657745	5.201638223
Hsd3b3	HSD3B1	4.091264967	4.49923408	4.299146326	4.084488666	5.277089914	4.163379181
Hsd3b7	HSD3B7	8.288568807	6.932890613	7.476943677	7.390808596	7.36528646	7.767075183
Hsdl2	HSDL2	5.132612588	4.777589417	5.050590043	4.38613548	4.886318221	5.142297742
Hsf1	HSF1	4.938004346	4.145159234	5.050590043	4.38613548	4.23391141	4.098370521
Hsf2	HSF2	4.938004346	4.274415856	4.299146326	4.293360774	4.371692044	4.44596579
Hsf4	HSF4	4.437863651	3.408987266	3.970060753	4.667021062	3.792408556	3.706273732
Hsp90aa1	HSP90AA1	5.132612588	4.598618344	3.763912372	3.006723736	3.919081189	3.796124561
Hsp90ab1	HSP90AB1	7.07823846	6.48742995	5.891980982	6.265317619	6.430431906	6.048781729
Hsp90b1	HSP90B1	6.711290956	7.301016857	7.578328327	6.537840396	7.171022073	7.514735829
Hspa13	HSPA13	5.132612588	4.49923408	4.560188889	4.630363967	5.163078601	5.080306881
Hspa4l	HSPA4L	5.303241568	4.145159234	3.970060753	4.513911063	4.137695583	4.54369877
Hspa5	HSPA5	7.927270394	7.18335627	7.761919001	7.437515243	7.633185524	7.837656263
Hspa9	HSPA9	4.938004346	5.205791466	4.778048871	3.832119018	5.289201345	4.677961688
Hspb1	HSPB1	6.037737533	4.598618344	3.510146324	3.597638182	3.773101672	3.956906946
Hspb8	HSPB8	6.932274385	6.737843052	6.565484421	5.149012642	6.693588313	6.640984181
Hspbap1	HSPBAP1	4.091264967	3.408987266	3.970060753	3.832119018	3.316379787	3.378600384
Hspbp1	HSPBP1	3.602843836	4.145159234	3.970060753	3.506312947	4.048808169	4.225153074
Hspd1	HSPD1	4.938004346	5.671450398	5.473627628	4.667021062	5.038869068	4.589975336
Hsph1	HSPH1	5.592511033	4.691084662	4.299146326	3.965024055	3.866495286	4.225153074
Htatip2	HTATIP2	6.130250267	5.75694536	5.346327862	5.247116631	5.143134628	4.760526782
Htatsf1	HTATSF1	4.091264967	4.49923408	4.145532614	4.084488666	3.901815905	4.225153074
Rpp14	HTD2	4.711088618	3.408987266	3.970060753	3.597638182	3.733451903	3.956906946
Htra2	HTRA2	2.292228873	3.64434534	3.510146324	4.026238469	3.733451903	3.706273732
Htt	HTT	4.938004346	4.000784638	4.673542613	4.667021062	4.151904426	4.029715045
Huwe1	HUWE1	5.455297886	5.986311642	5.473627628	5.54471171	5.516888607	5.767614962
Hyal1	HYAL1	5.455297886	5.3787305	5.936565594	5.58251833	5.437802773	5.824741032
Hyal2	HYAL2	4.938004346	5.532670511	5.278065415	5.690226104	5.653610283	5.624630897
Hykk	HYKK	5.455297886	4.777589417	5.473627628	5.424800519	5.491016961	5.048238323
Hyou1	HYOU1	6.217134759	6.273215603	6.958811065	7.099496039	7.423271226	8.164899558
Iah1	IAH1	3.602843836	5.714842213	4.965627447	5.043446632	5.620649619	5.17228453
Iars2	IARS2	4.437863651	5.008278679	5.130626579	4.667021062	4.549036926	4.634693451
Ibtk	IBTK	4.711088618	4.691084662	4.965627447	4.630363967	4.853657745	5.17228453
Icam1	ICAM1	4.711088618	4.691084662	4.965627447	4.59267106	4.667958021	4.394213984
Ice1	ICE1	3.602843836	3.408987266	3.763912372	4.430133851	4.048808169	3.879313446
Ice2	ICE2	4.091264967	3.64434534	3.970060753	4.293360774	3.713078272	3.238392553
Icmt	ICMT	4.437863651	4.691084662	4.145532614	4.472692728	4.485316891	4.589975336
Id1	ID1	2.292228873	3.83650285	3.510146324	6.612242779	4.619691648	5.932536696
Id2	ID2	6.586589754	6.819064754	5.936565594	7.497524356	7.05873191	7.401213311
Id3	ID3	4.091264967	5.75694536	4.145532614	6.299540498	5.122899962	6.473376888
Ide	IDE	4.091264967	4.777589417	4.87505964	4.430133851	4.714545298	4.589975336
Idh1	IDH1	5.455297886	6.244037217	6.285303664	5.707406928	6.419593229	6.126372578
Idh2	IDH2	5.132612588	5.986311642	5.278065415	4.667021062	5.577110549	5.230385876
Idh3a	IDH3A	3.602843836	4.145159234	3.763912372	3.965024055	4.108777455	3.956906946
Idh3b	IDH3B	6.450013302	6.273215603	6.319280955	5.942910413	5.620649619	5.142297742
Idh3g	IDH3G	5.303241568	4.935621319	5.206296207	5.247116631	4.918215799	4.911934359
Idi1	IDI1	3.602843836	3.64434534	4.145532614	4.026238469	4.549036926	4.760526782
Idnk	IDNK	3.602843836	5.143029108	5.130626579	5.149012642	4.878226113	4.947299018
Ido2	IDO2	5.717571651	5.48320442	5.473627628	4.244315549	5.163078601	5.142297742
Idua	IDUA	4.437863651	3.408987266	4.436203012	4.630363967	3.534336095	3.706273732
Ier2	IER2	4.091264967	5.143029108	4.673542613	4.929131951	5.319028825	5.391457635
Ier3	IER3	2.292228873	3.408987266	3.763912372	4.340586378	3.773101672	3.378600384
Ier5	IER5	5.132612588	5.48320442	4.436203012	3.832119018	3.985710867	4.029715045
Iffo1	IFFO1	3.602843836	4.145159234	4.299146326	4.244315549	3.649551982	3.378600384
Iffo2	IFFO2	4.437863651	4.000784638	3.970060753	3.900470853	4.179842907	4.284033266
Ifi27	IFI27L2	5.455297886	5.3787305	6.140700639	6.612242779	7.692760886	6.310362765
Ifi30	IFI30	4.091264967	3.408987266	3.510146324	4.084488666	3.848420524	3.956906946
Ifi35	IFI35	4.091264967	4.145159234	4.560188889	4.38613548	4.705356213	4.163379181
Ifih1	IFIH1	5.132612588	4.691084662	4.299146326	4.513911063	4.994855223	4.098370521
Ifitm2	IFITM1	5.303241568	5.580460698	5.749173232	4.899001256	6.793406557	6.362524568
Ifnar1	IFNAR1	5.592511033	4.691084662	4.778048871	4.836669376	4.828638107	4.634693451
Ifnar2	IFNAR2	5.717571651	5.714842213	5.891980982	5.928367045	6.258554958	5.843283838
Ifngr1	IFNGR1	4.091264967	4.858895188	4.299146326	5.883823859	5.567250281	5.602972942
Ifngr2	IFNGR2	4.437863651	5.3787305	5.050590043	4.38613548	4.759573426	4.589975336
Ifrd1	IFRD1	5.455297886	5.3787305	5.050590043	4.836669376	4.323292875	4.634693451
Ifrd2	IFRD2	5.938807313	5.714842213	5.130626579	5.690226104	5.258723621	5.465548216
Ift172	IFT172	3.602843836	3.408987266	4.145532614	4.084488666	3.509645067	3.796124561
Ift20	IFT20	4.437863651	4.598618344	4.436203012	4.513911063	4.878226113	4.54369877
Ift46	IFT46	3.602843836	4.145159234	3.763912372	4.026238469	3.792408556	4.225153074
Ift52	IFT52	4.437863651	4.000784638	4.299146326	4.59267106	4.207168762	4.340305924
Igbp1	IGBP1	4.437863651	5.008278679	4.778048871	4.140084684	4.549036926	4.284033266
Igdcc4	IGDCC4	4.091264967	3.091498835	4.299146326	6.665618233	4.048808169	4.225153074
Igf1	IGF1	6.711290956	7.473816771	7.351602222	6.376349544	8.345054114	7.010856685
Igf2r	IGF2R	5.303241568	4.274415856	5.206296207	5.338773759	5.189233058	5.015407237
Igfals	IGFALS	5.592511033	5.205791466	5.206296207	4.771343338	6.246328298	4.799989364
Igfbp1	IGFBP1	9.127788873	8.527748285	8.71054354	10.72663391	8.748967959	9.998377147
Igfbp2	IGFBP2	8.593494399	9.556728811	8.317068501	8.869456479	8.212036533	8.977034562
Igfbp3	IGFBP3	2.292228873	3.408987266	2.292228873	3.900470853	3.218881094	3.500138199
Igfbp4	IGFBP4	9.708104553	10.1764101	10.26000405	10.21517202	10.36842038	10.35891485
Igfbp7	IGFBP7	3.602843836	5.008278679	4.673542613	4.771343338	5.77401224	5.416590921
Igflr1	IGFLR1	4.091264967	3.83650285	3.970060753	4.026238469	3.285101813	3.879313446
Igsf8	IGSF8	5.132612588	4.598618344	4.145532614	6.621277633	4.768401571	5.365866194
Ikbkb	IKBKB	6.299041974	4.777589417	5.050590043	5.338773759	5.009683266	5.201638223
Ikbke	IKBKE	5.303241568	5.797835345	5.346327862	5.58251833	5.136422471	5.558635233
Ikbkg	IKBKG	6.299041974	6.536330397	6.21482895	5.741156304	5.611089491	5.64596224
Ikzf5	IKZF5	4.437863651	3.83650285	4.299146326	3.965024055	3.773101672	3.500138199
Il10rb	IL10RB	4.938004346	3.091498835	3.970060753	4.293360774	3.969402258	3.956906946
Il13ra1	IL13RA1	4.091264967	4.000784638	4.299146326	4.244315549	4.957070321	4.677961688
Il15ra	IL15RA	5.455297886	4.777589417	5.278065415	5.690226104	5.067450382	5.391457635
Il17ra	IL17RA	4.091264967	3.83650285	3.763912372	4.38613548	4.123321403	4.719877086
Il17rb	IL17RB	4.437863651	5.077294272	4.778048871	4.59267106	4.619691648	4.589975336
Il17rc	IL17RC	4.091264967	4.777589417	5.050590043	4.702701458	4.07916153	4.340305924
Il18bp	IL18BP	3.602843836	4.000784638	4.145532614	4.026238469	4.452258194	4.029715045
Il1r1	IL1R1	4.711088618	4.274415856	5.411419086	4.38613548	4.371692044	5.441282574
Il1rap	IL1RAP	4.711088618	5.626687005	5.645304244	5.316416351	5.591773098	4.875631332
Il1rn	IL1RN	2.292228873	3.408987266	3.510146324	5.58251833	4.048808169	4.875631332
Il4ra	IL4R	4.091264967	3.408987266	4.436203012	4.702701458	4.151904426	4.394213984
Il6ra	IL6R	3.602843836	4.39170543	4.965627447	5.223230826	5.067450382	4.44596579
Il6st	IL6ST	4.437863651	5.797835345	5.749173232	5.58251833	5.900725789	5.558635233
Ildr2	ILDR2	3.602843836	4.858895188	4.673542613	4.140084684	4.452258194	5.201638223
Ilf3	ILF3	2.292228873	3.64434534	3.970060753	4.140084684	3.969402258	4.098370521
Ilk	ILK	4.091264967	4.858895188	4.778048871	4.244315549	4.987380864	4.799989364
Ilkap	ILKAP	3.602843836	4.000784638	4.436203012	4.293360774	4.165952177	4.098370521
Ilrun	ILRUN	6.130250267	6.329846336	5.979796879	5.913673627	6.514312118	6.170981327
Ilvbl	ILVBL	5.132612588	5.008278679	4.436203012	5.822177099	4.811698872	5.230385876
Immp1l	IMMP1L	4.711088618	3.64434534	4.560188889	4.193286682	4.47438987	4.54369877
Immp2l	IMMP2L	6.130250267	6.15275112	6.140700639	5.928367045	5.844894306	5.949734918
Immt	IMMT	4.711088618	5.323426062	5.346327862	5.043446632	5.102365673	5.015407237
Imp3	IMP3	4.091264967	4.598618344	3.510146324	4.38613548	4.559363906	4.799989364
Imp4	IMP4	3.602843836	4.39170543	4.299146326	3.965024055	4.207168762	4.098370521
Impa1	IMPA1	5.455297886	5.986311642	6.021755502	6.106757528	5.848955764	5.391457635
Impact	IMPACT	5.455297886	4.858895188	5.411419086	4.340586378	4.048808169	4.44596579
Impdh2	IMPDH2	2.292228873	4.39170543	4.145532614	4.244315549	3.985710867	3.879313446
Inafm2	INAFM2	4.437863651	3.64434534	3.763912372	4.293360774	3.866495286	4.029715045
Inca1	INCA1	5.455297886	4.777589417	4.560188889	4.084488666	4.335564778	4.029715045
Inf2	INF2	5.455297886	5.143029108	4.299146326	5.837841147	5.149814489	5.666976855
Ing1	ING1	2.292228873	3.83650285	3.510146324	4.026238469	4.001799157	4.634693451
Ing4	ING4	5.303241568	5.205791466	5.130626579	5.149012642	4.658443166	5.111648885
Inhba	INHBA	2.292228873	4.145159234	4.436203012	4.430133851	5.289201345	4.44596579
Inhbb	INHBB	2.292228873	3.091498835	2.292228873	4.958614196	3.866495286	3.879313446
Inhbc	INHBC	4.938004346	4.777589417	4.965627447	4.86819141	5.658256906	5.230385876
Inhbe	INHBE	6.519926337	4.777589417	5.278065415	5.971559188	5.799435188	5.602972942
Inmt	INMT	7.123778054	7.356427529	5.798387868	5.985670459	6.020674396	5.949734918
Ino80	INO80	4.711088618	3.83650285	3.763912372	4.513911063	3.848420524	3.956906946
Ino80b	INO80B	4.091264967	4.49923408	4.436203012	4.293360774	4.528137589	4.799989364
Ino80d	INO80D	4.091264967	4.691084662	4.560188889	4.513911063	4.559363906	4.838335991
Ino80e	INO80E	3.602843836	4.145159234	3.510146324	4.084488666	3.936095152	3.956906946
Inpp4a	INPP4A	4.938004346	4.39170543	5.346327862	5.123365638	4.517562398	4.760526782
Inpp5b	INPP5B	4.091264967	5.077294272	3.970060753	4.987476573	4.452258194	3.879313446
Inpp5e	INPP5E	3.602843836	3.408987266	3.763912372	4.084488666	3.534336095	3.378600384
Inpp5f	INPP5F	3.602843836	3.83650285	3.510146324	3.292857758	4.033341529	4.098370521
Inpp5k	INPP5K	4.091264967	4.145159234	3.970060753	3.832119018	3.431616404	3.378600384
Inppl1	INPPL1	4.938004346	4.39170543	4.673542613	4.630363967	4.496153589	4.875631332
Insc	INSC	4.091264967	3.83650285	3.970060753	3.832119018	4.179842907	4.163379181
Insig1	INSIG1	7.332084657	6.932890613	7.399892458	8.373229243	7.97979916	8.112733873
Insig2	INSIG2	6.586589754	6.244037217	6.021755502	5.790321307	6.141259356	5.728212593
Insr	INSR	6.217134759	5.671450398	5.979796879	6.080723161	6.291649406	5.708093218
Insyn1	INSYN1	4.711088618	5.143029108	4.87505964	4.86819141	3.753454394	3.956906946
Ints1	INTS1	4.091264967	4.274415856	4.778048871	4.86819141	4.677405762	4.760526782
Ints11	INTS11	3.602843836	4.000784638	3.510146324	3.900470853	3.753454394	4.029715045
Ints13	INTS13	3.602843836	4.145159234	3.970060753	3.832119018	3.919081189	3.956906946
Ints3	INTS3	4.091264967	4.39170543	4.436203012	3.900470853	4.207168762	4.589975336
Ints6	INTS6	4.938004346	4.691084662	5.206296207	5.270600463	4.429744728	4.875631332
Ints7	INTS7	4.091264967	3.83650285	4.436203012	4.340586378	4.207168762	4.029715045
Ints8	INTS8	4.091264967	4.274415856	3.510146324	4.293360774	3.6711476	3.608305404
Invs	INVS	2.292228873	3.64434534	3.763912372	3.965024055	3.431616404	3.879313446
Ip6k1	IP6K1	5.132612588	5.205791466	4.965627447	5.360779987	5.277089914	5.391457635
Ip6k2	IP6K2	5.592511033	4.777589417	4.965627447	5.724382011	4.964710879	5.111648885
Ipmk	IPMK	4.938004346	4.598618344	4.299146326	4.430133851	4.463370872	4.394213984
Ipo13	IPO13	2.292228873	3.83650285	4.436203012	3.965024055	3.985710867	3.956906946
Ipo4	IPO4	5.303241568	5.077294272	4.673542613	4.513911063	4.371692044	4.589975336
Ipo5	IPO5	5.303241568	4.777589417	4.299146326	4.55387734	4.310902149	4.029715045
Ipo8	IPO8	4.437863651	4.39170543	4.436203012	4.293360774	4.794545591	4.284033266
Ipo9	IPO9	2.292228873	4.000784638	3.165820411	4.140084684	3.733451903	4.029715045
Iqgap1	IQGAP1	2.292228873	3.64434534	3.510146324	4.140084684	3.773101672	3.706273732
Iqgap2	IQGAP2	5.303241568	5.75694536	5.278065415	5.806338484	6.504091505	6.214239963
Iqsec1	IQSEC1	4.437863651	4.858895188	4.560188889	4.084488666	4.777172461	4.284033266
Iqsec2	IQSEC2	4.711088618	3.408987266	3.970060753	3.965024055	3.558435071	4.029715045
Irak1	IRAK1	5.592511033	5.077294272	5.346327862	4.804399523	4.979865668	5.602972942
Irak2	IRAK2	4.091264967	4.598618344	4.560188889	5.174194573	3.969402258	4.54369877
Irak4	IRAK4	4.437863651	4.000784638	3.970060753	4.140084684	3.919081189	3.879313446
Ireb2	IREB2	3.602843836	5.143029108	4.436203012	4.987476573	4.658443166	4.495741634
Irf1	IRF1	5.132612588	4.935621319	4.145532614	4.630363967	4.777172461	4.394213984
Irf2	IRF2	4.711088618	4.145159234	4.965627447	4.472692728	4.485316891	4.44596579
Irf2bp1	IRF2BP1	4.091264967	4.39170543	3.970060753	4.472692728	4.207168762	4.163379181
Irf2bp2	IRF2BP2	7.547816653	6.986593786	6.44766158	6.758600919	6.622180998	7.010856685
Irf2bpl	IRF2BPL	4.711088618	3.64434534	3.970060753	4.193286682	4.298390021	4.163379181
Irf3	IRF3	4.437863651	4.39170543	5.050590043	5.070602553	5.074504286	4.760526782
Irf5	IRF5	2.292228873	3.64434534	3.763912372	4.084488666	3.692316346	3.069261795
Irf6	IRF6	4.437863651	4.858895188	3.970060753	4.702701458	4.714545298	4.54369877
Irf7	IRF7	4.437863651	4.935621319	5.278065415	5.198928573	5.991620327	5.142297742
Irf9	IRF9	4.938004346	4.274415856	5.130626579	4.38613548	5.002289206	4.677961688
Irgm1	IRGM	4.091264967	4.39170543	4.560188889	3.506312947	4.452258194	4.284033266
Irgq	IRGQ	3.602843836	4.691084662	4.673542613	4.472692728	4.56961092	4.340305924
Irs1	IRS1	4.938004346	4.935621319	4.436203012	4.472692728	4.57977929	5.201638223
Irs2	IRS2	4.437863651	4.49923408	4.560188889	4.340586378	4.371692044	4.284033266
Isca2	ISCA2	5.455297886	4.691084662	3.763912372	4.929131951	4.741742161	4.719877086
Isg15	ISG15	3.602843836	3.408987266	3.510146324	3.506312947	5.307174032	5.048238323
Isoc1	ISOC1	4.437863651	4.274415856	3.970060753	4.244315549	4.559363906	4.760526782
Isoc2b	ISOC2	4.091264967	4.000784638	2.292228873	3.832119018	3.901815905	3.706273732
Ist1	IST1	5.717571651	5.205791466	5.278065415	4.86819141	4.639207972	4.54369877
Isy1	ISY1	4.091264967	4.39170543	4.299146326	3.597638182	4.108777455	4.284033266
Isyna1	ISYNA1	2.292228873	4.000784638	4.299146326	4.836669376	4.108777455	4.634693451
Itch	ITCH	4.711088618	4.000784638	4.145532614	4.293360774	4.151904426	4.44596579
Itfg1	ITFG1	5.938807313	4.777589417	4.965627447	4.899001256	4.619691648	4.44596579
Itfg2	ITFG2	4.437863651	4.39170543	3.763912372	3.832119018	3.733451903	4.284033266
Itga1	ITGA1	2.292228873	4.145159234	3.510146324	4.86819141	4.359761994	4.394213984
Itga3	ITGA3	3.602843836	4.145159234	3.165820411	5.741156304	3.830055489	4.284033266
Itga5	ITGA5	5.303241568	4.691084662	4.87505964	4.667021062	4.395226294	3.879313446
Itga7	ITGA7	4.091264967	3.83650285	3.763912372	4.193286682	3.649551982	4.225153074
Itga9	ITGA9	2.292228873	3.408987266	3.510146324	3.832119018	3.753454394	3.608305404
Itgav	ITGAV	4.091264967	4.49923408	4.299146326	4.702701458	4.658443166	4.394213984
Itgb1	ITGB1	5.832489373	6.055233373	6.140700639	5.806338484	6.097650619	5.861587929
Itgb1bp1	ITGB1BP1	4.711088618	3.83650285	3.970060753	3.681556414	3.649551982	3.956906946
Itgb2	ITGB2	2.292228873	3.408987266	3.510146324	3.832119018	3.375808356	2.292228873
Itgb5	ITGB5	6.037737533	5.671450398	5.050590043	6.299540498	5.730601941	5.535933184
Itih1	ITIH1	8.07356518	8.381937985	8.157790949	8.692611817	9.028161674	8.841680611
Itih2	ITIH2	8.732120331	8.408378707	8.779039598	8.997849968	9.380581495	8.783293593
Itih3	ITIH3	8.702445519	8.637988471	8.358359404	8.904950587	9.938656484	10.20819111
Itih4	ITIH4	9.047454601	9.468399572	9.634462874	9.558472185	10.50164535	10.81505365
Itih5	ITIH5	4.711088618	4.935621319	4.778048871	6.310768688	5.421437957	5.080306881
Itm2b	ITM2B	8.732120331	9.073430608	8.562945163	8.47866653	9.051969556	8.669266469
Itm2c	ITM2C	5.132612588	4.598618344	4.560188889	5.619339583	5.685820937	5.2861627
Itpa	ITPA	2.292228873	3.64434534	3.763912372	3.759393139	4.220611239	4.44596579
Itpk1	ITPK1	4.091264967	4.777589417	4.145532614	3.597638182	3.866495286	3.796124561
Itpkc	ITPKC	2.292228873	2.292228873	3.510146324	3.162995548	3.534336095	3.956906946
Itpr1	ITPR1	3.602843836	4.691084662	5.050590043	4.771343338	5.017037848	4.799989364
Itpr2	ITPR2	3.602843836	4.49923408	3.970060753	4.084488666	4.506901571	4.54369877
Itprid2	ITPRID2	4.437863651	5.205791466	4.778048871	4.513911063	5.214905008	5.313237834
Itpripl1	ITPRIPL1	2.292228873	3.64434534	4.145532614	3.965024055	3.936095152	3.608305404
Itpripl2	ITPRIPL2	2.292228873	4.274415856	3.970060753	5.015745746	4.285753821	4.225153074
Itsn1	ITSN1	4.437863651	4.274415856	4.965627447	4.771343338	4.629485501	4.589975336
Itsn2	ITSN2	4.938004346	4.858895188	3.763912372	4.630363967	4.528137589	4.634693451
Ivd	IVD	5.132612588	5.580460698	4.87505964	5.097235377	5.354002693	4.875631332
Ivns1abp	IVNS1ABP	5.832489373	6.384322488	6.775564702	6.343934444	5.816134504	5.558635233
Iws1	IWS1	4.711088618	4.145159234	4.560188889	4.140084684	4.137695583	4.394213984
Iyd	IYD	5.132612588	6.651752694	5.936565594	5.985670459	7.018071469	6.170981327
Izumo4	IZUMO4	2.292228873	3.64434534	2.292228873	3.965024055	3.252644226	3.500138199
Jade1	JADE1	4.938004346	5.323426062	4.965627447	5.774121432	4.933890021	5.015407237
Jade2	JADE2	4.091264967	3.64434534	3.970060753	3.162995548	3.792408556	4.284033266
Jagn1	JAGN1	4.711088618	4.39170543	3.510146324	4.244315549	4.335564778	4.340305924
Jak1	JAK1	4.091264967	4.49923408	3.510146324	4.667021062	5.095452721	4.911934359
Jak2	JAK2	2.292228873	3.64434534	3.763912372	4.140084684	3.830055489	3.956906946
Jak3	JAK3	2.292228873	4.000784638	4.145532614	4.472692728	4.220611239	4.760526782
Jarid2	JARID2	4.091264967	4.145159234	3.510146324	4.084488666	4.001799157	4.163379181
Jkamp	JKAMP	4.091264967	3.408987266	3.510146324	4.084488666	3.830055489	3.608305404
Jmjd1c	JMJD1C	4.437863651	4.274415856	3.763912372	4.836669376	4.506901571	4.589975336
Jmjd4	JMJD4	4.091264967	3.64434534	3.763912372	3.900470853	3.627507726	3.608305404
Jmjd6	JMJD6	4.091264967	4.39170543	4.673542613	4.140084684	4.359761994	4.44596579
Jmjd8	JMJD8	4.938004346	5.077294272	4.778048871	4.737459092	4.933890021	4.495741634
Jmy	JMY	4.437863651	4.49923408	4.560188889	4.59267106	4.395226294	4.495741634
Josd1	JOSD1	4.437863651	4.598618344	4.673542613	4.667021062	4.820194892	4.54369877
Josd2	JOSD2	5.455297886	4.598618344	5.278065415	5.942910413	5.002289206	5.258552798
Jpt1	JPT1	4.711088618	4.598618344	4.436203012	3.900470853	3.773101672	3.796124561
Jpt2	JPT2	2.292228873	4.000784638	3.510146324	3.597638182	4.347720348	4.163379181
Jtb	JTB	4.938004346	4.858895188	4.673542613	4.929131951	4.949386997	5.015407237
Jun	JUN	6.037737533	6.462339939	4.560188889	5.149012642	5.095452721	5.111648885
Junb	JUNB	5.303241568	6.021188752	4.560188889	6.428796444	5.782537225	6.722967071
Jund	JUND	8.625472095	7.736451249	7.121325628	6.985301778	6.959517679	7.369789846
Jup	JUP	4.711088618	4.598618344	4.299146326	4.38613548	4.589870308	4.44596579
Kalrn	KALRN	4.437863651	4.274415856	4.778048871	4.193286682	3.811388859	4.098370521
Kank1	KANK1	4.938004346	4.49923408	3.970060753	4.55387734	4.56961092	4.838335991
Kank2	KANK2	4.938004346	4.935621319	4.87505964	5.149012642	4.837029207	5.015407237
Kansl1	KANSL1	5.303241568	5.008278679	5.278065415	5.293696035	4.759573426	4.677961688
Kansl1l	KANSL1L	3.602843836	3.408987266	4.299146326	3.900470853	3.375808356	3.608305404
Kansl2	KANSL2	5.303241568	4.777589417	5.050590043	4.513911063	4.629485501	4.838335991
Kansl3	KANSL3	4.938004346	4.39170543	5.130626579	4.59267106	4.310902149	4.760526782
Kat14	KAT14	4.091264967	2.292228873	4.145532614	4.084488666	3.969402258	4.098370521
Kat2a	KAT2A	4.938004346	4.49923408	4.145532614	4.140084684	3.901815905	4.163379181
Kat5	KAT5	5.303241568	4.145159234	3.970060753	3.900470853	3.919081189	3.706273732
Kat6a	KAT6A	4.091264967	4.777589417	3.165820411	4.084488666	3.936095152	3.608305404
Kat6b	KAT6B	4.091264967	4.39170543	3.510146324	3.900470853	4.53862862	4.44596579
Kat7	KAT7	4.938004346	4.274415856	4.299146326	4.140084684	4.123321403	4.029715045
Kat8	KAT8	4.091264967	4.145159234	4.436203012	4.026238469	4.179842907	3.879313446
Katna1	KATNA1	4.091264967	4.145159234	3.763912372	3.900470853	3.733451903	3.706273732
Kcmf1	KCMF1	5.455297886	4.858895188	4.299146326	4.084488666	4.260098036	4.225153074
Kcnc3	KCNC3	2.292228873	4.145159234	4.145532614	4.084488666	3.848420524	4.340305924
Kcnj8	KCNJ8	3.602843836	2.292228873	4.145532614	4.026238469	3.534336095	3.500138199
Kcnk5	KCNK5	5.303241568	4.39170543	4.436203012	4.244315549	4.310902149	4.54369877
Kcnn2	KCNN2	2.292228873	4.691084662	4.145532614	4.55387734	4.323292875	4.634693451
Kcp	KCP	2.292228873	3.091498835	2.292228873	3.832119018	3.252644226	3.608305404
Kctd10	KCTD10	3.602843836	3.091498835	3.510146324	3.900470853	3.404129273	3.608305404
Kctd12	KCTD12	2.292228873	4.000784638	3.763912372	5.54471171	4.06407965	5.048238323
Kctd13	KCTD13	3.602843836	4.145159234	4.299146326	3.832119018	3.285101813	3.706273732
Kctd17	KCTD17	4.711088618	4.691084662	4.778048871	4.084488666	4.371692044	4.394213984
Kctd18	KCTD18	4.091264967	3.83650285	3.763912372	4.193286682	3.558435071	3.608305404
Kctd2	KCTD2	5.592511033	5.3787305	5.411419086	4.771343338	4.629485501	4.54369877
Kctd20	KCTD20	2.292228873	4.000784638	3.970060753	3.681556414	3.848420524	3.956906946
Kctd3	KCTD3	3.602843836	3.83650285	4.778048871	4.86819141	4.383512751	3.956906946
Kctd5	KCTD5	4.711088618	4.000784638	3.510146324	3.597638182	3.649551982	4.029715045
Kctd6	KCTD6	4.091264967	3.64434534	3.510146324	3.405683862	3.952866194	4.225153074
Kctd9	KCTD9	3.602843836	3.83650285	3.763912372	4.293360774	3.773101672	4.163379181
Kdelr1	KDELR1	5.832489373	5.3787305	5.411419086	5.174194573	5.735003227	5.391457635
Kdelr2	KDELR2	6.217134759	5.532670511	5.979796879	5.928367045	6.603161941	6.242368791
Kdm1b	KDM1B	4.938004346	4.39170543	3.763912372	3.832119018	4.207168762	3.608305404
Kdm2a	KDM2A	5.938807313	5.48320442	6.140700639	5.822177099	5.421437957	5.580978012
Kdm2b	KDM2B	2.292228873	3.091498835	3.510146324	4.084488666	3.581976371	3.069261795
Kdm3a	KDM3A	4.711088618	4.598618344	4.299146326	4.702701458	4.639207972	4.947299018
Kdm3b	KDM3B	3.602843836	5.008278679	5.590365196	4.737459092	4.639207972	4.838335991
Kdm4a	KDM4A	4.938004346	4.145159234	4.778048871	4.836669376	4.549036926	4.838335991
Kdm4b	KDM4B	3.602843836	3.64434534	3.763912372	4.38613548	3.811388859	3.706273732
Kdm4c	KDM4C	4.091264967	3.408987266	3.763912372	3.900470853	3.404129273	3.956906946
Kdm5a	KDM5A	3.602843836	4.274415856	3.510146324	4.293360774	4.335564778	4.394213984
Kdm5b	KDM5B	4.091264967	4.000784638	4.560188889	4.702701458	4.220611239	4.163379181
Kdm5c	KDM5C	4.938004346	5.143029108	4.965627447	5.270600463	4.870085739	4.947299018
Kdm5d	KDM5D	4.938004346	3.091498835	3.510146324	4.38613548	4.06407965	4.225153074
Kdm6a	KDM6A	2.292228873	4.39170543	3.763912372	4.193286682	3.919081189	4.029715045
Kdm6b	KDM6B	5.303241568	4.145159234	5.346327862	5.316416351	4.658443166	4.911934359
Kdm7a	KDM7A	4.437863651	4.49923408	4.299146326	4.630363967	4.094059111	4.284033266
Kdsr	KDSR	4.938004346	5.205791466	4.299146326	4.513911063	4.777172461	4.495741634
Keap1	KEAP1	4.437863651	4.935621319	4.87505964	5.015745746	5.189233058	5.080306881
Khdc4	KHDC4	5.592511033	5.077294272	5.590365196	5.043446632	5.189233058	5.365866194
Khdrbs1	KHDRBS1	4.091264967	4.145159234	4.778048871	3.965024055	4.496153589	4.44596579
Khk	KHK	7.848150508	7.993876523	8.445240635	8.126495729	8.496055547	7.619962377
Khnyn	KHNYN	6.130250267	5.323426062	4.673542613	5.465915875	4.53862862	4.634693451
Khsrp	KHSRP	4.938004346	5.008278679	4.778048871	5.223230826	4.933890021	4.947299018
D5Ertd579e	KIAA0232	5.303241568	5.3787305	5.206296207	5.015745746	4.658443166	4.760526782
AU040320	KIAA0319L	4.437863651	3.64434534	4.673542613	5.316416351	4.777172461	4.9817748
Etl4	KIAA1217	4.091264967	3.83650285	4.145532614	4.340586378	4.137695583	3.956906946
Kidins220	KIDINS220	5.832489373	5.205791466	4.87505964	5.070602553	5.376843017	4.9817748
Kif13b	KIF13B	5.455297886	4.777589417	4.145532614	4.340586378	4.870085739	4.634693451
Kif1b	KIF1B	4.711088618	5.3787305	5.050590043	4.958614196	5.149814489	5.2861627
Kif1c	KIF1C	6.519926337	6.384322488	5.936565594	6.428796444	6.097650619	6.362524568
Kif21a	KIF21A	5.132612588	5.077294272	4.965627447	4.244315549	4.828638107	4.589975336
Kif5b	KIF5B	5.132612588	4.691084662	4.87505964	4.836669376	5.017037848	5.080306881
Kif5c	KIF5C	2.292228873	2.292228873	2.292228873	4.987476573	3.692316346	4.394213984
Kifc2	KIFC2	4.437863651	3.83650285	4.145532614	3.832119018	3.346584847	3.238392553
Kifc3	KIFC3	5.717571651	5.077294272	5.130626579	5.790321307	5.189233058	4.719877086
Kin	KIN	2.292228873	3.64434534	4.299146326	4.244315549	3.811388859	3.238392553
Klb	KLB	3.602843836	4.274415856	4.299146326	4.667021062	4.629485501	3.956906946
Klc1	KLC1	5.717571651	4.858895188	4.560188889	4.702701458	4.496153589	5.111648885
Klc2	KLC2	3.602843836	4.39170543	3.763912372	3.900470853	3.6711476	3.796124561
Klc4	KLC4	5.938807313	5.986311642	5.979796879	5.853334489	5.506596863	5.786913403
Klf10	KLF10	2.292228873	4.145159234	4.673542613	5.563741544	4.648860167	4.719877086
Klf11	KLF11	4.091264967	4.000784638	3.970060753	4.430133851	3.581976371	3.608305404
Klf12	KLF12	4.938004346	4.777589417	4.965627447	4.472692728	5.163078601	5.365866194
Klf13	KLF13	2.292228873	4.145159234	4.299146326	4.472692728	5.017037848	4.799989364
Klf15	KLF15	6.037737533	6.758582931	6.44766158	5.790321307	6.270678031	6.846951855
Klf2	KLF2	3.602843836	3.64434534	3.510146324	4.026238469	3.509645067	2.84495281
Klf3	KLF3	5.303241568	5.077294272	5.206296207	5.270600463	4.861896491	5.230385876
Klf6	KLF6	5.717571651	5.323426062	4.778048871	5.070602553	4.347720348	4.340305924
Klf7	KLF7	2.292228873	3.091498835	3.763912372	4.140084684	3.316379787	3.069261795
Klf9	KLF9	5.455297886	5.48320442	5.891980982	5.6728344	6.027846365	5.843283838
Klhdc10	KLHDC10	4.091264967	5.077294272	4.673542613	4.771343338	4.820194892	4.634693451
Klhdc2	KLHDC2	4.091264967	5.008278679	5.206296207	4.430133851	4.705356213	4.495741634
Klhdc3	KLHDC3	4.711088618	4.777589417	4.778048871	4.987476573	4.741742161	4.719877086
Klhdc4	KLHDC4	4.437863651	4.000784638	3.165820411	4.026238469	4.07916153	4.495741634
Klhdc7a	KLHDC7A	3.602843836	3.64434534	4.436203012	5.316416351	4.777172461	4.760526782
Klhdc8b	KLHDC8B	4.938004346	4.39170543	3.970060753	5.774121432	4.517562398	5.048238323
Klhl12	KLHL12	4.437863651	3.83650285	3.970060753	3.832119018	4.033341529	3.378600384
Klhl2	KLHL2	2.292228873	4.000784638	4.299146326	4.513911063	4.151904426	4.163379181
Klhl21	KLHL21	4.091264967	4.274415856	4.560188889	4.737459092	5.038869068	4.9817748
Klhl24	KLHL24	4.437863651	4.858895188	4.87505964	4.958614196	4.406834785	4.029715045
Klhl25	KLHL25	3.602843836	3.83650285	3.510146324	3.759393139	4.429744728	4.760526782
Klhl3	KLHL3	2.292228873	3.64434534	3.763912372	4.140084684	3.884290412	3.706273732
Klhl5	KLHL5	4.938004346	4.49923408	4.145532614	4.293360774	4.260098036	4.163379181
Klhl9	KLHL9	4.437863651	4.691084662	3.970060753	3.900470853	4.658443166	4.340305924
Klk1b4	KLK1	3.602843836	2.292228873	2.292228873	4.244315549	4.165952177	3.378600384
Klkb1	KLKB1	7.07823846	6.651752694	6.823612323	6.469414622	6.462464739	6.00011817
Klrb1b	KLRB1	2.292228873	3.408987266	3.165820411	4.667021062	4.207168762	3.706273732
Kmo	KMO	5.717571651	5.837581133	5.936565594	5.999643414	6.189977029	5.824741032
Kmt2a	KMT2A	2.292228873	4.691084662	4.145532614	5.043446632	4.220611239	4.634693451
Kmt2b	KMT2B	4.711088618	4.39170543	4.87505964	4.667021062	4.383512751	4.9817748
Kmt2c	KMT2C	3.602843836	3.408987266	3.510146324	3.965024055	3.901815905	3.879313446
Kmt2d	KMT2D	5.592511033	5.3787305	5.645304244	5.360779987	5.129677693	5.2861627
Kmt2e	KMT2E	5.592511033	4.935621319	5.206296207	5.6728344	4.705356213	5.015407237
Kmt5a	KMT5A	5.132612588	4.49923408	4.965627447	4.59267106	4.56961092	4.719877086
Kmt5b	KMT5B	4.711088618	4.49923408	5.050590043	5.097235377	4.517562398	4.838335991
Kmt5c	KMT5C	4.711088618	4.777589417	4.560188889	5.382446192	4.165952177	5.258552798
Kng2	KNG1	7.370359234	7.198600589	8.030724839	8.473698219	8.279331629	7.860435575
Knop1	KNOP1	3.602843836	3.64434534	3.510146324	3.759393139	4.151904426	4.098370521
Kpna1	KPNA1	4.437863651	4.39170543	3.763912372	3.681556414	3.952866194	4.098370521
Kpna4	KPNA4	4.091264967	4.858895188	4.560188889	4.026238469	4.371692044	4.029715045
Kpna6	KPNA6	2.292228873	3.408987266	4.145532614	4.140084684	4.017673899	4.098370521
Kptn	KPTN	4.091264967	3.83650285	3.763912372	3.162995548	3.604991145	4.284033266
Kras	KRAS	2.292228873	3.64434534	4.778048871	4.340586378	4.033341529	3.879313446
Krba1	KRBA1	3.602843836	3.64434534	3.510146324	4.084488666	3.811388859	4.284033266
Krcc1	KRCC1	4.091264967	5.265846922	4.778048871	4.513911063	4.777172461	5.2861627
Kremen1	KREMEN1	3.602843836	4.000784638	3.510146324	3.832119018	3.792408556	3.238392553
Kri1	KRI1	4.711088618	4.000784638	3.970060753	4.59267106	3.919081189	4.029715045
Krit1	KRIT1	3.602843836	4.145159234	3.970060753	4.140084684	3.792408556	3.706273732
Krr1	KRR1	3.602843836	4.274415856	3.763912372	3.506312947	3.627507726	3.956906946
Krt18	KRT18	6.586589754	8.278229262	6.725854739	6.942731293	7.552604249	7.531870042
Krt20	KRT20	2.292228873	4.274415856	2.292228873	4.084488666	3.866495286	3.796124561
Krt23	KRT23	2.292228873	4.39170543	3.165820411	4.702701458	3.581976371	3.378600384
Krt8	KRT8	7.332084657	8.831137008	7.140407653	6.774878791	8.051556545	7.7766881
Krtcap2	KRTCAP2	4.091264967	4.691084662	5.050590043	4.836669376	5.527105777	5.64596224
Kti12	KTI12	4.091264967	4.274415856	4.87505964	3.597638182	4.06407965	4.44596579
Ktn1	KTN1	5.303241568	4.777589417	4.145532614	4.987476573	4.298390021	4.098370521
Kyat1	KYAT1	6.037737533	5.671450398	6.384908669	7.82083336	7.108414084	7.382441624
Kyat3	KYAT3	6.037737533	6.536330397	5.845954352	6.194313797	5.954449752	6.064640927
Kynu	KYNU	5.717571651	5.671450398	5.749173232	5.486031712	5.469972058	5.201638223
L2hgdh	L2HGDH	4.938004346	4.145159234	3.510146324	4.340586378	4.017673899	4.340305924
L3hypdh	L3HYPDH	3.602843836	4.274415856	3.970060753	4.293360774	3.848420524	4.029715045
L3mbtl2	L3MBTL2	4.091264967	4.000784638	3.970060753	4.026238469	3.692316346	3.500138199
L3mbtl3	L3MBTL3	3.602843836	3.83650285	3.510146324	4.472692728	3.692316346	3.956906946
Lactb	LACTB	4.437863651	4.598618344	3.970060753	3.965024055	4.441050082	4.44596579
Lactb2	LACTB2	6.880131208	6.329846336	6.319280955	5.971559188	6.141259356	6.349661138
Lad1	LAD1	4.437863651	5.143029108	4.560188889	2.800007094	3.404129273	3.238392553
Lamc1	LAMC1	4.437863651	4.000784638	3.763912372	3.965024055	3.936095152	4.54369877
Lamp1	LAMP1	7.407642886	7.198600589	7.399892458	6.942731293	7.288617048	7.010856685
Lamp2	LAMP2	7.977702971	7.787721963	7.935698902	6.630255981	7.853989279	7.172628282
Lamtor2	LAMTOR2	4.091264967	5.077294272	4.87505964	4.340586378	5.081522395	4.947299018
Lamtor4	LAMTOR4	4.437863651	4.39170543	4.560188889	4.293360774	4.686787391	4.719877086
Lamtor5	LAMTOR5	4.711088618	4.39170543	4.673542613	4.026238469	4.285753821	4.284033266
Lancl1	LANCL1	4.091264967	4.598618344	4.436203012	4.084488666	4.151904426	4.098370521
Lap3	LAP3	5.592511033	6.583618879	5.749173232	5.043446632	6.124643939	5.558635233
Laptm4a	LAPTM4A	4.938004346	4.691084662	4.145532614	4.59267106	5.301208759	4.54369877
Laptm4b	LAPTM4B	5.592511033	5.143029108	5.698190108	4.293360774	4.658443166	4.719877086
Large1	LARGE1	4.711088618	3.64434534	4.299146326	3.965024055	3.285101813	3.238392553
Larp1	LARP1	5.832489373	5.714842213	6.384908669	5.563741544	6.224676945	6.199965341
Larp1b	LARP1B	4.711088618	5.265846922	5.473627628	5.382446192	5.319028825	5.602972942
Larp4	LARP4	4.091264967	5.008278679	4.436203012	4.929131951	4.811698872	4.54369877
Larp4b	LARP4B	5.455297886	4.858895188	5.698190108	4.86819141	5.354002693	5.602972942
Lasp1	LASP1	5.303241568	5.3787305	4.560188889	5.198928573	5.301208759	5.17228453
Lats2	LATS2	3.602843836	4.777589417	3.510146324	4.38613548	4.298390021	3.956906946
Lbp	LBP	7.547816653	6.799185642	6.140700639	5.928367045	7.188648543	6.630399222
Lbr	LBR	3.602843836	4.000784638	3.165820411	4.667021062	4.395226294	4.634693451
Lcat	LCAT	6.932274385	7.616792144	7.446615976	7.246689767	8.113219636	7.747654831
Lclat1	LCLAT1	4.711088618	3.408987266	4.299146326	4.513911063	5.031630323	4.719877086
Lcmt1	LCMT1	5.132612588	4.145159234	3.763912372	3.832119018	4.048808169	3.608305404
Lcn2	LCN2	7.167920699	8.189533156	7.724499369	6.408047441	8.073267511	8.428391422
Lcor	LCOR	5.132612588	5.3787305	4.778048871	4.929131951	4.78588688	4.677961688
Lcp1	LCP1	4.091264967	5.48320442	4.145532614	3.900470853	4.894362663	3.956906946
Ldah	LDAH	4.091264967	4.274415856	4.145532614	3.900470853	3.753454394	3.956906946
Ldb1	LDB1	5.303241568	4.935621319	5.346327862	4.737459092	4.347720348	4.838335991
Ldhd	LDHD	5.938807313	5.265846922	5.798387868	4.340586378	5.70390345	5.843283838
Ldlr	LDLR	6.519926337	6.436803053	6.593487953	7.744487479	7.0948791	7.692858762
Ldlrad3	LDLRAD3	4.437863651	3.83650285	4.673542613	4.55387734	4.220611239	4.340305924
Ldlrad4	LDLRAD4	3.602843836	3.83650285	3.763912372	3.506312947	3.581976371	4.029715045
Ldlrap1	LDLRAP1	4.711088618	4.598618344	4.145532614	5.293696035	4.886318221	5.048238323
Leap2	LEAP2	4.711088618	3.64434534	4.87505964	4.084488666	5.644271028	5.142297742
Lect2	LECT2	5.132612588	4.858895188	4.673542613	5.015745746	5.708388258	6.375273516
Lemd2	LEMD2	5.592511033	5.532670511	6.062515049	5.942910413	5.289201345	5.465548216
Lemd3	LEMD3	4.711088618	4.691084662	4.299146326	4.193286682	4.123321403	4.225153074
Leng1	LENG1	2.292228873	4.000784638	4.145532614	3.405683862	3.753454394	4.589975336
Leng8	LENG8	5.303241568	6.15275112	5.798387868	6.276816407	5.615877633	6.064640927
Lepr	LEPR	4.437863651	2.292228873	3.970060753	3.965024055	3.830055489	3.500138199
Leprotl1	LEPROTL1	4.091264967	4.598618344	4.436203012	3.965024055	4.452258194	4.098370521
Letm1	LETM1	5.303241568	5.008278679	4.965627447	4.38613548	4.837029207	5.080306881
Letmd1	LETMD1	4.711088618	4.935621319	3.970060753	4.513911063	4.310902149	4.54369877
Lgals9	LGALS14	6.769803104	7.004058315	6.870105582	5.913673627	7.356809007	6.771927582
Lgals3bp	LGALS3BP	7.252341272	6.214251337	7.196181181	6.906267224	6.965109478	6.461474898
Lgals4	LGALS4	5.592511033	4.598618344	5.698190108	5.465915875	4.395226294	5.201638223
Lgals8	LGALS8	5.592511033	5.75694536	5.749173232	5.505864328	5.480533817	5.080306881
Lgmn	LGMN	2.292228873	3.83650285	3.510146324	5.6728344	5.336624897	5.365866194
Lgr4	LGR4	4.437863651	4.777589417	4.560188889	4.026238469	4.941660401	4.340305924
Lias	LIAS	4.091264967	3.83650285	4.673542613	4.193286682	3.6711476	3.796124561
Lifr	LIFR	4.938004346	5.913887648	5.845954352	6.766762906	7.15317707	6.918253932
Lig3	LIG3	4.437863651	4.145159234	4.778048871	4.084488666	4.123321403	3.879313446
Lima1	LIMA1	5.303241568	4.691084662	4.145532614	4.193286682	4.639207972	4.44596579
Limd1	LIMD1	3.602843836	4.598618344	4.436203012	3.900470853	4.72367206	4.875631332
Limk2	LIMK2	3.602843836	3.091498835	3.510146324	3.832119018	3.404129273	3.500138199
Lims2	LIMS2	6.037737533	4.935621319	4.965627447	4.958614196	4.794545591	4.875631332
Lin37	LIN37	4.091264967	4.274415856	3.970060753	4.340586378	3.6711476	4.098370521
Lin52	LIN52	4.711088618	3.408987266	3.970060753	4.084488666	3.627507726	3.956906946
Lin7a	LIN7A	3.602843836	3.64434534	4.145532614	4.026238469	4.383512751	3.608305404
Lin7c	LIN7C	4.711088618	4.274415856	3.970060753	4.340586378	4.639207972	4.44596579
Lipa	LIPA	6.519926337	6.629398806	7.121325628	6.489300208	7.049989915	6.68256055
Lipc	LIPC	4.711088618	5.077294272	5.050590043	4.958614196	6.258554958	5.416590921
Lipe	LIPE	4.091264967	3.408987266	4.145532614	4.38613548	3.884290412	4.394213984
Lipg	LIPG	3.602843836	4.274415856	4.560188889	4.244315549	3.733451903	3.956906946
Litaf	LITAF	5.832489373	5.797835345	5.278065415	5.198928573	5.782537225	5.416590921
Lix1l	LIX1L	2.292228873	3.64434534	2.292228873	3.681556414	3.375808356	4.029715045
Llgl1	LLGL1	4.091264967	2.292228873	3.510146324	3.965024055	3.627507726	3.238392553
Llgl2	LLGL2	2.292228873	4.000784638	3.763912372	4.430133851	3.969402258	4.284033266
Lman1	LMAN1	7.031210357	7.510912695	7.845629019	7.583096421	8.045418424	8.208158342
Lman2	LMAN2	6.130250267	6.08848473	6.21482895	6.92825643	7.258590184	7.291452162
Lman2l	LMAN2L	3.602843836	3.83650285	4.673542613	4.38613548	4.207168762	3.956906946
Lmbr1l	LMBR1L	4.711088618	4.49923408	4.87505964	5.360779987	4.406834785	4.54369877
Lmbrd1	LMBRD1	4.711088618	5.205791466	5.411419086	5.198928573	5.319028825	5.015407237
Lmbrd2	LMBRD2	4.437863651	4.598618344	4.87505964	4.293360774	4.658443166	4.495741634
Lmf1	LMF1	4.938004346	5.143029108	4.965627447	5.505864328	5.672105977	5.728212593
Lmf2	LMF2	4.711088618	4.274415856	4.299146326	4.771343338	4.033341529	4.098370521
Lmna	LMNA	5.938807313	5.671450398	5.206296207	5.247116631	5.639578189	5.879659457
Lmnb2	LMNB2	2.292228873	4.145159234	4.145532614	3.759393139	3.509645067	4.029715045
Lmo7	LMO7	4.091264967	3.83650285	2.292228873	4.55387734	4.094059111	4.029715045
Lnpep	LNPEP	4.091264967	4.49923408	4.673542613	4.630363967	5.038869068	4.911934359
Lnx2	LNX2	5.303241568	4.49923408	3.165820411	4.293360774	4.07916153	4.719877086
Lonp1	LONP1	6.130250267	6.48742995	5.798387868	5.149012642	5.752473078	5.391457635
Lonp2	LONP2	5.455297886	5.580460698	6.102142844	5.525421762	6.264629332	5.728212593
Loxl4	LOXL4	2.292228873	3.091498835	3.510146324	4.987476573	3.866495286	3.706273732
Lpar2	LPAR2	2.292228873	3.408987266	3.510146324	4.899001256	4.260098036	4.163379181
Lpar6	LPAR6	3.602843836	4.145159234	4.778048871	3.900470853	4.151904426	3.378600384
Lpcat3	LPCAT3	4.938004346	5.913887648	5.590365196	6.288223546	5.943106846	5.767614962
Lpgat1	LPGAT1	6.037737533	6.512088547	6.416628544	7.093023847	7.420562344	7.105511481
Lpin1	LPIN1	5.832489373	4.858895188	6.250500172	5.465915875	5.791011337	5.111648885
Lpin2	LPIN2	8.937123333	7.088335588	7.699002031	7.281251152	6.62454076	6.883044863
Lpin3	LPIN3	3.602843836	3.83650285	2.292228873	4.026238469	3.375808356	3.879313446
Lpl	LPL	6.711290956	7.136629983	7.021924646	6.418459489	6.63394121	6.554034935
Lpp	LPP	3.602843836	4.274415856	4.965627447	4.667021062	4.861896491	4.9817748
Lratd2	LRATD2	3.602843836	4.000784638	3.970060753	4.084488666	3.969402258	3.879313446
Lrba	LRBA	4.938004346	4.274415856	4.299146326	4.084488666	4.108777455	3.608305404
Lrch1	LRCH1	2.292228873	3.64434534	2.292228873	3.965024055	3.375808356	3.378600384
Lrch3	LRCH3	4.091264967	4.49923408	3.763912372	4.293360774	3.773101672	3.956906946
Lrg1	LRG1	7.848150508	8.687405321	8.541594909	10.31019078	10.87931757	11.52402393
Lrig1	LRIG1	2.292228873	4.145159234	4.560188889	4.987476573	4.496153589	4.340305924
Lrig3	LRIG3	3.602843836	3.83650285	3.970060753	3.965024055	3.581976371	3.608305404
Lrp1	LRP1	7.613100024	8.095021274	8.061057431	8.324387628	8.371928754	8.771327111
Lrp10	LRP10	5.455297886	5.714842213	5.590365196	6.321909508	5.778281131	5.786913403
Lrp3	LRP3	4.711088618	3.091498835	3.970060753	4.771343338	4.207168762	4.495741634
Lrp4	LRP4	4.711088618	4.145159234	4.436203012	4.59267106	4.108777455	4.340305924
Lrp5	LRP5	6.037737533	5.323426062	5.936565594	7.086522413	6.255508074	6.531448811
Lrp6	LRP6	5.938807313	4.935621319	5.278065415	5.403782997	5.506596863	5.602972942
Lrpap1	LRPAP1	4.437863651	5.431937627	4.87505964	5.270600463	6.097650619	6.242368791
Lrpprc	LRPPRC	4.711088618	5.077294272	5.050590043	5.174194573	5.453979345	5.465548216
Lrrc14	LRRC14	4.091264967	4.000784638	4.560188889	4.084488666	4.06407965	4.284033266
Lrrc20	LRRC20	3.602843836	3.408987266	4.145532614	3.965024055	3.713078272	4.029715045
Lrrc28	LRRC28	5.303241568	3.64434534	4.436203012	4.38613548	4.335564778	4.760526782
Lrrc3	LRRC3	3.602843836	5.077294272	4.673542613	6.1323258	6.147851797	5.391457635
Lrrc41	LRRC41	4.938004346	4.598618344	4.145532614	4.472692728	4.811698872	4.589975336
Lrrc42	LRRC42	3.602843836	4.000784638	4.436203012	4.193286682	4.108777455	3.879313446
Lrrc45	LRRC45	4.437863651	4.000784638	4.778048871	3.965024055	3.773101672	3.956906946
Lrrc47	LRRC47	2.292228873	4.39170543	4.436203012	4.472692728	4.639207972	4.719877086
Lrrc58	LRRC58	5.303241568	5.580460698	5.130626579	4.084488666	4.677405762	5.015407237
Lrrc59	LRRC59	5.832489373	5.48320442	5.798387868	5.123365638	5.939305719	5.915128259
Lrrc8a	LRRC8A	4.711088618	4.777589417	3.970060753	5.123365638	5.221249743	4.799989364
Lrrc8d	LRRC8D	4.437863651	4.598618344	4.673542613	4.340586378	4.441050082	4.719877086
Lrrfip1	LRRFIP1	5.592511033	5.143029108	4.145532614	4.737459092	5.156462374	5.142297742
Lrrfip2	LRRFIP2	4.711088618	4.858895188	3.970060753	4.987476573	4.335564778	4.911934359
Lrrk1	LRRK1	2.292228873	3.408987266	3.763912372	4.38613548	3.733451903	4.029715045
Lsg1	LSG1	4.938004346	4.274415856	4.778048871	3.832119018	3.952866194	3.879313446
Lsm1	LSM1	4.437863651	4.000784638	3.165820411	3.597638182	3.848420524	4.394213984
Lsm14a	LSM14A	4.437863651	4.49923408	4.673542613	4.702701458	4.803149344	4.875631332
Lsm14b	LSM14B	5.132612588	4.000784638	4.87505964	4.737459092	4.506901571	4.760526782
Lsm4	LSM4	5.455297886	5.265846922	4.560188889	4.630363967	4.648860167	5.048238323
Lsm6	LSM6	2.292228873	4.145159234	4.145532614	3.506312947	3.884290412	4.44596579
Lsm7	LSM7	3.602843836	4.691084662	4.299146326	4.430133851	4.429744728	4.340305924
Lsm8	LSM8	3.602843836	4.000784638	3.763912372	3.597638182	3.509645067	4.163379181
Lsr	LSR	7.167920699	7.582356345	7.761919001	7.4426126	8.171548394	7.625293342
Lss	LSS	5.132612588	4.39170543	4.299146326	7.320551423	5.74812574	6.712971504
Lta4h	LTA4H	4.091264967	4.691084662	3.970060753	4.293360774	4.395226294	4.719877086
Ltb4r2	LTB4R2	2.292228873	2.292228873	3.165820411	3.832119018	3.183661984	3.378600384
Ltbp4	LTBP4	3.602843836	3.64434534	3.510146324	4.084488666	3.901815905	3.879313446
Ltbr	LTBR	5.832489373	5.986311642	5.346327862	6.630255981	6.270678031	6.199965341
Luc7l	LUC7L	4.938004346	4.000784638	5.278065415	4.59267106	4.441050082	4.44596579
Luc7l2	LUC7L2	7.252341272	6.87710388	7.082385311	6.906267224	6.438507466	6.961086534
Luc7l3	LUC7L3	5.938807313	5.323426062	5.979796879	5.707406928	4.768401571	5.313237834
Lurap1l	LURAP1L	4.091264967	3.64434534	4.673542613	4.084488666	4.609825279	4.760526782
Ly6d	LY6D	8.625472095	7.616792144	7.121325628	7.698365366	7.430021225	7.757397718
Ly6e	LY6E	8.457983456	9.330049573	9.189144069	8.608990174	9.542457455	8.050709089
Ly6g2	LY6S	6.932274385	6.357343366	7.001192958	6.040759143	6.828609014	6.242368791
Ly96	LY96	3.602843836	4.274415856	3.165820411	3.900470853	3.604991145	3.956906946
Lyn	LYN	2.292228873	4.145159234	3.970060753	3.832119018	3.969402258	3.879313446
Lypla1	LYPLA1	4.091264967	4.691084662	4.673542613	4.084488666	4.964710879	4.098370521
Lypla2	LYPLA2	3.602843836	4.145159234	4.145532614	4.804399523	4.72367206	4.799989364
Lyplal1	LYPLAL1	2.292228873	4.39170543	3.970060753	3.006723736	3.884290412	3.956906946
Lysmd3	LYSMD3	2.292228873	4.49923408	4.436203012	4.340586378	4.418340269	4.799989364
Lyst	LYST	3.602843836	4.598618344	4.87505964	5.505864328	4.418340269	5.080306881
Lzic	LZIC	3.602843836	3.408987266	3.510146324	3.681556414	3.649551982	4.163379181
Lztr1	LZTR1	4.437863651	4.777589417	4.145532614	4.244315549	4.23391141	4.029715045
Lzts2	LZTS2	5.938807313	4.691084662	4.778048871	4.804399523	3.969402258	4.719877086
Lzts3	LZTS3	3.602843836	4.145159234	3.510146324	4.340586378	3.558435071	3.956906946
M6pr	M6PR	5.455297886	4.598618344	4.965627447	4.55387734	5.324918783	4.9817748
Macf1	MACF1	4.711088618	5.008278679	4.145532614	5.123365638	5.163078601	5.416590921
Maco1	MACO1	3.602843836	4.691084662	4.673542613	4.430133851	4.803149344	4.799989364
Macrod1	MACROD1	4.437863651	4.777589417	4.560188889	4.244315549	4.347720348	4.54369877
Macrod2	MACROD2	4.091264967	4.000784638	2.292228873	3.292857758	3.108084759	3.956906946
Mad1l1	MAD1L1	4.091264967	3.64434534	3.165820411	4.293360774	3.692316346	3.956906946
Mad2l2	MAD2L2	3.602843836	3.408987266	4.299146326	4.026238469	4.347720348	3.956906946
Madd	MADD	4.711088618	3.83650285	4.145532614	3.900470853	3.773101672	3.956906946
Maea	MAEA	4.938004346	4.777589417	4.560188889	4.430133851	4.371692044	4.54369877
Maf	MAF	4.437863651	4.39170543	5.346327862	4.38613548	4.485316891	4.340305924
Maf1	MAF1	4.437863651	4.39170543	3.970060753	4.293360774	3.919081189	4.029715045
Mafb	MAFB	4.711088618	5.205791466	5.936565594	4.55387734	5.182740408	5.416590921
Maff	MAFF	4.437863651	4.777589417	4.778048871	4.55387734	4.506901571	4.098370521
Mafg	MAFG	6.826025488	6.799185642	6.847046914	6.218375491	5.586902468	5.843283838
Mafk	MAFK	5.132612588	4.39170543	4.436203012	4.472692728	4.47438987	4.44596579
Maged1	MAGED1	5.592511033	5.671450398	5.050590043	5.6728344	6.141259356	5.983520849
Magi1	MAGI1	4.091264967	4.274415856	4.145532614	4.513911063	4.59988523	4.760526782
Magi3	MAGI3	3.602843836	3.83650285	3.970060753	4.026238469	4.658443166	4.163379181
Magt1	MAGT1	5.303241568	5.876245896	6.178245225	5.790321307	5.739390898	5.932536696
Mak16	MAK16	4.091264967	3.64434534	3.763912372	3.832119018	3.6711476	3.238392553
Mal2	MAL2	5.132612588	5.143029108	4.299146326	5.015745746	4.910310882	4.634693451
Malt1	MALT1	3.602843836	3.64434534	4.299146326	4.026238469	3.346584847	3.500138199
Maml1	MAML1	4.437863651	3.64434534	3.165820411	3.597638182	4.323292875	4.225153074
Man1a	MAN1A1	7.407642886	7.746852345	7.535748312	7.181088341	7.255552766	7.571074773
Man1a2	MAN1A2	4.938004346	4.49923408	4.436203012	4.026238469	4.528137589	4.394213984
Man1b1	MAN1B1	4.938004346	5.008278679	4.673542613	5.619339583	5.324918783	5.201638223
Man2a1	MAN2A1	6.450013302	7.055214693	7.159239985	7.105939251	6.961384028	7.051055593
Man2a2	MAN2A2	4.091264967	4.49923408	5.53320357	5.741156304	4.926075331	4.9817748
Man2b1	MAN2B1	6.037737533	5.205791466	5.936565594	5.707406928	5.611089491	5.441282574
Man2b2	MAN2B2	5.455297886	5.986311642	5.53320357	6.093799677	5.912409922	5.465548216
Man2c1	MAN2C1	5.132612588	4.598618344	5.206296207	5.198928573	4.310902149	4.799989364
Manba	MANBA	4.091264967	4.145159234	4.145532614	4.293360774	4.247072608	4.589975336
Manf	MANF	5.592511033	6.055233373	6.250500172	5.806338484	6.603161941	6.576271038
Maob	MAOB	4.091264967	5.205791466	4.965627447	4.340586378	5.307174032	4.394213984
Map1lc3a	MAP1LC3A	4.938004346	4.49923408	5.346327862	4.472692728	4.677405762	5.015407237
Map1s	MAP1S	2.292228873	3.091498835	3.510146324	3.900470853	3.534336095	2.84495281
Map2k1	MAP2K1	4.711088618	3.83650285	3.970060753	3.506312947	4.272990782	4.284033266
Map2k2	MAP2K2	6.650293701	6.951015396	6.21482895	6.838206811	6.326900668	6.651491675
Map2k3	MAP2K3	5.455297886	5.48320442	5.645304244	5.270600463	5.611089491	5.258552798
Map2k5	MAP2K5	3.602843836	3.091498835	3.510146324	3.759393139	3.830055489	4.029715045
Map2k7	MAP2K7	4.711088618	4.598618344	5.130626579	5.382446192	4.648860167	5.2861627
Map3k1	MAP3K1	4.091264967	4.000784638	4.436203012	4.340586378	4.629485501	3.956906946
Map3k10	MAP3K10	4.437863651	4.000784638	4.145532614	3.900470853	3.811388859	4.225153074
Map3k11	MAP3K11	4.091264967	4.691084662	5.346327862	5.198928573	4.878226113	4.589975336
Map3k13	MAP3K13	5.455297886	5.205791466	5.206296207	4.193286682	4.506901571	4.029715045
Map3k2	MAP3K2	4.437863651	4.274415856	3.510146324	4.513911063	4.260098036	3.956906946
Map3k20	MAP3K20	4.437863651	3.091498835	4.145532614	4.140084684	3.733451903	3.238392553
Map3k3	MAP3K3	3.602843836	4.145159234	4.560188889	4.084488666	3.884290412	4.284033266
Map3k4	MAP3K4	4.091264967	4.145159234	4.436203012	4.084488666	4.001799157	3.879313446
Map3k5	MAP3K5	4.091264967	4.274415856	4.299146326	5.223230826	4.589870308	5.080306881
Map3k7	MAP3K7	4.091264967	3.83650285	4.436203012	4.026238469	3.811388859	3.500138199
Map3k8	MAP3K8	3.602843836	3.408987266	3.165820411	4.244315549	3.558435071	2.84495281
Map4	MAP4	4.437863651	4.145159234	3.763912372	4.55387734	4.639207972	4.394213984
Map4k2	MAP4K2	3.602843836	3.408987266	3.510146324	4.430133851	3.627507726	3.706273732
Map4k3	MAP4K3	4.938004346	4.858895188	4.778048871	5.270600463	4.463370872	4.44596579
Map4k4	MAP4K4	2.292228873	3.64434534	3.510146324	3.900470853	3.252644226	3.238392553
Map4k5	MAP4K5	3.602843836	3.408987266	3.763912372	3.681556414	3.969402258	4.225153074
Map7	MAP7	5.303241568	4.777589417	4.560188889	5.338773759	4.517562398	5.048238323
Map7d1	MAP7D1	5.832489373	5.986311642	5.278065415	4.836669376	5.537249469	5.786913403
Mapk1	MAPK1	5.303241568	4.39170543	4.778048871	4.55387734	4.696103889	4.54369877
Mapk14	MAPK14	5.717571651	5.48320442	6.021755502	5.360779987	5.182740408	5.17228453
Mapk15	MAPK15	3.602843836	3.408987266	4.560188889	4.293360774	3.458330152	3.238392553
Mapk1ip1	MAPK1IP1L	2.292228873	3.408987266	3.510146324	4.084488666	4.220611239	4.495741634
Mapk3	MAPK3	4.091264967	4.145159234	4.145532614	4.140084684	4.59988523	4.44596579
Mapk6	MAPK6	3.602843836	4.598618344	3.763912372	3.759393139	4.23391141	4.098370521
Mapk8	MAPK8	3.602843836	3.83650285	3.510146324	3.832119018	3.431616404	3.879313446
Mapk8ip3	MAPK8IP3	5.832489373	4.858895188	5.346327862	5.505864328	4.57977929	4.677961688
Mapk9	MAPK9	4.938004346	5.143029108	5.130626579	4.702701458	4.549036926	4.719877086
Mapkap1	MAPKAP1	4.091264967	4.274415856	4.145532614	4.026238469	4.193580519	3.879313446
Mapkapk2	MAPKAPK2	5.455297886	5.671450398	5.130626579	5.097235377	5.20853125	5.201638223
Mapre3	MAPRE3	6.217134759	5.580460698	6.102142844	5.757734578	5.221249743	5.365866194
Marf1	MARF1	6.519926337	4.935621319	5.050590043	5.097235377	4.696103889	4.760526782
Mark2	MARK2	4.711088618	3.408987266	4.436203012	4.771343338	4.048808169	4.634693451
Mark3	MARK3	5.717571651	4.598618344	4.87505964	4.630363967	4.463370872	4.495741634
Mark4	MARK4	3.602843836	4.000784638	3.763912372	3.965024055	3.969402258	4.225153074
Marveld1	MARVELD1	4.938004346	5.323426062	5.206296207	5.015745746	5.102365673	4.911934359
Marveld2	MARVELD2	3.602843836	3.408987266	4.436203012	4.293360774	4.347720348	4.225153074
Masp1	MASP1	5.832489373	5.205791466	5.278065415	5.822177099	6.00258509	5.748050545
Masp2	MASP2	6.217134759	6.673763899	6.937142398	7.632993724	7.151543772	6.986186862
Mast2	MAST2	4.091264967	4.145159234	4.87505964	4.38613548	4.441050082	4.44596579
Mast3	MAST3	5.592511033	4.691084662	5.206296207	4.513911063	4.485316891	5.142297742
Mat1a	MAT1A	8.898387641	9.333502619	8.945422869	8.321625086	8.645541931	8.246703481
Mat2a	MAT2A	6.299041974	6.055233373	5.645304244	5.999643414	5.469972058	5.666976855
Mat2b	MAT2B	3.602843836	3.64434534	4.145532614	4.026238469	4.07916153	4.284033266
Matr3	MATR3	4.091264967	4.49923408	3.763912372	3.681556414	4.272990782	4.44596579
Mau2	MAU2	5.132612588	4.777589417	4.778048871	4.958614196	4.452258194	4.719877086
Mavs	MAVS	4.711088618	4.39170543	5.130626579	5.097235377	5.496229424	5.080306881
Max	MAX	3.602843836	4.145159234	4.436203012	4.084488666	4.179842907	4.098370521
Maz	MAZ	6.376515331	5.265846922	5.645304244	5.883823859	5.415940405	5.602972942
Mbd1	MBD1	5.303241568	4.49923408	6.062515049	4.702701458	4.207168762	5.230385876
Mbd2	MBD2	6.586589754	5.913887648	5.936565594	5.724382011	5.667504653	5.861587929
Mbd3	MBD3	4.091264967	5.532670511	5.411419086	5.774121432	5.844894306	6.199965341
Mbd6	MBD6	3.602843836	3.83650285	4.145532614	4.340586378	3.484323889	4.225153074
Mbip	MBIP	5.132612588	3.83650285	3.165820411	4.667021062	3.346584847	3.608305404
Mbl2	MBL2	7.210749743	6.932890613	5.979796879	5.957306801	7.610788185	6.68256055
Mblac2	MBLAC2	3.602843836	3.83650285	3.165820411	3.506312947	4.033341529	4.029715045
Mbnl1	MBNL1	3.602843836	4.000784638	4.299146326	4.084488666	3.901815905	3.796124561
Mbnl2	MBNL2	4.938004346	4.691084662	4.87505964	4.667021062	4.383512751	4.760526782
Mboat7	MBOAT7	4.711088618	5.323426062	5.050590043	6.439059386	5.667504653	5.915128259
Mbtd1	MBTD1	4.711088618	3.83650285	4.145532614	3.597638182	3.830055489	4.225153074
Mbtps1	MBTPS1	5.592511033	5.143029108	5.346327862	5.424800519	4.987380864	5.015407237
Mcat	MCAT	2.292228873	4.145159234	4.299146326	3.832119018	3.884290412	3.956906946
Mcc	MCC	5.132612588	5.077294272	5.130626579	5.070602553	4.741742161	4.719877086
Mccc1	MCCC1	2.292228873	4.39170543	4.299146326	3.832119018	4.137695583	4.225153074
Mccc2	MCCC2	2.292228873	4.49923408	4.145532614	4.026238469	4.589870308	4.394213984
Mcfd2	MCFD2	5.938807313	6.462339939	6.416628544	7.20529071	7.594059213	7.128233305
Mcl1	MCL1	6.450013302	6.273215603	6.285303664	6.386993612	5.881036532	6.01652452
Mcm10	MCM10	4.437863651	4.274415856	4.145532614	4.293360774	4.517562398	4.44596579
Mcm7	MCM7	3.602843836	3.64434534	3.763912372	3.965024055	3.484323889	2.84495281
Mcmbp	MCMBP	4.091264967	4.145159234	4.145532614	4.513911063	4.559363906	4.340305924
Mcoln1	MCOLN1	4.711088618	4.598618344	4.778048871	4.667021062	4.741742161	4.54369877
Mcrip1	MCRIP1	4.091264967	4.000784638	3.970060753	4.084488666	4.441050082	4.44596579
Mcrip2	MCRIP2	5.132612588	5.077294272	5.130626579	4.836669376	4.619691648	4.9817748
Mctp2	MCTP2	4.091264967	4.145159234	4.436203012	4.472692728	4.193580519	4.394213984
Mcts1	MCTS1	5.132612588	4.935621319	5.130626579	4.472692728	4.528137589	4.677961688
Mcu	MCU	4.091264967	3.64434534	2.292228873	4.244315549	4.07916153	4.098370521
Mcur1	MCUR1	4.091264967	4.858895188	4.673542613	4.38613548	4.59988523	4.54369877
Mdfic	MDFIC	4.938004346	4.145159234	4.560188889	3.681556414	4.485316891	4.495741634
Mdh1	MDH1	6.299041974	6.77902769	6.47803707	5.293696035	6.657176534	6.310362765
Mdh2	MDH2	4.938004346	5.143029108	4.436203012	4.193286682	5.088505083	4.394213984
Mdm2	MDM2	5.592511033	6.08848473	4.560188889	5.338773759	4.918215799	5.2861627
Mdm4	MDM4	5.132612588	5.205791466	5.473627628	5.174194573	4.528137589	4.677961688
Me1	ME1	5.592511033	4.598618344	4.299146326	3.506312947	4.383512751	3.879313446
Mea1	MEA1	4.091264967	4.777589417	5.130626579	4.340586378	5.038869068	5.17228453
Mecr	MECR	4.711088618	5.008278679	4.778048871	4.084488666	4.285753821	4.163379181
Med1	MED1	4.091264967	4.691084662	4.436203012	4.193286682	4.108777455	4.394213984
Med11	MED11	4.091264967	4.274415856	4.436203012	3.900470853	3.952866194	3.378600384
Med13	MED13	5.592511033	4.935621319	4.560188889	4.804399523	4.794545591	4.9817748
Med13l	MED13L	4.711088618	4.777589417	5.050590043	4.140084684	4.298390021	4.44596579
Med14	MED14	2.292228873	3.64434534	3.970060753	4.084488666	3.534336095	3.796124561
Med15	MED15	4.711088618	4.274415856	5.050590043	4.55387734	4.418340269	4.634693451
Med16	MED16	2.292228873	4.274415856	3.970060753	4.140084684	4.094059111	3.706273732
Med17	MED17	3.602843836	3.408987266	3.763912372	4.026238469	4.017673899	4.098370521
Med20	MED20	3.602843836	4.39170543	4.778048871	4.86819141	4.383512751	4.589975336
Med21	MED21	4.938004346	3.83650285	3.510146324	3.506312947	4.001799157	3.956906946
Med22	MED22	2.292228873	3.091498835	4.145532614	4.193286682	4.220611239	4.394213984
Med23	MED23	4.091264967	3.83650285	3.970060753	3.900470853	3.901815905	3.879313446
Med24	MED24	3.602843836	3.408987266	3.970060753	4.084488666	3.919081189	4.340305924
Med25	MED25	4.091264967	4.49923408	4.87505964	4.899001256	4.902360024	4.838335991
Med27	MED27	3.602843836	3.64434534	4.673542613	3.292857758	3.830055489	4.225153074
Med28	MED28	5.132612588	5.205791466	4.560188889	4.630363967	4.964710879	5.313237834
Med4	MED4	4.091264967	4.691084662	3.763912372	4.084488666	3.811388859	3.879313446
Med8	MED8	4.711088618	4.000784638	4.673542613	4.667021062	4.777172461	4.875631332
Mef2a	MEF2A	4.091264967	3.83650285	4.145532614	4.737459092	4.048808169	4.098370521
Mef2d	MEF2D	5.455297886	5.008278679	4.965627447	5.097235377	4.686787391	4.947299018
Megf8	MEGF8	3.602843836	4.145159234	4.778048871	5.382446192	3.792408556	4.340305924
Megf9	MEGF9	2.292228873	4.145159234	3.763912372	4.472692728	4.23391141	4.098370521
Meis2	MEIS2	2.292228873	3.408987266	3.510146324	3.900470853	3.431616404	3.796124561
Memo1	MEMO1	4.091264967	3.83650285	4.436203012	3.759393139	3.830055489	4.284033266
Men1	MEN1	4.091264967	4.145159234	4.436203012	4.193286682	4.165952177	4.44596579
Mepce	MEPCE	4.091264967	4.274415856	3.763912372	4.026238469	4.137695583	4.029715045
Mertk	MERTK	4.091264967	3.408987266	3.165820411	4.340586378	4.017673899	4.340305924
Mesd	MESD	3.602843836	4.858895188	4.436203012	4.702701458	4.853657745	5.201638223
Met	MET	5.132612588	5.143029108	4.673542613	4.630363967	5.031630323	4.634693451
Metap1	METAP1	3.602843836	4.598618344	4.87505964	4.193286682	4.123321403	4.284033266
Metap1d	METAP1D	5.938807313	4.598618344	5.53320357	5.822177099	4.987380864	5.416590921
Metap2	METAP2	4.938004346	4.935621319	3.970060753	4.193286682	4.47438987	4.719877086
Mettl1	METTL1	2.292228873	3.091498835	4.778048871	3.759393139	3.919081189	3.500138199
Mettl16	METTL16	4.091264967	4.145159234	4.299146326	4.026238469	3.604991145	3.879313446
Mettl17	METTL17	3.602843836	4.145159234	3.510146324	4.193286682	3.884290412	4.44596579
Mettl21a	METTL21A	2.292228873	3.408987266	4.560188889	3.965024055	3.6711476	4.163379181
Mettl22	METTL22	2.292228873	3.64434534	3.970060753	3.900470853	3.146804666	3.796124561
Mettl26	METTL26	5.303241568	5.626687005	5.53320357	5.247116631	5.877065778	5.932536696
Mettl27	METTL27	4.437863651	4.39170543	4.299146326	4.59267106	4.23391141	3.500138199
Mettl3	METTL3	4.711088618	3.83650285	3.763912372	4.38613548	3.733451903	4.284033266
Mettl5	METTL5	4.091264967	4.145159234	4.145532614	3.759393139	4.017673899	4.098370521
Mettl6	METTL6	4.437863651	3.408987266	4.299146326	3.900470853	3.713078272	3.879313446
Mettl9	METTL9	4.938004346	4.145159234	5.346327862	4.293360774	4.589870308	4.284033266
Mex3c	MEX3C	2.292228873	4.145159234	4.299146326	3.832119018	3.733451903	3.608305404
Mfap3	MFAP3	2.292228873	3.408987266	4.560188889	4.026238469	3.969402258	3.706273732
Mff	MFF	4.437863651	4.777589417	4.436203012	4.430133851	4.094059111	4.098370521
Mfge8	MFGE8	4.437863651	6.12097931	6.674362744	5.690226104	5.009683266	4.029715045
Mfhas1	MFHAS1	4.091264967	4.145159234	3.763912372	3.597638182	4.59988523	4.098370521
Mfn1	MFN1	5.132612588	4.598618344	4.778048871	4.86819141	4.811698872	4.719877086
Mfn2	MFN2	4.711088618	5.205791466	4.436203012	4.899001256	4.383512751	4.225153074
Mfsd1	MFSD1	5.455297886	5.077294272	5.473627628	4.737459092	5.221249743	4.875631332
Mfsd11	MFSD11	5.132612588	4.274415856	4.673542613	4.472692728	4.310902149	4.495741634
Mfsd12	MFSD12	3.602843836	3.408987266	3.165820411	4.513911063	4.07916153	4.163379181
Mfsd13a	MFSD13A	4.091264967	3.64434534	3.165820411	4.193286682	3.604991145	3.879313446
Mfsd14a	MFSD14A	3.602843836	4.000784638	4.145532614	3.965024055	3.848420524	4.163379181
Mfsd14b	MFSD14B	2.292228873	3.64434534	3.970060753	3.900470853	4.137695583	3.956906946
Mfsd2a	MFSD2A	4.938004346	5.143029108	5.206296207	5.868660856	5.031630323	6.214239963
Mfsd3	MFSD3	4.437863651	3.83650285	4.145532614	4.55387734	3.919081189	3.879313446
Mfsd4b1	MFSD4B	4.437863651	4.49923408	4.299146326	4.244315549	4.853657745	4.495741634
Mga	MGA	4.091264967	4.274415856	3.970060753	4.244315549	3.901815905	3.879313446
Mgam	MGAM	5.592511033	5.876245896	5.411419086	5.868660856	5.881036532	5.879659457
Mgat1	MGAT1	5.592511033	5.986311642	5.891980982	6.397559192	6.087395119	5.786913403
Mgat2	MGAT2	5.132612588	4.777589417	3.970060753	4.929131951	5.547320755	4.875631332
Mgat4b	MGAT4B	3.602843836	5.008278679	5.050590043	4.702701458	4.589870308	4.225153074
Mgat5	MGAT5	4.091264967	4.598618344	3.763912372	4.737459092	4.517562398	3.956906946
Mgll	MGLL	3.602843836	4.39170543	5.278065415	4.771343338	5.088505083	5.465548216
Mgmt	MGMT	3.602843836	4.39170543	4.436203012	4.140084684	4.23391141	3.796124561
Mgrn1	MGRN1	5.455297886	5.532670511	5.411419086	5.293696035	5.410421261	4.799989364
Mgst1	MGST1	9.171762172	9.938657492	9.778289363	9.409056549	10.06665636	9.61762165
Mgst3	MGST3	3.602843836	3.83650285	3.763912372	4.38613548	4.53862862	3.706273732
Mia2	MIA2	6.130250267	6.606691342	6.319280955	6.630255981	6.808006257	6.598167856
Mia3	MIA3	7.252341272	7.198600589	7.062512722	7.668227246	7.218594945	7.656871476
Mib1	MIB1	5.132612588	5.532670511	5.411419086	4.836669376	5.122899962	5.535933184
Mib2	MIB2	5.455297886	3.83650285	4.299146326	4.59267106	4.094059111	4.284033266
Mical2	MICAL2	4.091264967	4.274415856	4.299146326	4.084488666	4.260098036	4.394213984
Mical3	MICAL3	5.303241568	4.39170543	5.206296207	4.836669376	4.59988523	4.589975336
Micall1	MICALL1	4.437863651	4.145159234	4.145532614	3.759393139	3.830055489	4.340305924
Micos10	MICOS10	2.292228873	4.49923408	4.145532614	4.084488666	4.47438987	4.284033266
Micos13	MICOS13	4.711088618	4.691084662	4.778048871	4.702701458	5.601464288	5.048238323
Micu2	MICU2	3.602843836	5.008278679	4.673542613	4.38613548	4.820194892	4.634693451
Mid1ip1	MID1IP1	4.437863651	4.274415856	4.436203012	4.958614196	5.33078407	5.441282574
Midn	MIDN	5.455297886	5.48320442	5.411419086	5.724382011	5.824411139	6.214239963
Mief1	MIEF1	4.091264967	4.145159234	4.673542613	4.193286682	4.23391141	4.495741634
Mief2	MIEF2	4.711088618	4.858895188	3.970060753	3.965024055	4.371692044	4.340305924
Mien1	MIEN1	4.437863651	5.48320442	5.206296207	4.667021062	4.979865668	5.230385876
Mier1	MIER1	4.437863651	4.777589417	4.299146326	4.140084684	4.179842907	4.340305924
Mier2	MIER2	3.602843836	3.64434534	3.510146324	4.340586378	4.017673899	4.54369877
Mier3	MIER3	3.602843836	4.000784638	3.165820411	3.965024055	3.509645067	4.029715045
Mif	MIF	4.711088618	5.431937627	4.87505964	4.026238469	4.794545591	4.495741634
Mif4gd	MIF4GD	4.938004346	4.691084662	5.050590043	4.55387734	4.452258194	5.17228453
Miga2	MIGA2	4.711088618	4.49923408	4.965627447	6.1323258	5.017037848	5.230385876
Miip	MIIP	4.091264967	4.39170543	3.763912372	4.193286682	3.952866194	3.956906946
Mindy1	MINDY1	6.037737533	5.265846922	5.206296207	5.957306801	5.289201345	5.365866194
Mindy2	MINDY2	4.437863651	4.49923408	3.970060753	4.38613548	4.260098036	4.340305924
Mink1	MINK1	4.437863651	4.49923408	5.473627628	5.54471171	4.878226113	5.258552798
Minpp1	MINPP1	3.602843836	4.39170543	5.473627628	4.737459092	5.240112509	4.875631332
Miox	MIOX	2.292228873	2.292228873	2.292228873	4.026238469	3.534336095	2.292228873
Mipep	MIPEP	4.711088618	4.274415856	4.436203012	4.084488666	4.193580519	4.029715045
Mitd1	MITD1	2.292228873	3.64434534	3.510146324	3.597638182	3.692316346	3.956906946
Mkln1	MKLN1	5.592511033	4.935621319	4.778048871	5.097235377	4.918215799	4.719877086
Mknk1	MKNK1	3.602843836	4.145159234	3.165820411	4.244315549	3.848420524	3.706273732
Mknk2	MKNK2	7.370359234	6.651752694	6.507782463	6.853612244	6.212155994	6.283551535
Mkrn2os	MKRN2OS	4.711088618	4.49923408	4.299146326	3.759393139	4.323292875	4.029715045
Mlec	MLEC	6.769803104	6.410802978	7.04236181	6.299540498	6.640951374	6.944106271
Mlf2	MLF2	4.091264967	6.606691342	5.050590043	5.868660856	6.300543926	6.323582414
Mlh1	MLH1	3.602843836	4.000784638	3.763912372	3.965024055	3.753454394	3.879313446
Mlkl	MLKL	3.602843836	3.64434534	3.763912372	3.900470853	4.123321403	3.879313446
Mllt1	MLLT1	4.091264967	4.000784638	4.436203012	4.026238469	3.969402258	3.956906946
Mllt10	MLLT10	5.132612588	4.598618344	4.145532614	4.244315549	4.151904426	4.44596579
Mllt6	MLLT6	4.938004346	5.008278679	5.050590043	4.38613548	4.429744728	4.947299018
Mlx	MLX	3.602843836	4.145159234	4.778048871	4.244315549	4.528137589	4.284033266
Mlxip	MLXIP	2.292228873	3.64434534	3.763912372	3.965024055	3.458330152	2.84495281
Mlxipl	MLXIPL	9.03560414	8.256561458	9.170721316	9.068747583	7.755353951	8.337163228
Mlycd	MLYCD	5.132612588	5.837581133	5.53320357	5.270600463	5.77401224	5.748050545
Mmab	MMAB	4.437863651	4.000784638	3.510146324	4.430133851	4.335564778	5.080306881
Mmadhc	MMADHC	4.711088618	4.39170543	4.299146326	4.737459092	5.009683266	4.760526782
Mmd	MMD	5.303241568	5.323426062	5.645304244	5.070602553	5.017037848	4.799989364
Mme	MME	5.717571651	4.935621319	5.645304244	4.630363967	4.033341529	4.163379181
Mmp14	MMP14	4.711088618	4.49923408	5.050590043	5.382446192	5.516888607	5.080306881
Mmp15	MMP15	5.592511033	5.876245896	6.823612323	6.067525764	5.791011337	4.54369877
Mmp19	MMP19	5.832489373	5.143029108	4.560188889	5.198928573	5.163078601	4.44596579
Mms19	MMS19	3.602843836	3.83650285	3.510146324	4.244315549	3.6711476	3.608305404
Mmut	MMUT	3.602843836	5.205791466	4.436203012	3.900470853	4.47438987	4.284033266
Mn1	MN1	4.091264967	4.858895188	3.763912372	4.630363967	4.686787391	4.911934359
Mob1a	MOB1A	4.091264967	4.39170543	4.436203012	3.900470853	4.108777455	4.163379181
Mob1b	MOB1B	4.437863651	4.858895188	4.436203012	4.193286682	3.848420524	4.029715045
Mob2	MOB2	3.602843836	3.64434534	3.763912372	4.026238469	4.347720348	3.796124561
Mob3a	MOB3A	2.292228873	3.091498835	3.510146324	3.900470853	3.431616404	3.796124561
Mob3b	MOB3B	3.602843836	5.143029108	5.050590043	4.771343338	5.046070042	4.875631332
Mob3c	MOB3C	4.091264967	2.292228873	4.145532614	4.293360774	3.919081189	4.225153074
Mocos	MOCOS	4.711088618	4.145159234	3.763912372	4.771343338	4.768401571	5.111648885
Mocs1	MOCS1	5.592511033	5.876245896	5.891980982	6.067525764	5.980570583	6.048781729
Mocs2	MOCS2	5.832489373	5.265846922	5.411419086	5.198928573	5.295217939	5.313237834
Mogs	MOGS	4.437863651	4.598618344	4.673542613	5.898826989	5.448607797	5.949734918
Mon1a	MON1A	2.292228873	4.145159234	3.165820411	3.759393139	4.359761994	4.284033266
Mon2	MON2	4.711088618	5.3787305	5.346327862	5.360779987	5.031630323	5.048238323
Morc2a	MORC2	4.711088618	3.83650285	4.560188889	4.193286682	4.151904426	4.44596579
Morc3	MORC3	4.091264967	4.598618344	4.145532614	4.026238469	4.418340269	4.634693451
Morf4l1	MORF4L1	4.711088618	5.205791466	5.130626579	4.958614196	4.732737389	4.911934359
Mosmo	MOSMO	4.091264967	3.408987266	4.145532614	3.597638182	3.713078272	3.956906946
Mospd2	MOSPD2	4.091264967	4.691084662	4.299146326	4.430133851	4.371692044	4.284033266
Mospd3	MOSPD3	4.938004346	4.777589417	4.560188889	4.702701458	4.714545298	4.719877086
Mov10	MOV10	5.132612588	5.265846922	4.965627447	5.403782997	5.143134628	5.080306881
Mpc1	MPC1	6.299041974	5.714842213	6.062515049	5.174194573	5.908525857	5.580978012
Mpc2	MPC2	5.938807313	6.583618879	6.536923513	6.040759143	6.878859847	6.141397425
Mpdu1	MPDU1	5.832489373	6.512088547	6.21482895	6.439059386	6.199524453	6.141397425
Mpeg1	MPEG1	4.938004346	5.265846922	6.178245225	6.343934444	7.051742568	6.269955214
Mpg	MPG	4.938004346	4.145159234	4.299146326	4.804399523	4.06407965	4.54369877
Mphosph8	MPHOSPH8	4.091264967	4.274415856	3.763912372	4.293360774	4.094059111	4.029715045
Mpnd	MPND	5.303241568	6.15275112	5.411419086	5.741156304	5.828531452	6.048781729
Mpp1	MPP1	4.091264967	3.83650285	4.436203012	4.193286682	4.151904426	4.163379181
Mppe1	MPPE1	3.602843836	3.091498835	4.145532614	4.084488666	3.811388859	3.378600384
Mprip	MPRIP	7.167920699	6.77902769	6.565484421	6.822634481	6.294620391	6.587261206
Mpst	MPST	5.132612588	5.580460698	5.278065415	5.563741544	5.811978039	5.624630897
Mpv17	MPV17	5.303241568	3.83650285	4.673542613	4.026238469	4.870085739	4.54369877
Mpv17l2	MPV17L2	4.437863651	4.274415856	4.778048871	4.084488666	4.418340269	4.340305924
Mpzl2	MPZL2	4.938004346	5.431937627	4.87505964	5.316416351	5.202128193	5.2861627
Mpzl3	MPZL3	3.602843836	3.408987266	3.510146324	3.759393139	3.866495286	3.956906946
Mrap	MRAP	4.091264967	4.145159234	4.87505964	4.667021062	5.074504286	5.258552798
Mrc1	MRC1	4.091264967	3.091498835	4.145532614	4.026238469	4.272990782	3.879313446
Mreg	MREG	4.711088618	4.858895188	4.299146326	3.832119018	4.260098036	3.879313446
Mrfap1	MRFAP1L2	5.592511033	6.08848473	5.798387868	5.360779987	5.067450382	5.258552798
Mri1	MRI1	4.938004346	4.858895188	4.778048871	5.070602553	4.714545298	4.677961688
Mroh1	MROH1	5.132612588	4.777589417	5.130626579	4.958614196	4.298390021	4.225153074
Mrrf	MRRF	3.602843836	4.000784638	3.970060753	3.832119018	3.830055489	4.098370521
Mrs2	MRS2	2.292228873	4.145159234	4.673542613	4.026238469	4.220611239	3.956906946
Mrtfb	MRTFB	5.455297886	5.143029108	5.346327862	4.702701458	4.463370872	4.44596579
Msh3	MSH3	4.091264967	3.64434534	3.510146324	3.681556414	4.001799157	4.589975336
Msi2	MSI2	4.091264967	4.274415856	4.778048871	5.149012642	4.220611239	5.111648885
Msl1	MSL1	5.303241568	5.008278679	4.436203012	5.338773759	4.619691648	5.201638223
Msl2	MSL2	3.602843836	4.145159234	4.299146326	5.043446632	4.528137589	4.875631332
Msl3	MSL3B	3.602843836	4.145159234	3.970060753	3.832119018	3.6711476	4.098370521
Msmo1	MSMO1	5.455297886	5.431937627	5.645304244	6.8764152	6.636281737	7.73291588
Msr1	MSR1	2.292228873	2.292228873	3.165820411	4.026238469	3.830055489	3.378600384
Msra	MSRA	5.132612588	5.580460698	5.53320357	5.223230826	5.884996236	4.875631332
Msrb1	MSRB1	6.299041974	6.968914599	6.285303664	5.898826989	7.370910498	7.135728218
Mst1	MST1	6.450013302	6.329846336	6.352470645	7.40131953	7.0982748	7.043105167
Mst1r	MST1R	3.602843836	2.292228873	2.292228873	4.244315549	3.375808356	3.500138199
Msto1	MSTO1	3.602843836	3.091498835	3.763912372	4.084488666	3.534336095	3.706273732
mt-Atp6	MT-ATP6	12.75962421	12.19218334	12.98650396	13.50516489	11.93758445	12.81631887
mt-Atp8	MT-ATP8	12.97889243	12.28337938	12.88810306	13.39082811	12.04895613	12.80359809
mt-Co1	MT-CO1	11.95177029	11.73832945	12.65907602	13.67477734	11.34561784	12.01844388
mt-Co2	MT-CO2	13.13489167	12.47806798	13.07800201	13.63319779	12.03148929	12.89161846
mt-Co3	MT-CO3	12.92290471	12.21716491	12.75802548	13.03957654	11.7261627	12.56922226
mt-Cytb	MT-CYB	12.23430708	11.70539493	12.34058058	12.46043064	11.38424503	12.09723947
mt-Nd1	MT-ND1	12.78903594	11.52387557	12.27040461	13.50333801	11.38528651	12.26938745
mt-Nd2	MT-ND2	12.41094639	11.02625924	11.62788457	12.06022351	10.73536506	11.36154182
mt-Nd3	MT-ND3	11.27425921	10.1472765	10.66066218	11.48793768	9.89007784	10.725492
mt-Nd4	MT-ND4	10.54944003	9.820593095	10.85778134	10.68694507	9.465759573	10.18221856
mt-Nd4l	MT-ND4L	11.42038661	11.19709217	12.1667417	11.90950758	10.4561137	11.35072737
mt-Nd5	MT-ND5	11.03336961	10.67940286	11.05522645	11.90374827	10.45842474	11.21287941
mt-Nd6	MT-ND6	10.08100337	9.790759487	10.14675234	9.471439792	8.596615165	9.533694294
Mt1	MT1F	5.592511033	6.895940977	6.319280955	6.957061916	8.859530404	9.246189038
Mta1	MTA1	4.938004346	4.858895188	4.673542613	5.424800519	4.589870308	4.719877086
Mta2	MTA2	3.602843836	4.39170543	4.87505964	4.737459092	4.820194892	4.838335991
Mta3	MTA3	3.602843836	4.145159234	4.436203012	4.340586378	4.179842907	3.608305404
Mtap	MTAP	3.602843836	4.000784638	3.510146324	4.293360774	4.137695583	4.163379181
Mtch1	MTCH1	5.717571651	5.580460698	4.778048871	5.403782997	5.221249743	5.111648885
Mtdh	MTDH	6.217134759	6.055233373	5.590365196	5.601048842	5.432368972	5.558635233
Mterf3	MTERF3	4.091264967	2.292228873	3.510146324	4.38613548	3.919081189	4.163379181
Mtf1	MTF1	3.602843836	3.64434534	3.510146324	4.084488666	4.179842907	4.225153074
Mtfp1	MTFP1	4.437863651	4.274415856	4.145532614	4.472692728	4.53862862	4.340305924
Mtfr1	MTFR1	4.938004346	4.691084662	5.206296207	4.771343338	5.283158748	4.875631332
Mtfr1l	MTFR1L	4.091264967	4.598618344	4.145532614	4.958614196	4.335564778	4.875631332
Mtg1	MTG1	2.292228873	3.83650285	3.763912372	4.026238469	3.866495286	4.098370521
Mtg2	MTG2	3.602843836	4.39170543	3.510146324	4.513911063	4.285753821	3.796124561
Mthfd1	MTHFD1	5.592511033	5.48320442	4.299146326	4.958614196	5.853005654	5.313237834
Mthfd1l	MTHFD1L	3.602843836	4.000784638	3.970060753	4.667021062	3.866495286	4.029715045
Mthfsd	MTHFSD	3.602843836	4.39170543	4.299146326	4.702701458	3.884290412	4.340305924
Mtif2	MTIF2	4.091264967	4.274415856	4.299146326	4.513911063	4.151904426	4.163379181
Mtif3	MTIF3	4.711088618	4.000784638	4.965627447	4.472692728	4.371692044	4.284033266
Mtln	MTLN	3.602843836	5.008278679	4.560188889	4.084488666	4.272990782	4.677961688
Mtm1	MTM1	4.437863651	3.091498835	4.436203012	4.55387734	3.753454394	3.608305404
Mtmr1	MTMR1	4.091264967	3.64434534	4.299146326	3.832119018	3.558435071	3.879313446
Mtmr10	MTMR10	3.602843836	3.408987266	4.145532614	3.965024055	3.558435071	3.378600384
Mtmr11	MTMR11	5.592511033	4.49923408	4.778048871	5.868660856	4.768401571	5.201638223
Mtmr12	MTMR12	2.292228873	3.83650285	3.510146324	3.681556414	3.753454394	3.956906946
Mtmr14	MTMR14	4.711088618	4.145159234	3.763912372	4.026238469	3.848420524	4.029715045
Mtmr4	MTMR4	2.292228873	4.691084662	4.87505964	4.244315549	4.07916153	4.495741634
Mtmr6	MTMR6	5.132612588	4.145159234	3.510146324	4.244315549	3.901815905	3.608305404
Mtmr9	MTMR9	2.292228873	4.598618344	2.292228873	3.681556414	4.517562398	4.225153074
Mto1	MTO1	2.292228873	4.000784638	3.510146324	3.965024055	4.048808169	3.500138199
Mtor	MTOR	5.132612588	5.323426062	5.130626579	5.774121432	5.501422677	5.767614962
Mtpap	MTPAP	4.711088618	4.777589417	4.778048871	4.55387734	4.017673899	3.796124561
Mtpn	MTPN	4.091264967	4.39170543	3.763912372	3.832119018	4.108777455	3.879313446
Mtrex	MTREX	2.292228873	4.000784638	3.165820411	4.026238469	3.848420524	3.796124561
Mtrf1l	MTRF1L	3.602843836	3.091498835	4.145532614	4.026238469	3.509645067	3.879313446
Mtss1	MTSS1	6.037737533	6.606691342	7.214302242	6.556805751	6.872921674	6.672278765
Mtus1	MTUS1	4.938004346	5.143029108	5.645304244	5.097235377	6.024264888	6.095840312
Mtx1	MTX1	2.292228873	3.83650285	3.510146324	4.193286682	3.884290412	3.608305404
Mtx2	MTX2	4.711088618	3.83650285	4.778048871	4.244315549	4.347720348	4.029715045
Mtx3	MTX3	2.292228873	4.145159234	3.970060753	4.084488666	3.375808356	3.796124561
Mul1	MUL1	4.938004346	5.077294272	3.763912372	5.043446632	4.949386997	5.015407237
Mus81	MUS81	3.602843836	3.64434534	3.763912372	4.513911063	3.627507726	3.706273732
Mvb12a	MVB12A	4.938004346	4.598618344	4.560188889	4.193286682	4.496153589	4.719877086
Mvd	MVD	4.091264967	3.83650285	2.292228873	5.790321307	4.496153589	5.624630897
Mvk	MVK	2.292228873	4.39170543	3.763912372	6.920963992	5.359747743	6.437370348
Mvp	MVP	5.455297886	6.273215603	5.590365196	4.899001256	5.40488035	5.824741032
Mxd1	MXD1	4.437863651	3.83650285	3.970060753	4.244315549	3.509645067	3.608305404
Mxd4	MXD4	4.437863651	5.75694536	5.206296207	5.382446192	5.717315535	5.230385876
Myadm	MYADM	5.132612588	4.145159234	4.145532614	5.316416351	5.354002693	5.258552798
Mybbp1a	MYBBP1A	5.592511033	5.077294272	5.473627628	4.771343338	4.714545298	4.911934359
Myc	MYC	6.376515331	5.323426062	5.411419086	3.832119018	3.458330152	2.84495281
Mycbp	MYCBP	3.602843836	4.000784638	3.165820411	4.026238469	3.884290412	3.608305404
Mycbp2	MYCBP2	4.091264967	4.598618344	4.87505964	4.244315549	4.193580519	4.163379181
Mycl	MYCL	4.091264967	4.49923408	3.510146324	3.965024055	3.558435071	3.378600384
Mydgf	MYDGF	6.519926337	5.986311642	5.845954352	6.144940357	6.759468092	6.554034935
Myef2	MYEF2	3.602843836	4.39170543	3.510146324	4.140084684	3.952866194	4.029715045
Myg1	MYG1	4.711088618	4.49923408	3.510146324	4.084488666	4.07916153	4.44596579
Myh10	MYH10	2.292228873	5.077294272	3.970060753	3.162995548	3.830055489	3.238392553
Myh14	MYH14	5.717571651	4.777589417	4.436203012	4.836669376	4.383512751	3.500138199
Myh9	MYH9	4.938004346	5.532670511	4.299146326	4.899001256	5.662888329	5.111648885
Myl12a	MYL12A	3.602843836	5.077294272	4.560188889	3.965024055	5.038869068	5.230385876
Myl6	MYL6	3.602843836	4.598618344	4.87505964	3.162995548	4.07916153	4.225153074
Mylk	MYLK	5.132612588	5.48320442	5.346327862	4.804399523	5.102365673	5.313237834
Mynn	MYNN	2.292228873	3.408987266	3.970060753	3.965024055	3.404129273	3.796124561
Myo10	MYO10	4.091264967	4.858895188	4.87505964	4.472692728	4.78588688	4.677961688
Myo18a	MYO18A	6.586589754	6.08848473	5.749173232	6.343934444	5.946897858	6.01652452
Myo19	MYO19	4.437863651	3.83650285	4.299146326	4.084488666	3.6711476	3.378600384
Myo1b	MYO1B	4.938004346	5.950559801	4.673542613	5.223230826	5.469972058	5.879659457
Myo1c	MYO1C	4.091264967	4.777589417	4.87505964	5.223230826	4.732737389	4.340305924
Myo1d	MYO1D	3.602843836	4.145159234	3.165820411	3.832119018	3.901815905	3.879313446
Myo1e	MYO1E	4.711088618	3.83650285	4.299146326	4.472692728	4.811698872	4.9817748
Myo5b	MYO5B	5.132612588	4.691084662	4.436203012	4.193286682	4.696103889	4.225153074
Myo6	MYO6	4.091264967	4.777589417	4.436203012	4.737459092	4.658443166	4.284033266
Myo7a	MYO7A	3.602843836	3.408987266	3.510146324	4.084488666	3.753454394	3.706273732
Myo9b	MYO9B	5.455297886	4.145159234	4.145532614	4.702701458	4.23391141	3.956906946
Myorg	MYORG	4.711088618	4.39170543	5.050590043	4.737459092	4.853657745	4.838335991
Myrf	MYRF	4.938004346	4.691084662	4.299146326	4.667021062	4.310902149	4.284033266
Mysm1	MYSM1	4.437863651	3.83650285	4.145532614	3.832119018	3.919081189	4.44596579
Mzt2	MZT2B	2.292228873	4.39170543	3.510146324	3.292857758	4.441050082	4.394213984
N4bp1	N4BP1	4.091264967	4.691084662	4.436203012	3.759393139	4.347720348	4.098370521
N4bp2l1	N4BP2L1	4.437863651	4.691084662	5.206296207	4.193286682	4.648860167	5.142297742
N4bp2l2	N4BP2L2	4.437863651	4.777589417	4.673542613	4.38613548	4.441050082	4.225153074
Naa15	NAA15	4.091264967	4.691084662	3.970060753	4.084488666	4.335564778	4.340305924
Naa16	NAA16	5.132612588	4.000784638	4.299146326	4.140084684	3.792408556	3.879313446
Naa25	NAA25	5.132612588	4.274415856	4.299146326	4.140084684	4.094059111	3.500138199
Naa30	NAA30	4.091264967	4.39170543	3.970060753	4.340586378	4.033341529	4.098370521
Naa35	NAA35	3.602843836	3.83650285	3.510146324	3.832119018	3.713078272	3.879313446
Naa38	NAA38	4.091264967	5.008278679	3.763912372	3.759393139	4.47438987	4.54369877
Naa50	NAA50	3.602843836	4.858895188	4.560188889	3.681556414	4.667958021	4.54369877
Naa60	NAA60	4.711088618	4.777589417	5.590365196	4.86819141	5.109244296	4.947299018
Naa80	NAA80	5.832489373	5.143029108	5.891980982	5.293696035	5.820278847	5.861587929
Nab1	NAB1	5.717571651	5.913887648	5.645304244	5.097235377	5.634869735	6.00011817
Nab2	NAB2	4.091264967	4.145159234	4.299146326	5.293696035	4.72367206	5.201638223
Nabp1	NABP1	5.455297886	5.205791466	5.130626579	4.244315549	4.220611239	4.394213984
Nabp2	NABP2	4.091264967	4.274415856	3.970060753	3.900470853	4.648860167	4.340305924
Naca	NACA	4.938004346	5.323426062	4.560188889	4.737459092	5.496229424	5.17228453
Nacc1	NACC1	2.292228873	4.145159234	4.673542613	3.832119018	4.108777455	4.284033266
Nacc2	NACC2	4.091264967	3.83650285	3.970060753	4.193286682	4.108777455	3.706273732
Nadk	NADK	5.592511033	6.021188752	5.845954352	5.883823859	6.189977029	6.228373518
Nadk2	NADK2	6.217134759	6.48742995	5.845954352	5.360779987	5.965703069	5.708093218
Nadsyn1	NADSYN1	4.711088618	4.274415856	4.560188889	5.015745746	4.639207972	4.495741634
Nae1	NAE1	4.437863651	4.39170543	4.145532614	4.59267106	4.108777455	4.284033266
Naga	NAGA	5.132612588	5.3787305	5.698190108	5.293696035	4.941660401	5.17228453
Nagk	NAGK	3.602843836	4.598618344	4.436203012	4.702701458	4.528137589	4.719877086
Naglu	NAGLU	5.592511033	5.3787305	4.87505964	4.59267106	5.202128193	4.589975336
Nagpa	NAGPA	4.711088618	4.000784638	3.763912372	4.140084684	4.452258194	4.394213984
Nags	NAGS	4.091264967	4.598618344	4.299146326	4.59267106	4.56961092	5.201638223
Nans	NANS	2.292228873	3.83650285	3.165820411	3.292857758	3.936095152	3.956906946
Nap1l4	NAP1L4	4.437863651	4.598618344	4.436203012	4.771343338	4.418340269	4.677961688
Napa	NAPA	4.437863651	5.205791466	4.965627447	5.123365638	5.258723621	5.17228453
Napg	NAPG	4.437863651	3.091498835	3.763912372	4.193286682	4.165952177	4.029715045
Naprt	NAPRT	6.711290956	5.950559801	5.590365196	6.169840245	5.506596863	5.80595311
Narf	NARF	5.132612588	4.598618344	5.206296207	4.59267106	4.777172461	4.760526782
Nasp	NASP	2.292228873	3.408987266	3.763912372	3.832119018	3.773101672	4.029715045
Nat10	NAT10	5.717571651	3.408987266	4.145532614	4.59267106	3.985710867	4.589975336
Nat8f2	NAT8	5.592511033	5.913887648	6.285303664	4.55387734	6.224676945	5.416590921
Nat9	NAT9	4.711088618	4.777589417	4.299146326	4.430133851	4.59988523	4.44596579
Nav2	NAV2	4.711088618	5.265846922	4.87505964	5.898826989	5.426914089	5.602972942
Naxd	NAXD	4.938004346	4.935621319	5.473627628	5.247116631	5.491016961	5.048238323
Naxe	NAXE	4.711088618	5.077294272	4.145532614	4.86819141	5.20853125	4.677961688
Nbas	NBAS	2.292228873	4.000784638	4.145532614	4.293360774	4.429744728	4.719877086
Nbeal1	NBEAL1	4.437863651	4.49923408	4.145532614	4.987476573	4.639207972	4.495741634
Nbeal2	NBEAL2	3.602843836	3.091498835	3.510146324	3.900470853	3.183661984	3.500138199
Nbr1	NBR1	5.592511033	5.3787305	5.698190108	6.194313797	6.020674396	5.313237834
Ncaph2	NCAPH2	4.437863651	4.49923408	4.778048871	4.472692728	4.310902149	4.029715045
Ncbp1	NCBP1	2.292228873	3.83650285	4.299146326	3.900470853	4.001799157	3.706273732
Ncbp2	NCBP2	3.602843836	4.858895188	5.346327862	3.506312947	4.137695583	4.029715045
Ncdn	NCDN	4.437863651	3.83650285	3.165820411	3.759393139	3.952866194	4.340305924
Nceh1	NCEH1	4.091264967	4.274415856	4.87505964	4.340586378	4.696103889	4.677961688
Nck1	NCK1	5.132612588	4.145159234	3.970060753	3.832119018	3.830055489	4.029715045
Nckap1	NCKAP1	5.303241568	4.49923408	5.130626579	4.55387734	4.629485501	4.760526782
Ncl	NCL	3.602843836	5.431937627	3.970060753	4.244315549	5.038869068	4.838335991
Ncln	NCLN	6.037737533	5.3787305	5.278065415	6.408047441	5.557320685	5.535933184
Ncoa2	NCOA2	3.602843836	4.777589417	4.436203012	4.430133851	4.732737389	4.340305924
Ncoa3	NCOA3	4.091264967	3.83650285	3.763912372	4.38613548	4.260098036	4.54369877
Ncoa4	NCOA4	4.437863651	4.691084662	4.673542613	4.430133851	4.972309166	4.340305924
Ncoa5	NCOA5	4.091264967	4.39170543	4.299146326	3.506312947	4.220611239	4.029715045
Ncoa6	NCOA6	3.602843836	4.39170543	3.970060753	3.900470853	4.23391141	4.634693451
Ncor1	NCOR1	6.130250267	5.265846922	5.590365196	5.338773759	5.227565727	5.048238323
Ncor2	NCOR2	5.303241568	5.205791466	5.645304244	5.174194573	5.046070042	5.201638223
Ncstn	NCSTN	5.132612588	4.691084662	4.965627447	5.097235377	4.902360024	4.54369877
Ndel1	NDEL1	5.938807313	4.691084662	4.87505964	5.123365638	4.803149344	4.838335991
Ndfip1	NDFIP1	6.932274385	6.951015396	7.121325628	5.403782997	6.433128817	5.512859863
Ndfip2	NDFIP2	2.292228873	4.274415856	3.165820411	3.900470853	3.830055489	3.608305404
Ndor1	NDOR1	4.711088618	3.64434534	4.87505964	4.340586378	3.952866194	4.394213984
Ndrg1	NDRG1	4.437863651	4.39170543	3.970060753	3.506312947	3.6711476	4.225153074
Ndrg2	NDRG2	7.123778054	7.49865322	6.958811065	6.489300208	7.257072276	6.692769247
Ndst1	NDST1	5.592511033	6.183831903	5.749173232	5.999643414	6.16420106	6.375273516
Ndst2	NDST2	3.602843836	3.64434534	3.970060753	4.430133851	3.848420524	3.956906946
Ndufa1	NDUFA1	4.711088618	6.15275112	5.936565594	5.316416351	5.881036532	5.708093218
Ndufa10	NDUFA10	5.132612588	5.913887648	5.473627628	4.293360774	5.547320755	4.799989364
Ndufa11	NDUFA11	3.602843836	4.39170543	4.145532614	4.55387734	5.088505083	5.015407237
Ndufa12	NDUFA12	4.437863651	4.691084662	4.778048871	4.244315549	4.750687228	4.284033266
Ndufa13	NDUFA13	6.769803104	7.228613302	6.915142234	6.790974328	7.628499139	7.229768724
Ndufa2	NDUFA2	4.938004346	6.583618879	6.416628544	5.637396796	6.267656878	5.949734918
Ndufa3	NDUFA3	6.586589754	6.384322488	5.979796879	6.106757528	6.586311001	6.449473282
Ndufa4	NDUFA4	4.437863651	5.532670511	5.050590043	4.084488666	5.426914089	4.838335991
Ndufa5	NDUFA5	4.938004346	5.75694536	4.436203012	4.59267106	5.0603603	4.799989364
Ndufa6	NDUFA6	5.592511033	6.651752694	6.620955555	6.469414622	6.514312118	6.828559731
Ndufa7	NDUFA7	3.602843836	5.323426062	4.778048871	5.174194573	5.672105977	5.2861627
Ndufa8	NDUFA8	6.130250267	6.819064754	5.891980982	5.774121432	6.230896556	6.199965341
Ndufab1	NDUFAB1	4.437863651	4.39170543	3.970060753	4.513911063	4.506901571	4.495741634
Ndufaf3	NDUFAF3	3.602843836	3.83650285	3.165820411	3.965024055	3.773101672	4.098370521
Ndufaf4	NDUFAF4	4.091264967	4.000784638	4.436203012	3.759393139	4.23391141	4.163379181
Ndufaf8	NDUFAF8	5.592511033	5.431937627	4.673542613	4.55387734	4.658443166	4.911934359
Ndufb10	NDUFB10	5.717571651	6.273215603	5.590365196	4.899001256	5.681264022	5.2861627
Ndufb11	NDUFB11	4.711088618	4.49923408	5.130626579	4.737459092	4.964710879	4.44596579
Ndufb2	NDUFB2	4.437863651	4.274415856	3.970060753	3.900470853	4.371692044	4.394213984
Ndufb5	NDUFB5	3.602843836	4.777589417	4.673542613	3.900470853	4.59988523	3.879313446
Ndufb6	NDUFB6	5.717571651	6.819064754	6.285303664	5.525421762	5.865086586	5.897504338
Ndufb7	NDUFB7	5.717571651	6.695442815	5.473627628	5.403782997	5.865086586	5.365866194
Ndufb8	NDUFB8	5.832489373	5.913887648	5.845954352	5.403782997	5.853005654	5.465548216
Ndufb9	NDUFB9	6.217134759	7.104614467	6.285303664	5.445508409	6.154413963	6.01652452
Ndufc1	NDUFC1	3.602843836	4.777589417	4.560188889	4.293360774	5.109244296	3.956906946
Ndufc2	NDUFC2	5.455297886	5.797835345	5.411419086	5.198928573	5.667504653	5.465548216
Ndufs1	NDUFS1	4.437863651	4.39170543	4.965627447	4.737459092	4.23391141	4.340305924
Ndufs2	NDUFS2	5.132612588	6.15275112	5.891980982	5.198928573	5.717315535	5.687684177
Ndufs3	NDUFS3	5.938807313	5.205791466	5.473627628	4.929131951	5.426914089	5.048238323
Ndufs4	NDUFS4	3.602843836	4.691084662	4.560188889	4.737459092	4.957070321	5.015407237
Ndufs5	NDUFS5	4.091264967	4.858895188	3.510146324	3.681556414	4.220611239	4.029715045
Ndufs6	NDUFS6	2.292228873	5.205791466	4.778048871	3.965024055	4.485316891	4.589975336
Ndufs7	NDUFS7	5.132612588	4.858895188	5.278065415	5.424800519	5.221249743	5.48940264
Ndufs8	NDUFS8	4.091264967	5.008278679	4.778048871	4.430133851	5.342441473	4.9817748
Ndufv1	NDUFV1	4.711088618	5.986311642	5.845954352	5.097235377	5.44321566	5.17228453
Ndufv2	NDUFV2	5.592511033	4.935621319	4.673542613	3.900470853	4.383512751	4.163379181
Ndufv3	NDUFV3	6.299041974	6.673763899	5.53320357	5.757734578	6.273692821	6.412853534
Necab1	NECAB1	4.437863651	3.83650285	4.145532614	3.597638182	3.969402258	4.029715045
Necap1	NECAP1	4.437863651	4.49923408	4.673542613	4.293360774	4.57977929	4.589975336
Necap2	NECAP2	2.292228873	3.408987266	3.165820411	3.965024055	3.6711476	3.500138199
Nectin1	NECTIN1	5.455297886	5.714842213	5.749173232	6.230256216	5.912409922	5.843283838
Nectin2	NECTIN2	5.132612588	5.671450398	5.749173232	5.985670459	5.828531452	5.2861627
Nectin3	NECTIN3	5.132612588	4.777589417	5.206296207	4.630363967	4.987380864	4.54369877
Nedd4	NEDD4	5.132612588	4.39170543	3.763912372	5.043446632	5.067450382	4.760526782
Nedd4l	NEDD4L	5.938807313	5.913887648	5.130626579	5.247116631	5.116088944	5.230385876
Nedd8	NEDD8	5.303241568	5.143029108	4.436203012	4.667021062	5.464661319	5.391457635
Nek1	NEK1	3.602843836	4.000784638	4.145532614	3.900470853	3.884290412	3.500138199
Nek4	NEK4	2.292228873	3.83650285	3.763912372	4.193286682	3.733451903	3.706273732
Nek6	NEK6	6.130250267	4.858895188	5.411419086	5.247116631	5.653610283	5.465548216
Nek7	NEK7	4.091264967	4.39170543	5.130626579	3.965024055	4.298390021	4.098370521
Nek8	NEK8	4.437863651	3.091498835	3.165820411	4.293360774	3.558435071	3.706273732
Nek9	NEK9	4.437863651	4.145159234	4.436203012	4.026238469	4.207168762	3.796124561
Nelfa	NELFA	3.602843836	4.000784638	3.510146324	4.084488666	3.952866194	4.495741634
Nelfb	NELFB	5.132612588	5.008278679	4.778048871	4.667021062	4.272990782	4.44596579
Nelfcd	NELFCD	2.292228873	3.408987266	3.970060753	3.965024055	4.137695583	4.54369877
Nelfe	NELFE	2.292228873	4.691084662	4.560188889	4.987476573	4.714545298	4.719877086
Nemf	NEMF	4.938004346	4.49923408	4.673542613	4.38613548	4.323292875	4.284033266
Nenf	NENF	4.437863651	5.431937627	5.53320357	4.86819141	5.009683266	5.048238323
Neo1	NEO1	3.602843836	3.091498835	2.292228873	3.832119018	3.581976371	3.956906946
Net1	NET1	4.938004346	5.950559801	4.965627447	5.015745746	5.694891035	5.465548216
Neu1	NEU1	3.602843836	5.532670511	4.560188889	5.382446192	4.768401571	4.340305924
Neurl1a	NEURL1	4.437863651	3.64434534	3.510146324	4.958614196	3.146804666	3.500138199
Neurl2	NEURL2	2.292228873	3.091498835	3.165820411	4.026238469	3.218881094	3.956906946
Neurl4	NEURL4	4.437863651	3.091498835	4.145532614	4.55387734	3.811388859	3.956906946
Nf1	NF1	4.091264967	3.64434534	3.970060753	4.244315549	4.094059111	4.163379181
Nf2	NF2	5.455297886	5.008278679	5.346327862	5.015745746	4.861896491	5.2861627
Nfat5	NFAT5	5.592511033	4.39170543	4.436203012	5.123365638	4.452258194	4.760526782
Nfatc1	NFATC1	2.292228873	3.408987266	3.970060753	4.140084684	3.649551982	3.796124561
Nfe2	NFE2	2.292228873	2.292228873	3.165820411	3.965024055	3.346584847	4.340305924
Nfe2l1	NFE2L1	6.519926337	6.12097931	5.936565594	5.757734578	5.935494421	5.915128259
Nfe2l2	NFE2L2	6.519926337	5.431937627	5.206296207	5.724382011	5.336624897	4.54369877
Nfia	NFIA	4.437863651	4.935621319	5.050590043	5.505864328	5.931672897	5.80595311
Nfib	NFIB	5.592511033	5.008278679	4.87505964	4.86819141	5.415940405	5.465548216
Nfic	NFIC	4.711088618	5.75694536	5.645304244	5.806338484	5.900725789	6.032744293
Nfil3	NFIL3	3.602843836	5.714842213	3.510146324	3.900470853	4.406834785	4.029715045
Nfix	NFIX	4.711088618	5.143029108	4.778048871	4.630363967	5.277089914	4.911934359
Nfkb1	NFKB1	3.602843836	3.83650285	3.970060753	4.38613548	4.429744728	4.340305924
Nfkb2	NFKB2	3.602843836	5.205791466	4.778048871	4.084488666	3.792408556	4.098370521
Nfkbia	NFKBIA	5.938807313	6.244037217	5.130626579	5.097235377	5.270994609	5.365866194
Nfkbib	NFKBIB	4.437863651	3.83650285	3.970060753	3.900470853	4.359761994	4.677961688
Nfkbil1	NFKBIL1	4.091264967	4.145159234	4.436203012	4.293360774	3.218881094	3.608305404
Nfkbiz	NFKBIZ	3.602843836	4.274415856	3.763912372	4.702701458	4.57977929	4.495741634
Nfrkb	NFRKB	4.091264967	3.408987266	3.763912372	3.900470853	3.581976371	4.029715045
Nfs1	NFS1	3.602843836	4.145159234	3.970060753	4.084488666	4.406834785	3.956906946
Nfx1	NFX1	5.303241568	4.49923408	5.411419086	5.465915875	4.528137589	4.719877086
Nfxl1	NFXL1	3.602843836	4.39170543	5.411419086	4.293360774	4.165952177	4.394213984
Nfyb	NFYB	4.091264967	5.205791466	5.346327862	4.667021062	4.845368866	5.64596224
Nfyc	NFYC	3.602843836	3.83650285	4.299146326	4.026238469	3.901815905	3.956906946
Ngdn	NGDN	3.602843836	3.64434534	3.510146324	3.832119018	3.848420524	4.098370521
Ngef	NGEF	4.091264967	4.145159234	5.206296207	5.6728344	5.258723621	5.339799106
Ngf	NGF	4.711088618	3.83650285	4.673542613	5.563741544	3.830055489	5.048238323
Ngly1	NGLY1	4.437863651	4.691084662	3.970060753	4.38613548	4.359761994	4.340305924
Ngrn	NGRN	4.091264967	3.64434534	3.763912372	3.965024055	4.108777455	4.225153074
Nhej1	NHEJ1	4.437863651	3.408987266	3.510146324	3.900470853	3.375808356	3.378600384
Nhlrc2	NHLRC2	4.437863651	4.777589417	4.560188889	4.59267106	4.323292875	4.284033266
Nid1	NID1	3.602843836	3.83650285	4.145532614	7.364190675	6.740019428	6.283551535
Nid2	NID2	4.091264967	4.145159234	3.510146324	3.900470853	3.285101813	3.378600384
Nifk	NIFK	4.711088618	4.274415856	4.145532614	3.006723736	4.001799157	3.956906946
Ninj1	NINJ1	5.132612588	5.837581133	5.050590043	5.382446192	6.347070134	6.336681136
Nipa2	NIPA2	2.292228873	3.83650285	4.299146326	3.832119018	4.247072608	4.098370521
Nipbl	NIPBL	4.711088618	4.000784638	4.299146326	4.244315549	4.285753821	4.284033266
Nipsnap1	NIPSNAP1	6.130250267	6.301810971	5.845954352	5.58251833	6.013466183	5.580978012
Nipsnap2	NIPSNAP2	5.455297886	3.83650285	4.145532614	4.193286682	3.884290412	4.163379181
Nipsnap3b	NIPSNAP3B	4.437863651	4.145159234	4.436203012	4.026238469	4.609825279	4.284033266
Nisch	NISCH	6.880131208	6.536330397	6.674362744	6.343934444	6.258554958	6.256228482
Nit1	NIT1	5.592511033	5.205791466	5.845954352	5.690226104	5.557320685	5.465548216
Nit2	NIT2	4.711088618	4.858895188	4.87505964	5.223230826	5.70390345	5.142297742
Nkapd1	NKAPD1	4.437863651	3.83650285	3.970060753	4.193286682	3.713078272	4.029715045
Nkiras1	NKIRAS1	4.711088618	4.49923408	4.145532614	4.702701458	4.418340269	4.677961688
Nkiras2	NKIRAS2	4.437863651	4.598618344	4.145532614	4.140084684	4.463370872	4.760526782
Nktr	NKTR	4.091264967	5.077294272	4.778048871	4.929131951	5.202128193	5.2861627
Nle1	NLE1	4.938004346	3.83650285	4.145532614	4.340586378	3.316379787	3.608305404
Nlk	NLK	4.091264967	4.000784638	3.165820411	3.405683862	3.558435071	3.956906946
Nln	NLN	2.292228873	4.000784638	3.763912372	3.900470853	3.830055489	3.378600384
Nlrc5	NLRC5	2.292228873	4.598618344	5.645304244	5.999643414	5.295217939	5.391457635
Nlrp12	NLRP12	4.938004346	3.091498835	3.165820411	4.293360774	4.78588688	4.225153074
Nlrp6	NLRP6	5.455297886	6.357343366	6.285303664	6.288223546	6.154413963	6.461474898
Nmd3	NMD3	3.602843836	3.64434534	4.145532614	3.759393139	4.048808169	4.029715045
Nme1	NME1	5.132612588	5.143029108	4.778048871	4.55387734	5.233853228	4.799989364
Nme2	NME2	4.938004346	4.777589417	4.965627447	4.084488666	4.619691648	4.284033266
Nme6	NME6	3.602843836	3.408987266	4.145532614	3.965024055	4.395226294	4.394213984
Nmi	NMI	4.091264967	4.39170543	3.165820411	3.900470853	4.179842907	4.340305924
Nmnat3	NMNAT3	2.292228873	3.83650285	4.560188889	4.026238469	3.581976371	3.956906946
Nmrk1	NMRK1	5.303241568	4.691084662	5.798387868	4.472692728	4.941660401	4.284033266
Nmt1	NMT1	5.303241568	5.008278679	5.130626579	4.472692728	5.149814489	5.365866194
Nmt2	NMT2	4.091264967	3.091498835	3.763912372	4.084488666	3.901815905	4.340305924
Nnmt	NNMT	4.091264967	5.143029108	3.510146324	2.800007094	5.258723621	5.080306881
Nnt	NNT	4.437863651	5.077294272	4.778048871	5.360779987	4.828638107	4.9817748
Noc2l	NOC2L	4.938004346	4.145159234	4.145532614	5.015745746	4.429744728	5.080306881
Noct	NOCT	4.091264967	6.055233373	3.510146324	3.162995548	4.828638107	4.838335991
Nod1	NOD1	3.602843836	4.49923408	3.970060753	4.293360774	4.23391141	3.956906946
Nol12	NOL12	3.602843836	4.39170543	4.145532614	3.006723736	3.792408556	4.225153074
Nol7	NOL7	2.292228873	4.145159234	4.145532614	4.293360774	4.57977929	4.44596579
Nol9	NOL9	3.602843836	4.000784638	3.970060753	4.140084684	3.604991145	3.879313446
Nom1	NOM1	2.292228873	4.691084662	3.763912372	4.193286682	4.017673899	4.163379181
Nomo1	NOMO3	4.091264967	4.39170543	5.278065415	5.174194573	5.116088944	4.838335991
Nono	NONO	4.437863651	5.077294272	4.87505964	4.737459092	5.046070042	4.799989364
Nop16	NOP16	4.437863651	4.49923408	3.763912372	3.832119018	4.165952177	4.719877086
Nop2	NOP2	3.602843836	4.274415856	4.560188889	3.681556414	4.033341529	4.098370521
Nop53	NOP53	5.592511033	5.986311642	5.845954352	6.621277633	5.712858923	5.915128259
Nop56	NOP56	4.938004346	4.145159234	5.130626579	4.702701458	4.151904426	4.163379181
Nop58	NOP58	4.091264967	4.935621319	5.050590043	4.472692728	4.048808169	4.284033266
Nos1ap	NOS1AP	3.602843836	4.49923408	4.965627447	4.084488666	4.017673899	4.54369877
Nosip	NOSIP	4.091264967	4.39170543	3.970060753	4.340586378	4.151904426	3.608305404
Nostrin	NOSTRIN	3.602843836	2.292228873	3.763912372	4.140084684	4.371692044	4.029715045
Notch1	NOTCH1	5.455297886	4.39170543	4.436203012	5.270600463	4.371692044	5.015407237
Notch2	NOTCH2	4.938004346	4.858895188	5.130626579	5.619339583	5.095452721	4.760526782
Notum	NOTUM	5.455297886	4.49923408	4.436203012	4.140084684	4.47438987	5.64596224
Npc1	NPC1	6.932274385	7.021313351	6.620955555	6.556805751	5.995284625	5.580978012
Npc2	NPC2	4.437863651	5.48320442	5.698190108	5.942910413	6.124643939	5.897504338
Npdc1	NPDC1	5.303241568	4.935621319	5.473627628	5.382446192	4.048808169	3.706273732
Npepl1	NPEPL1	5.455297886	5.913887648	5.798387868	5.525421762	5.354002693	5.416590921
Npepps	NPEPPS	4.437863651	4.274415856	3.970060753	4.140084684	3.952866194	4.029715045
Nploc4	NPLOC4	4.437863651	4.777589417	5.346327862	4.737459092	5.046070042	4.760526782
Npr1	NPR1	2.292228873	2.292228873	3.510146324	3.900470853	3.458330152	3.500138199
Npr2	NPR2	4.938004346	4.691084662	4.436203012	4.193286682	3.901815905	4.875631332
Nprl3	NPRL3	4.437863651	3.83650285	5.050590043	4.193286682	3.901815905	4.225153074
Nptn	NPTN	2.292228873	4.39170543	4.145532614	4.59267106	4.794545591	4.719877086
Nqo2	NQO2	4.938004346	5.323426062	4.673542613	5.015745746	5.324918783	5.365866194
Nr0b2	NR0B2	4.938004346	5.532670511	4.965627447	5.382446192	5.459330466	6.437370348
Nr1d1	NR1D1	6.217134759	5.714842213	6.062515049	6.782949095	6.35278105	5.824741032
Nr1d2	NR1D2	5.938807313	5.265846922	5.936565594	5.65522648	5.289201345	5.230385876
Nr1h2	NR1H2	5.132612588	4.274415856	5.346327862	5.223230826	4.696103889	4.838335991
Nr1h3	NR1H3	5.303241568	4.598618344	5.278065415	5.690226104	5.453979345	5.64596224
Nr1h4	NR1H4	6.299041974	5.077294272	5.278065415	5.360779987	5.653610283	5.416590921
Nr1i2	NR1I2	6.711290956	5.077294272	5.473627628	5.015745746	4.820194892	5.602972942
Nr1i3	NR1I3	6.450013302	5.626687005	6.725854739	6.439059386	6.073605516	6.496888553
Nr2c1	NR2C1	2.292228873	3.83650285	3.165820411	3.965024055	4.207168762	3.956906946
Nr2c2ap	NR2C2AP	4.091264967	4.000784638	4.299146326	3.506312947	4.048808169	4.394213984
Nr2f2	NR2F2	2.292228873	4.49923408	3.970060753	4.55387734	4.371692044	4.760526782
Nr2f6	NR2F6	5.717571651	5.837581133	5.473627628	5.985670459	5.877065778	5.932536696
Nr3c1	NR3C1	3.602843836	4.39170543	4.965627447	4.430133851	4.78588688	4.677961688
Nr3c2	NR3C2	4.437863651	4.39170543	4.299146326	4.899001256	4.629485501	4.54369877
Nr5a2	NR5A2	4.711088618	5.077294272	5.050590043	4.86819141	4.861896491	5.080306881
Nr6a1	NR6A1	4.437863651	3.83650285	4.436203012	3.900470853	3.627507726	3.796124561
Nras	NRAS	3.602843836	3.83650285	4.436203012	4.38613548	4.017673899	4.495741634
Nrbf2	NRBF2	4.091264967	4.49923408	4.560188889	3.900470853	4.463370872	4.799989364
Nrbp1	NRBP1	2.292228873	4.000784638	3.970060753	4.737459092	4.07916153	4.340305924
Nrbp2	NRBP2	6.037737533	5.714842213	6.021755502	6.054205207	5.448607797	5.786913403
Nrg1	NRG1	5.303241568	3.408987266	3.970060753	4.026238469	3.534336095	3.706273732
Nrg4	NRG4	4.711088618	4.49923408	4.299146326	5.015745746	4.609825279	4.760526782
Nrn1	NRN1	6.376515331	6.758582931	6.44766158	8.04843891	8.05853969	8.35330968
Nrp1	NRP1	3.602843836	3.64434534	3.763912372	3.292857758	4.179842907	4.634693451
Nrp2	NRP2	2.292228873	3.408987266	3.510146324	4.430133851	3.936095152	4.029715045
Nsd1	NSD1	4.938004346	5.323426062	5.346327862	5.741156304	5.324918783	5.512859863
Nsd2	NSD2	3.602843836	4.000784638	4.436203012	3.900470853	3.848420524	3.956906946
Nsd3	NSD3	5.132612588	6.055233373	6.021755502	5.637396796	5.877065778	5.767614962
Nsdhl	NSDHL	3.602843836	4.274415856	4.436203012	5.198928573	5.354002693	5.767614962
Nsf	NSF	4.091264967	4.145159234	2.292228873	3.832119018	3.733451903	4.163379181
Nsfl1c	NSFL1C	5.132612588	4.777589417	5.130626579	5.097235377	4.383512751	4.9817748
Nsmaf	NSMAF	4.711088618	4.274415856	3.970060753	4.430133851	4.001799157	4.098370521
Nsmce2	NSMCE2	5.132612588	4.145159234	4.87505964	4.193286682	4.247072608	4.163379181
Nsmce4a	NSMCE4A	4.711088618	3.64434534	4.299146326	3.681556414	4.298390021	4.163379181
Nsmf	NSMF	5.592511033	6.183831903	5.473627628	5.999643414	5.694891035	5.915128259
Nsrp1	NSRP1	3.602843836	3.83650285	3.970060753	3.965024055	3.969402258	3.956906946
Nsun2	NSUN2	4.437863651	4.777589417	4.560188889	4.244315549	4.418340269	3.500138199
Nsun5	NSUN5	4.711088618	3.83650285	3.763912372	3.965024055	3.558435071	3.500138199
Nt5c	NT5C	3.602843836	4.777589417	4.965627447	4.630363967	4.347720348	4.340305924
Nt5c2	NT5C2	5.303241568	4.39170543	4.299146326	4.193286682	4.23391141	4.029715045
Nt5c3	NT5C3A	4.091264967	4.39170543	4.778048871	4.026238469	4.123321403	3.608305404
Nt5dc1	NT5DC1	3.602843836	3.83650285	4.965627447	4.244315549	4.207168762	4.394213984
Nt5dc3	NT5DC3	4.437863651	4.691084662	3.763912372	4.340586378	3.919081189	3.796124561
Nt5e	NT5E	4.711088618	3.408987266	3.510146324	4.38613548	5.324918783	3.706273732
Nt5m	NT5M	4.437863651	4.598618344	2.292228873	3.292857758	3.848420524	4.098370521
Ntan1	NTAN1	4.437863651	3.83650285	3.763912372	3.832119018	3.252644226	3.069261795
Ntmt1	NTMT1	4.091264967	3.091498835	4.145532614	4.244315549	3.848420524	3.608305404
Ntn3	NTN3	3.602843836	4.145159234	4.145532614	4.026238469	4.033341529	3.879313446
Nub1	NUB1	4.711088618	5.008278679	4.436203012	4.59267106	4.629485501	4.799989364
Nubp1	NUBP1	5.592511033	4.858895188	4.436203012	4.55387734	4.609825279	4.875631332
Nubp2	NUBP2	4.091264967	4.691084662	3.970060753	4.140084684	4.506901571	3.879313446
Nucb1	NUCB1	6.217134759	6.737843052	6.725854739	7.174973627	7.545163223	7.344147889
Nucb2	NUCB2	2.292228873	3.091498835	4.436203012	3.832119018	3.713078272	3.378600384
Nucks1	NUCKS1	4.091264967	4.39170543	5.130626579	3.832119018	4.589870308	4.098370521
Nudc	NUDC	5.592511033	6.055233373	4.965627447	5.149012642	5.756807139	5.879659457
Nudcd2	NUDCD2	3.602843836	4.49923408	4.145532614	3.965024055	4.207168762	4.029715045
Nudcd3	NUDCD3	5.132612588	5.143029108	4.87505964	4.630363967	4.648860167	4.875631332
Nudt1	NUDT1	3.602843836	3.408987266	4.299146326	3.900470853	3.901815905	3.706273732
Nudt12	NUDT12	5.455297886	4.858895188	5.050590043	4.702701458	4.696103889	4.54369877
Nudt13	NUDT13	4.091264967	4.777589417	4.299146326	4.513911063	4.151904426	3.879313446
Nudt16l1	NUDT16L1	5.455297886	4.39170543	4.673542613	4.472692728	4.371692044	3.879313446
Nudt18	NUDT18	4.938004346	5.265846922	4.673542613	5.174194573	4.750687228	5.111648885
Nudt19	NUDT19	2.292228873	4.000784638	4.145532614	3.965024055	3.969402258	3.879313446
Nudt3	NUDT3	5.832489373	5.48320442	5.473627628	5.198928573	4.845368866	4.911934359
Nudt4	NUDT4	5.303241568	6.651752694	6.062515049	5.757734578	5.694891035	5.708093218
Nudt7	NUDT7	6.769803104	6.244037217	6.565484421	5.999643414	6.700313929	6.608992256
Nudt9	NUDT9	4.711088618	5.532670511	5.130626579	4.702701458	5.227565727	5.258552798
Nufip1	NUFIP1	4.091264967	4.000784638	4.560188889	3.900470853	3.848420524	4.098370521
Nufip2	NUFIP2	4.091264967	4.691084662	4.299146326	3.900470853	4.957070321	4.9817748
Numa1	NUMA1	6.130250267	4.274415856	5.411419086	4.929131951	4.714545298	5.080306881
Numb	NUMB	4.711088618	4.598618344	3.970060753	4.630363967	4.619691648	4.54369877
Nup133	NUP133	2.292228873	3.408987266	3.970060753	3.832119018	3.534336095	3.500138199
Nup155	NUP155	2.292228873	3.64434534	4.299146326	3.965024055	4.06407965	3.378600384
Nup188	NUP188	2.292228873	3.408987266	4.299146326	3.759393139	3.484323889	3.956906946
Nup210	NUP210	5.717571651	4.598618344	4.299146326	3.292857758	4.137695583	4.284033266
Nup214	NUP214	4.437863651	4.000784638	4.436203012	4.084488666	3.919081189	3.500138199
Nup50	NUP50	3.602843836	4.274415856	3.763912372	4.026238469	4.285753821	4.340305924
Nup54	NUP54	3.602843836	3.408987266	4.778048871	4.293360774	4.108777455	4.284033266
Nup85	NUP85	4.437863651	3.64434534	3.970060753	4.140084684	3.649551982	4.098370521
Nup88	NUP88	4.711088618	3.64434534	4.299146326	3.832119018	3.866495286	3.500138199
Nup98	NUP98	3.602843836	4.274415856	4.299146326	3.965024055	4.094059111	3.706273732
Nus1	NUS1	4.437863651	4.691084662	4.87505964	5.465915875	5.074504286	5.687684177
Nvl	NVL	4.091264967	4.691084662	4.560188889	4.244315549	4.048808169	4.225153074
Nxf1	NXF1	5.938807313	5.48320442	5.645304244	5.942910413	5.046070042	5.17228453
Nxn	NXN	2.292228873	2.292228873	2.292228873	3.900470853	3.534336095	3.796124561
Nxpe2	NXPE2	2.292228873	3.091498835	3.763912372	3.292857758	4.56961092	4.098370521
Oaf	OAF	6.450013302	6.968914599	7.04236181	7.112353743	7.733699713	7.973411695
Oard1	OARD1	4.437863651	4.000784638	4.560188889	4.430133851	4.179842907	3.956906946
Oasl1	OASL	4.091264967	4.274415856	3.510146324	3.900470853	4.463370872	3.879313446
Oat	OAT	4.091264967	3.83650285	3.970060753	4.340586378	5.002289206	5.080306881
Oaz1	OAZ1	6.037737533	6.410802978	6.102142844	5.853334489	6.111211047	6.485180904
Oaz2	OAZ2	4.091264967	3.091498835	3.165820411	3.900470853	3.811388859	3.956906946
Ociad1	OCIAD1	5.132612588	4.858895188	5.346327862	5.174194573	5.453979345	4.875631332
Ociad2	OCIAD2	4.711088618	4.000784638	4.145532614	4.472692728	4.677405762	3.378600384
Ocln	OCLN	5.132612588	4.935621319	4.965627447	4.86819141	4.837029207	4.284033266
Ocrl	OCRL	2.292228873	3.408987266	3.165820411	3.900470853	3.604991145	3.879313446
Ocstamp	OCSTAMP	2.292228873	3.091498835	2.292228873	5.54471171	3.375808356	3.956906946
Odc1	ODC1	3.602843836	5.431937627	4.436203012	4.630363967	4.949386997	4.9817748
Odf2	ODF2	4.437863651	4.274415856	4.145532614	3.900470853	3.6711476	4.394213984
Odr4	ODR4	4.437863651	4.39170543	3.970060753	4.59267106	4.06407965	4.394213984
Oga	OGA	5.717571651	4.858895188	4.965627447	5.123365638	4.72367206	4.225153074
Ogdh	OGDH	6.037737533	6.410802978	5.645304244	5.338773759	5.916283421	5.416590921
Ogfod1	OGFOD1	5.132612588	3.408987266	3.970060753	3.681556414	4.017673899	4.284033266
Ogfod2	OGFOD2	4.938004346	4.691084662	4.560188889	4.140084684	4.123321403	4.875631332
Ogfod3	OGFOD3	4.091264967	4.274415856	3.510146324	4.140084684	3.773101672	3.879313446
Ogfr	OGFR	4.091264967	4.858895188	5.050590043	5.149012642	4.994855223	4.9817748
Ogt	OGT	5.832489373	5.671450398	5.936565594	5.757734578	5.189233058	5.391457635
Ola1	OLA1	4.091264967	4.274415856	4.145532614	3.681556414	4.335564778	4.163379181
Olfml1	OLFML1	4.091264967	4.145159234	4.299146326	4.140084684	4.347720348	3.500138199
Oma1	OMA1	2.292228873	3.64434534	3.763912372	3.597638182	3.969402258	4.163379181
Onecut1	ONECUT1	3.602843836	3.83650285	6.021755502	4.244315549	5.36546935	4.875631332
Onecut2	ONECUT2	5.303241568	5.431937627	4.87505964	4.084488666	5.840821214	5.535933184
Opa1	OPA1	4.437863651	4.49923408	4.299146326	4.026238469	4.452258194	4.394213984
Opa3	OPA3	4.091264967	3.64434534	3.970060753	4.140084684	4.179842907	4.340305924
Oplah	OPLAH	5.132612588	5.626687005	5.278065415	5.424800519	5.149814489	5.339799106
Optn	OPTN	6.450013302	5.265846922	5.936565594	5.724382011	5.464661319	5.879659457
Orai1	ORAI1	3.602843836	3.83650285	4.299146326	4.193286682	4.549036926	4.54369877
Orai3	ORAI3	3.602843836	4.777589417	3.763912372	4.771343338	4.686787391	4.634693451
Orc3	ORC3	4.938004346	3.64434534	3.165820411	4.293360774	3.6711476	3.378600384
Orc4	ORC4	4.711088618	4.274415856	4.87505964	4.804399523	4.033341529	4.340305924
Orc5	ORC5	4.938004346	3.83650285	4.145532614	3.832119018	3.534336095	3.500138199
Orm1	ORM2	8.119207356	9.022995291	9.137904256	6.449249377	9.256677674	9.554789333
Ormdl3	ORMDL3	6.217134759	5.75694536	5.936565594	5.58251833	5.596626999	5.48940264
Os9	OS9	6.650293701	6.838672662	6.725854739	7.487694837	6.936930499	7.479843643
Osbp	OSBP	4.938004346	4.49923408	5.346327862	4.899001256	5.067450382	4.634693451
Osbpl1a	OSBPL1A	5.717571651	5.580460698	5.798387868	5.757734578	5.730601941	5.580978012
Osbpl2	OSBPL2	4.437863651	3.64434534	4.436203012	4.026238469	3.733451903	3.706273732
Osbpl3	OSBPL3	5.832489373	5.714842213	5.749173232	5.822177099	3.936095152	3.956906946
Osbpl8	OSBPL8	5.303241568	5.143029108	5.050590043	4.340586378	4.589870308	4.589975336
Osbpl9	OSBPL9	4.938004346	4.598618344	4.436203012	4.59267106	5.074504286	4.947299018
Oser1	OSER1	4.437863651	4.49923408	3.970060753	4.026238469	4.137695583	3.956906946
Osgin1	OSGIN1	7.675553313	7.038363876	7.606031593	8.624762914	7.609599679	7.508978838
Ost4	OST4	4.437863651	4.000784638	3.970060753	3.832119018	4.418340269	4.394213984
Ostc	OSTC	5.132612588	4.598618344	5.206296207	5.097235377	5.726186956	5.624630897
Ostf1	OSTF1	4.437863651	4.598618344	4.436203012	4.193286682	4.559363906	4.44596579
Otc	OTC	5.592511033	6.436803053	5.698190108	4.59267106	6.246328298	5.535933184
Otub1	OTUB1	4.711088618	4.274415856	4.673542613	4.55387734	4.609825279	4.340305924
Otud4	OTUD4	4.091264967	3.83650285	4.299146326	3.759393139	4.285753821	4.284033266
Otud5	OTUD5	5.132612588	4.39170543	4.965627447	4.340586378	4.07916153	4.394213984
Otud7b	OTUD7B	4.437863651	5.431937627	4.436203012	4.771343338	5.046070042	4.634693451
Otulin	OTULIN	5.717571651	5.837581133	5.845954352	4.987476573	4.987380864	5.080306881
Oxa1l	OXA1L	4.711088618	4.858895188	4.673542613	4.59267106	4.837029207	4.54369877
Oxr1	OXR1	5.592511033	4.49923408	4.965627447	5.174194573	4.732737389	4.719877086
Oxsm	OXSM	2.292228873	4.777589417	4.436203012	3.759393139	4.335564778	3.500138199
Oxsr1	OXSR1	4.091264967	4.145159234	4.299146326	4.244315549	3.884290412	3.956906946
P2rx4	P2RX4	6.217134759	6.15275112	5.473627628	6.766762906	6.475603372	6.199965341
P2ry2	P2RY2	2.292228873	3.408987266	3.970060753	4.084488666	4.07916153	3.956906946
P3h1	P3H1	4.091264967	4.274415856	4.436203012	4.38613548	4.53862862	4.284033266
P4ha1	P4HA1	4.437863651	3.64434534	3.970060753	4.140084684	4.207168762	4.163379181
P4ha2	P4HA2	2.292228873	3.091498835	4.145532614	3.900470853	3.218881094	3.956906946
P4hb	P4HB	9.235306484	9.169300501	9.193713228	9.181201046	9.033043402	9.484705059
Pa2g4	PA2G4	4.091264967	4.39170543	3.165820411	3.597638182	3.830055489	3.956906946
Pabpc4	PABPC4	4.091264967	5.143029108	4.87505964	5.360779987	4.57977929	5.048238323
Pabpn1	PABPN1	8.185070792	6.436803053	7.4918714	7.492617981	5.958210741	6.712971504
Pacsin2	PACSIN2	5.132612588	5.077294272	5.411419086	5.174194573	5.426914089	4.875631332
Pacsin3	PACSIN3	5.832489373	5.3787305	5.050590043	5.223230826	4.926075331	5.258552798
Paf1	PAF1	4.711088618	4.000784638	3.165820411	4.193286682	3.985710867	4.163379181
Pafah1b1	PAFAH1B1	5.717571651	4.145159234	4.299146326	4.472692728	4.452258194	4.340305924
Pafah1b2	PAFAH1B2	2.292228873	3.83650285	3.970060753	3.900470853	4.123321403	4.098370521
Pafah2	PAFAH2	5.132612588	5.205791466	5.53320357	4.929131951	5.270994609	4.838335991
Pah	PAH	8.732120331	7.846932311	7.04236181	6.242039077	7.210774513	6.891928289
Paip1	PAIP1	4.437863651	4.49923408	4.965627447	4.55387734	4.994855223	4.760526782
Paip2	PAIP2	5.455297886	4.858895188	5.845954352	4.987476573	5.264872592	5.111648885
Paip2b	PAIP2B	2.292228873	3.83650285	3.763912372	3.506312947	3.919081189	4.163379181
Pak1	PAK1	4.091264967	3.64434534	4.299146326	4.084488666	3.252644226	2.84495281
Pak1ip1	PAK1IP1	4.091264967	4.598618344	3.510146324	3.965024055	4.589870308	4.394213984
Pak2	PAK2	4.437863651	4.49923408	4.560188889	4.430133851	4.609825279	4.394213984
Pak4	PAK4	2.292228873	3.83650285	3.763912372	3.506312947	3.753454394	3.956906946
Pald1	PALD1	3.602843836	3.64434534	3.165820411	3.900470853	3.509645067	3.238392553
Palld	PALLD	5.303241568	4.598618344	4.560188889	4.771343338	5.067450382	4.677961688
Palmd	PALMD	5.303241568	5.205791466	5.346327862	5.015745746	5.195695557	4.911934359
Pan2	PAN2	6.130250267	5.431937627	5.473627628	5.601048842	4.528137589	4.9817748
Pan3	PAN3	4.437863651	4.145159234	4.299146326	4.472692728	4.323292875	4.098370521
Pank1	PANK1	5.132612588	5.75694536	6.416628544	5.928367045	6.386576531	6.387910015
Pank2	PANK2	6.037737533	4.49923408	3.763912372	4.38613548	4.429744728	4.495741634
Pank3	PANK3	4.091264967	3.64434534	4.436203012	3.900470853	4.151904426	4.394213984
Pank4	PANK4	4.091264967	4.274415856	3.510146324	4.293360774	3.6711476	3.956906946
Paox	PAOX	2.292228873	3.83650285	3.763912372	3.681556414	3.733451903	4.098370521
Papola	PAPOLA	6.130250267	5.48320442	5.891980982	5.690226104	5.888944953	6.048781729
Papss1	PAPSS1	4.091264967	4.000784638	4.673542613	3.506312947	3.884290412	4.340305924
Papss2	PAPSS2	5.938807313	5.797835345	5.050590043	5.123365638	5.735003227	5.949734918
Paqr7	PAQR7	5.717571651	5.48320442	5.130626579	6.18212939	5.36546935	5.416590921
Paqr9	PAQR9	4.091264967	5.3787305	4.965627447	5.6728344	6.824512021	6.576271038
Pard3	PARD3	6.376515331	5.3787305	5.749173232	5.790321307	5.33078407	5.258552798
Parg	PARG	2.292228873	3.64434534	3.510146324	4.193286682	3.952866194	4.098370521
Park7	PARK7	5.717571651	6.12097931	5.130626579	5.360779987	5.965703069	5.915128259
Parn	PARN	4.711088618	4.000784638	3.970060753	4.084488666	3.792408556	3.956906946
Parp1	PARP1	2.292228873	4.39170543	3.763912372	3.759393139	4.485316891	4.340305924
Parp10	PARP10	5.717571651	5.008278679	5.473627628	5.149012642	4.741742161	4.838335991
Parp11	PARP11	3.602843836	3.408987266	3.165820411	4.193286682	3.431616404	3.238392553
Parp12	PARP12	4.437863651	5.143029108	4.560188889	4.987476573	4.696103889	4.163379181
Parp14	PARP14	3.602843836	4.39170543	3.763912372	4.084488666	4.667958021	4.225153074
Parp2	PARP2	3.602843836	3.64434534	3.510146324	4.293360774	3.792408556	3.500138199
Parp3	PARP3	5.132612588	5.008278679	4.87505964	5.123365638	4.886318221	4.875631332
Parp4	PARP4	4.437863651	4.145159234	3.970060753	4.702701458	3.692316346	3.796124561
Parp6	PARP6	3.602843836	4.000784638	2.292228873	4.084488666	3.581976371	3.956906946
Parp9	PARP9	3.602843836	4.145159234	4.145532614	3.597638182	4.506901571	4.677961688
Parva	PARVA	4.091264967	4.691084662	4.436203012	4.430133851	4.705356213	4.284033266
Patj	PATJ	4.711088618	5.008278679	5.206296207	5.338773759	4.926075331	5.201638223
Patl1	PATL1	5.132612588	4.598618344	4.560188889	4.244315549	4.220611239	4.029715045
Patz1	PATZ1	4.938004346	5.008278679	4.299146326	3.759393139	3.866495286	3.238392553
Pawr	PAWR	5.303241568	4.691084662	4.560188889	4.430133851	4.418340269	4.225153074
Paxbp1	PAXBP1	6.037737533	5.077294272	5.473627628	5.360779987	4.639207972	4.677961688
Paxip1	PAXIP1	4.091264967	4.000784638	3.510146324	3.681556414	4.193580519	4.098370521
Paxx	PAXX	4.711088618	4.49923408	4.145532614	3.759393139	4.017673899	4.029715045
Pbld2	PBLD	5.832489373	6.214251337	5.845954352	5.741156304	5.708388258	5.843283838
Pbrm1	PBRM1	3.602843836	4.777589417	4.299146326	4.430133851	4.310902149	4.340305924
Pbx1	PBX1	4.437863651	3.408987266	4.299146326	3.965024055	3.792408556	4.284033266
Pbx2	PBX2	4.091264967	4.49923408	4.299146326	4.55387734	4.247072608	4.54369877
Pbxip1	PBXIP1	2.292228873	3.408987266	3.165820411	4.026238469	3.773101672	3.706273732
Pcx	PC	6.217134759	6.716799371	6.140700639	6.376349544	6.707008198	6.256228482
Pcbd1	PCBD1	5.832489373	6.536330397	6.062515049	6.106757528	6.493797539	5.966728005
Pcbd2	PCBD2	3.602843836	4.39170543	4.299146326	3.900470853	4.347720348	4.284033266
Pcbp1	PCBP1	4.091264967	4.777589417	4.436203012	4.804399523	5.840821214	5.313237834
Pcbp2	PCBP2	4.711088618	5.143029108	4.436203012	4.293360774	4.549036926	4.225153074
Pcbp4	PCBP4	4.437863651	4.777589417	4.965627447	5.174194573	4.07916153	4.44596579
Pcca	PCCA	4.091264967	5.205791466	5.206296207	4.55387734	4.979865668	4.677961688
Pccb	PCCB	3.602843836	4.598618344	3.970060753	4.771343338	5.410421261	4.719877086
Pcdh1	PCDH1	6.130250267	6.329846336	6.21482895	5.883823859	6.344206114	5.915128259
Pced1a	PCED1A	2.292228873	4.000784638	4.299146326	4.38613548	3.733451903	4.029715045
Pced1b	PCED1B	2.292228873	4.274415856	3.970060753	3.900470853	3.252644226	3.500138199
Pcf11	PCF11	4.437863651	4.777589417	5.411419086	5.403782997	4.853657745	5.465548216
Pcgf2	PCGF2	3.602843836	3.83650285	4.436203012	4.293360774	3.375808356	3.706273732
Pcgf3	PCGF3	4.091264967	3.64434534	4.673542613	4.244315549	4.017673899	4.029715045
Pcgf5	PCGF5	2.292228873	4.000784638	3.510146324	4.293360774	4.06407965	4.589975336
Pcif1	PCIF1	4.091264967	4.145159234	3.970060753	4.140084684	3.830055489	3.796124561
Pck1	PCK1	10.31956689	10.09940328	10.05932888	8.869456479	9.370097888	9.885241391
Pck2	PCK2	2.292228873	4.145159234	3.970060753	4.140084684	3.649551982	3.378600384
Pcm1	PCM1	3.602843836	4.274415856	3.763912372	4.084488666	4.335564778	4.589975336
Pcmt1	PCMT1	4.437863651	4.777589417	4.299146326	4.804399523	4.853657745	4.677961688
Pcmtd1	PCMTD1	5.592511033	5.008278679	3.970060753	4.55387734	4.517562398	4.163379181
Pcmtd2	PCMTD2	5.717571651	4.49923408	5.050590043	4.737459092	4.496153589	4.634693451
Pcna	PCNA	2.292228873	4.145159234	3.510146324	3.681556414	3.753454394	4.029715045
Pcnp	PCNP	4.437863651	4.777589417	5.206296207	4.667021062	4.714545298	4.54369877
Pcnt	PCNT	3.602843836	3.64434534	3.970060753	4.244315549	3.952866194	4.098370521
Pcnx3	PCNX3	5.132612588	5.48320442	5.346327862	5.563741544	5.143134628	5.258552798
Pcsk4	PCSK4	4.091264967	3.408987266	3.763912372	4.472692728	3.218881094	4.029715045
Pcsk5	PCSK5	4.437863651	5.265846922	5.278065415	4.836669376	4.589870308	4.589975336
Pcsk6	PCSK6	6.769803104	6.021188752	5.891980982	6.299540498	6.077065424	6.608992256
Pcsk7	PCSK7	4.091264967	4.145159234	4.299146326	4.667021062	4.395226294	4.495741634
Pcsk9	PCSK9	5.455297886	4.935621319	5.130626579	8.51539311	7.111778031	7.757397718
Pctp	PCTP	4.437863651	5.580460698	5.050590043	5.174194573	5.601464288	4.9817748
Pcyox1	PCYOX1	7.443985712	7.435740243	7.04236181	6.674324379	6.842857218	6.362524568
Pcyt1a	PCYT1A	5.717571651	4.858895188	4.673542613	4.630363967	4.870085739	4.9817748
Pcyt2	PCYT2	8.937123333	8.395218944	8.93454433	8.789751531	7.953815765	8.684660855
Pdap1	PDAP1	5.938807313	6.12097931	5.845954352	5.043446632	5.453979345	6.170981327
Pdcd10	PDCD10	4.437863651	4.39170543	3.510146324	3.965024055	3.936095152	3.796124561
Pdcd11	PDCD11	4.938004346	4.691084662	3.970060753	4.293360774	3.969402258	4.394213984
Pdcd4	PDCD4	4.938004346	5.876245896	5.278065415	6.449249377	6.107832992	6.032744293
Pdcd6	PDCD6	4.711088618	5.323426062	4.436203012	4.430133851	5.169663478	4.799989364
Pdcd7	PDCD7	4.091264967	4.598618344	4.673542613	4.140084684	4.048808169	4.495741634
Pdcl	PDCL	4.711088618	4.691084662	4.145532614	3.292857758	3.985710867	4.340305924
Pdcl3	PDCL3	3.602843836	4.000784638	4.299146326	3.759393139	3.884290412	4.163379181
Pde3b	PDE3B	5.132612588	5.008278679	5.130626579	4.86819141	5.469972058	5.258552798
Pde4b	PDE4B	4.091264967	3.091498835	3.763912372	4.836669376	4.528137589	3.956906946
Pde4c	PDE4C	5.303241568	4.274415856	4.778048871	4.630363967	3.811388859	4.394213984
Pde4d	PDE4D	3.602843836	3.83650285	4.145532614	3.965024055	3.604991145	3.879313446
Pde4dip	PDE4DIP	5.832489373	5.580460698	5.473627628	5.65522648	5.70390345	5.932536696
Pde8a	PDE8A	4.711088618	3.408987266	4.145532614	3.597638182	4.220611239	4.225153074
Pde9a	PDE9A	5.455297886	4.145159234	5.130626579	3.506312947	4.310902149	3.956906946
Pdgfa	PDGFA	4.938004346	5.323426062	4.965627447	5.097235377	4.696103889	4.029715045
Pdha1	PDHA1	4.711088618	5.205791466	4.965627447	4.59267106	5.017037848	4.719877086
Pdhb	PDHB	5.455297886	5.431937627	6.140700639	5.015745746	5.024353391	4.589975336
Pdhx	PDHX	4.091264967	4.598618344	4.145532614	4.340586378	4.528137589	4.677961688
Pdia3	PDIA3	5.717571651	5.48320442	6.384908669	5.403782997	6.309383526	6.185546781
Pdia4	PDIA4	6.711290956	6.838672662	7.177829089	6.920963992	7.210774513	7.271183235
Pdia5	PDIA5	6.130250267	6.357343366	6.416628544	6.067525764	6.397666833	6.375273516
Pdia6	PDIA6	6.826025488	6.583618879	6.870105582	7.012997865	7.345427545	7.357025937
Pdk2	PDK2	5.132612588	5.48320442	5.050590043	4.59267106	5.214905008	5.048238323
Pdlim1	PDLIM1	4.711088618	5.323426062	4.673542613	3.597638182	4.820194892	4.911934359
Pdlim5	PDLIM5	3.602843836	4.598618344	4.87505964	4.771343338	4.811698872	5.015407237
Pdlim7	PDLIM7	4.091264967	3.83650285	3.970060753	5.097235377	3.811388859	4.495741634
Pdp2	PDP2	3.602843836	3.83650285	3.510146324	3.405683862	3.969402258	4.44596579
Pdpk1	PDPK1	4.091264967	4.777589417	3.763912372	4.472692728	4.310902149	3.956906946
Pds5a	PDS5A	5.132612588	4.598618344	4.673542613	4.59267106	4.310902149	4.634693451
Pds5b	PDS5B	3.602843836	3.408987266	3.165820411	3.405683862	4.001799157	4.394213984
Pdxdc1	PDXDC1	4.091264967	4.000784638	3.763912372	3.900470853	3.692316346	3.608305404
Pdxk	PDXK	4.091264967	4.691084662	5.206296207	3.405683862	3.884290412	3.706273732
Pdzd11	PDZD11	2.292228873	4.49923408	4.560188889	4.293360774	3.985710867	4.340305924
Pdzd8	PDZD8	2.292228873	3.83650285	4.145532614	3.681556414	4.463370872	4.163379181
Pdzk1	PDZK1	3.602843836	4.858895188	4.87505964	4.771343338	5.277089914	4.394213984
Pdzk1ip1	PDZK1IP1	3.602843836	2.292228873	3.165820411	4.140084684	4.123321403	4.225153074
Pear1	PEAR1	3.602843836	2.292228873	2.292228873	3.900470853	3.581976371	3.069261795
Pecam1	PECAM1	3.602843836	3.091498835	3.510146324	4.193286682	3.792408556	3.500138199
Pecr	PECR	5.132612588	5.671450398	5.590365196	4.702701458	5.506596863	4.911934359
Pef1	PEF1	3.602843836	4.598618344	4.436203012	4.86819141	4.870085739	4.340305924
Peli1	PELI1	4.711088618	4.777589417	4.560188889	4.340586378	4.001799157	4.225153074
Peli2	PELI2	4.091264967	4.145159234	4.673542613	4.140084684	3.792408556	4.284033266
Pelo	PELO	2.292228873	4.145159234	3.510146324	4.340586378	4.395226294	4.284033266
Pelp1	PELP1	4.091264967	4.145159234	3.970060753	3.759393139	3.713078272	3.956906946
Pemt	PEMT	6.880131208	7.486288521	7.159239985	6.766762906	7.622619643	7.09785711
Pepd	PEPD	5.303241568	4.858895188	5.050590043	4.513911063	4.759573426	4.634693451
Per1	PER1	5.592511033	5.671450398	6.140700639	5.741156304	5.426914089	5.687684177
Per2	PER2	4.711088618	4.39170543	5.278065415	4.987476573	4.949386997	4.760526782
Per3	PER3	4.437863651	4.145159234	4.145532614	5.913673627	4.57977929	4.54369877
Perp	PERP	3.602843836	4.935621319	4.87505964	5.015745746	5.547320755	4.947299018
Pet100	PET100	2.292228873	4.691084662	4.436203012	4.430133851	4.777172461	4.719877086
Pex1	PEX1	2.292228873	4.274415856	4.299146326	4.667021062	4.207168762	4.44596579
Pex11a	PEX11A	5.455297886	5.323426062	5.936565594	5.58251833	5.227565727	5.535933184
Pex11g	PEX11G	5.592511033	5.48320442	5.891980982	5.65522648	5.376843017	5.48940264
Pex13	PEX13	5.717571651	5.077294272	4.965627447	4.513911063	4.619691648	5.080306881
Pex14	PEX14	5.455297886	4.935621319	5.206296207	5.757734578	5.896809668	5.687684177
Pex16	PEX16	6.037737533	4.935621319	5.749173232	5.741156304	5.464661319	5.64596224
Pex19	PEX19	4.938004346	5.75694536	5.473627628	5.853334489	5.644271028	5.512859863
Pex2	PEX2	4.711088618	5.143029108	4.87505964	4.430133851	4.732737389	4.677961688
Pex26	PEX26	4.711088618	4.145159234	4.965627447	4.026238469	4.165952177	4.394213984
Pex3	PEX3	3.602843836	3.64434534	3.970060753	3.900470853	3.848420524	3.956906946
Pex5	PEX5	5.455297886	6.15275112	5.411419086	5.741156304	5.601464288	5.915128259
Pex6	PEX6	6.299041974	5.797835345	5.411419086	6.242039077	5.36546935	5.64596224
Pex7	PEX7	4.437863651	4.598618344	4.778048871	4.084488666	4.463370872	4.54369877
Pfas	PFAS	3.602843836	3.408987266	3.510146324	3.832119018	3.484323889	3.238392553
Pfdn1	PFDN1	4.091264967	4.49923408	4.145532614	4.340586378	4.452258194	4.634693451
Pfdn2	PFDN2	4.437863651	4.598618344	5.050590043	4.513911063	4.528137589	4.947299018
Pfdn5	PFDN5	4.437863651	4.39170543	4.560188889	4.59267106	4.165952177	3.706273732
Pfdn6	PFDN6	4.091264967	4.145159234	4.436203012	4.193286682	4.559363906	4.098370521
Pfkfb1	PFKFB1	4.437863651	5.077294272	5.130626579	4.987476573	4.861896491	5.111648885
Pfkfb2	PFKFB2	4.711088618	5.48320442	5.050590043	4.737459092	4.260098036	5.080306881
Pfkfb3	PFKFB3	2.292228873	4.000784638	4.673542613	3.832119018	4.658443166	4.394213984
Pfkl	PFKL	3.602843836	4.777589417	4.145532614	4.193286682	4.811698872	4.098370521
Pfn1	PFN1	5.455297886	6.436803053	6.021755502	5.999643414	6.167448589	6.323582414
Pgam1	PGAM4	4.091264967	5.986311642	4.673542613	4.38613548	5.582014991	5.708093218
Pgam5	PGAM5	3.602843836	3.408987266	3.763912372	3.681556414	4.07916153	4.634693451
Pgap1	PGAP1	2.292228873	3.091498835	3.165820411	3.900470853	3.919081189	3.608305404
Pgap2	PGAP2	2.292228873	3.83650285	4.145532614	3.681556414	4.220611239	4.54369877
Pgd	PGD	6.037737533	5.205791466	5.749173232	5.54471171	5.348234004	5.339799106
Pgghg	PGGHG	4.711088618	4.691084662	4.673542613	5.360779987	4.406834785	4.225153074
Pgk1	PGK1	4.437863651	3.83650285	4.87505964	3.900470853	4.220611239	3.796124561
Pgls	PGLS	4.437863651	4.935621319	4.560188889	5.293696035	4.803149344	4.677961688
Pglyrp2	PGLYRP2	6.037737533	6.673763899	5.891980982	6.682978062	7.781972088	6.692769247
Pgm1	PGM1	5.455297886	5.48320442	6.021755502	5.6728344	6.00258509	5.748050545
Pgm3	PGM3	4.711088618	4.598618344	4.436203012	5.123365638	5.0603603	4.947299018
Pgp	PGP	4.091264967	3.408987266	4.145532614	4.244315549	4.298390021	5.201638223
Pgpep1	PGPEP1	4.938004346	5.077294272	5.473627628	4.702701458	4.777172461	4.838335991
Pgrmc1	PGRMC1	8.141497808	8.708836353	8.826888038	8.493469585	8.969181213	8.722442941
Pgrmc2	PGRMC2	5.303241568	6.021188752	5.936565594	5.637396796	6.020674396	6.095840312
Pgs1	PGS1	4.711088618	4.49923408	4.87505964	4.737459092	4.347720348	4.589975336
Phactr4	PHACTR4	5.592511033	4.145159234	4.560188889	4.836669376	4.741742161	4.719877086
Phax	PHAX	2.292228873	4.274415856	4.299146326	4.026238469	4.06407965	3.378600384
Phb2	PHB2	4.091264967	5.797835345	5.130626579	5.382446192	5.36546935	5.465548216
Phc2	PHC2	5.303241568	4.691084662	4.299146326	5.123365638	4.57977929	5.313237834
Phc3	PHC3	4.938004346	4.145159234	5.473627628	4.804399523	4.395226294	4.225153074
Pheta1	PHETA1	4.091264967	3.83650285	3.970060753	4.293360774	3.534336095	3.706273732
Phf1	PHF1	4.938004346	4.39170543	5.050590043	5.360779987	3.952866194	4.589975336
Phf10	PHF10	3.602843836	3.83650285	3.510146324	4.084488666	3.458330152	3.879313446
Phf12	PHF12	5.303241568	5.143029108	4.87505964	5.58251833	4.949386997	5.080306881
Phf14	PHF14	4.437863651	4.691084662	4.299146326	4.244315549	4.589870308	4.677961688
Phf2	PHF2	3.602843836	4.39170543	4.299146326	4.140084684	4.383512751	4.163379181
Phf20	PHF20	3.602843836	3.408987266	3.970060753	3.832119018	3.346584847	3.238392553
Phf20l1	PHF20L1	5.132612588	4.858895188	5.590365196	4.771343338	4.395226294	4.677961688
Phf21a	PHF21A	5.132612588	4.777589417	4.778048871	4.771343338	4.06407965	4.098370521
Phf23	PHF23	4.437863651	3.64434534	3.970060753	4.293360774	4.696103889	4.911934359
Phf3	PHF3	4.091264967	4.145159234	4.436203012	4.340586378	4.383512751	4.340305924
Phf5a	PHF5A	4.091264967	4.274415856	5.050590043	4.55387734	4.72367206	4.589975336
Phf8	PHF8	4.091264967	3.408987266	4.560188889	3.832119018	4.07916153	4.098370521
Phip	PHIP	4.711088618	3.83650285	4.87505964	4.340586378	4.23391141	4.284033266
Phka1	PHKA1	4.091264967	2.292228873	3.970060753	4.084488666	3.534336095	3.238392553
Phka2	PHKA2	5.132612588	4.145159234	5.206296207	5.360779987	4.017673899	4.284033266
Phkb	PHKB	5.455297886	4.274415856	4.560188889	4.55387734	4.418340269	4.760526782
Phkg2	PHKG2	4.437863651	4.145159234	4.299146326	4.084488666	3.811388859	4.029715045
Phlda1	PHLDA1	4.938004346	4.858895188	5.590365196	5.223230826	5.615877633	5.687684177
Phldb1	PHLDB1	3.602843836	3.408987266	3.165820411	4.140084684	3.183661984	3.069261795
Phldb2	PHLDB2	5.303241568	5.205791466	5.050590043	5.338773759	4.886318221	5.17228453
Phldb3	PHLDB3	4.091264967	4.274415856	4.145532614	4.86819141	4.094059111	4.284033266
Phlpp1	PHLPP1	4.091264967	4.598618344	4.436203012	4.026238469	4.108777455	3.956906946
Phrf1	PHRF1	3.602843836	4.145159234	3.970060753	4.193286682	3.866495286	3.879313446
Phtf1	PHTF1	2.292228873	3.091498835	3.763912372	3.405683862	3.252644226	4.098370521
Phyh	PHYH	7.332084657	8.045335712	7.686082171	6.479391884	8.093806889	7.56553899
Phyhd1	PHYHD1	6.826025488	6.301810971	6.593487953	5.999643414	5.648948358	5.897504338
Phykpl	PHYKPL	2.292228873	4.39170543	4.560188889	4.193286682	3.604991145	3.500138199
Pi4k2a	PI4K2A	4.938004346	4.598618344	5.130626579	5.316416351	5.264872592	4.947299018
Pi4ka	PI4KA	5.303241568	4.935621319	4.673542613	4.702701458	4.193580519	4.495741634
Pias1	PIAS1	3.602843836	3.64434534	4.299146326	4.55387734	4.048808169	3.796124561
Pias2	PIAS2	4.091264967	4.777589417	4.436203012	4.340586378	4.441050082	3.879313446
Pias4	PIAS4	2.292228873	4.49923408	3.165820411	4.59267106	3.884290412	3.796124561
Pibf1	PIBF1	4.711088618	3.64434534	3.763912372	3.900470853	3.285101813	3.378600384
Picalm	PICALM	4.091264967	4.145159234	4.560188889	4.340586378	4.335564778	4.340305924
Pick1	PICK1	4.711088618	3.83650285	4.87505964	4.293360774	4.165952177	3.956906946
Pid1	PID1	6.037737533	6.183831903	5.936565594	6.080723161	6.267656878	6.496888553
Pigc	PIGC	3.602843836	3.408987266	3.510146324	3.292857758	3.558435071	4.029715045
Pigg	PIGG	4.711088618	4.000784638	4.145532614	4.084488666	3.848420524	3.378600384
Pigk	PIGK	5.303241568	4.691084662	3.510146324	4.513911063	5.002289206	4.875631332
Pign	PIGN	4.437863651	4.000784638	3.763912372	4.667021062	3.830055489	3.706273732
Pigp	PIGP	5.303241568	4.49923408	3.763912372	4.293360774	4.137695583	3.500138199
Pigq	PIGQ	5.132612588	5.205791466	4.436203012	4.55387734	4.768401571	4.875631332
Pigr	PIGR	7.123778054	9.25555806	9.202808353	7.933705462	9.160184816	8.719954695
Pigs	PIGS	5.132612588	4.274415856	3.970060753	5.097235377	4.705356213	5.015407237
Pigt	PIGT	5.132612588	4.598618344	5.411419086	4.86819141	5.20853125	4.340305924
Pigu	PIGU	4.938004346	4.39170543	4.560188889	4.026238469	4.165952177	4.163379181
Pigv	PIGV	2.292228873	3.64434534	3.970060753	4.084488666	3.952866194	4.225153074
Pigyl	PIGY	3.602843836	3.83650285	4.145532614	3.597638182	4.001799157	4.098370521
Pih1d1	PIH1D1	3.602843836	4.49923408	3.763912372	3.681556414	4.395226294	4.54369877
Pik3ap1	PIK3AP1	6.376515331	5.837581133	6.178245225	5.971559188	5.861070999	5.966728005
Pik3c2a	PIK3C2A	4.091264967	4.145159234	4.145532614	3.597638182	3.733451903	4.225153074
Pik3c2g	PIK3C2G	4.091264967	4.49923408	4.560188889	4.987476573	4.979865668	5.313237834
Pik3c3	PIK3C3	3.602843836	4.000784638	4.299146326	4.38613548	3.952866194	3.879313446
Pik3ca	PIK3CA	2.292228873	4.145159234	3.970060753	3.900470853	4.033341529	3.796124561
Pik3cb	PIK3CB	3.602843836	3.091498835	4.145532614	4.026238469	3.753454394	3.796124561
Pik3r1	PIK3R1	4.437863651	4.274415856	4.145532614	4.38613548	4.777172461	4.634693451
Pik3r2	PIK3R2	2.292228873	4.598618344	4.436203012	4.513911063	4.441050082	4.029715045
Pim1	PIM1	4.091264967	4.858895188	3.970060753	5.174194573	4.151904426	4.54369877
Pim3	PIM3	5.132612588	5.532670511	6.21482895	6.310768688	5.562294211	6.048781729
Pin1	PIN1	2.292228873	3.408987266	3.165820411	3.681556414	3.627507726	4.029715045
Pin4	PIN4	2.292228873	3.408987266	3.510146324	3.006723736	3.404129273	3.956906946
Pink1	PINK1	5.303241568	6.301810971	5.979796879	5.690226104	5.99893953	6.01652452
Pip4k2b	PIP4K2B	3.602843836	3.408987266	3.165820411	4.084488666	4.06407965	4.634693451
Pip4k2c	PIP4K2C	3.602843836	4.39170543	3.510146324	4.340586378	4.108777455	3.796124561
Pip4p1	PIP4P1	3.602843836	4.777589417	4.436203012	4.59267106	4.193580519	4.163379181
Pip4p2	PIP4P2	2.292228873	3.091498835	3.510146324	4.193286682	3.848420524	3.238392553
Pip5k1a	PIP5K1A	3.602843836	3.091498835	3.763912372	3.965024055	3.6711476	3.879313446
Pip5k1c	PIP5K1C	4.437863651	4.49923408	4.145532614	4.630363967	4.406834785	4.677961688
Pipox	PIPOX	6.586589754	6.301810971	6.536923513	5.913673627	6.249394772	6.269955214
Pir	PIR	4.091264967	4.598618344	5.050590043	4.929131951	4.517562398	4.54369877
Pisd	PISD	4.711088618	4.39170543	3.763912372	4.836669376	4.517562398	4.44596579
Pithd1	PITHD1	3.602843836	3.64434534	3.165820411	3.900470853	3.936095152	3.796124561
Pitpna	PITPNA	4.437863651	5.205791466	4.560188889	4.430133851	4.677405762	4.163379181
Pitpnb	PITPNB	4.437863651	4.935621319	4.436203012	4.244315549	4.658443166	4.589975336
Pitpnc1	PITPNC1	5.132612588	4.39170543	4.299146326	4.026238469	4.179842907	4.098370521
Pitpnm1	PITPNM1	5.132612588	4.39170543	3.510146324	4.38613548	3.431616404	3.608305404
Pitpnm2	PITPNM2	5.455297886	4.691084662	5.346327862	4.55387734	4.686787391	4.677961688
Pja1	PJA1	4.091264967	4.49923408	4.560188889	4.140084684	4.528137589	4.394213984
Pja2	PJA2	4.437863651	4.274415856	3.763912372	4.140084684	4.677405762	4.677961688
Pkd2	PKD2	4.711088618	4.777589417	4.673542613	4.771343338	4.017673899	3.879313446
Pkdcc	PKDCC	4.938004346	4.858895188	4.778048871	6.299540498	5.0603603	4.799989364
Pkig	PKIG	4.091264967	4.274415856	3.970060753	4.737459092	4.429744728	4.495741634
Pklr	PKLR	7.031210357	6.273215603	8.406396767	6.758600919	7.204487434	6.156265924
Pkn1	PKN1	4.938004346	4.274415856	4.145532614	4.836669376	4.549036926	4.589975336
Pkn2	PKN2	4.091264967	4.274415856	4.299146326	4.55387734	4.310902149	3.879313446
Pkp2	PKP2	4.938004346	4.49923408	4.436203012	4.38613548	4.463370872	4.495741634
Pkp4	PKP4	4.938004346	4.935621319	4.560188889	4.771343338	4.359761994	3.879313446
Pla1a	PLA1A	5.832489373	5.205791466	5.346327862	5.65522648	5.586902468	5.015407237
Pla2g12a	PLA2G12A	4.091264967	4.858895188	4.145532614	3.405683862	3.830055489	3.956906946
Pla2g12b	PLA2G12B	4.437863651	5.205791466	4.560188889	5.424800519	5.721758183	5.142297742
Pla2g15	PLA2G15	4.437863651	3.64434534	3.510146324	4.193286682	3.936095152	4.098370521
Pla2g6	PLA2G6	5.832489373	5.75694536	5.53320357	5.505864328	4.811698872	5.048238323
Pla2g7	PLA2G7	2.292228873	3.091498835	3.763912372	3.832119018	3.627507726	3.069261795
Plaa	PLAA	4.091264967	4.49923408	3.970060753	4.244315549	4.429744728	4.495741634
Plac8	PLAC8	2.292228873	3.64434534	3.763912372	3.832119018	3.627507726	3.238392553
Plbd1	PLBD1	2.292228873	3.83650285	3.510146324	4.026238469	4.165952177	4.54369877
Plbd2	PLBD2	4.938004346	5.913887648	6.352470645	6.469414622	6.435820664	5.915128259
Plcb1	PLCB1	4.711088618	3.83650285	3.970060753	4.244315549	4.07916153	4.44596579
Plcb3	PLCB3	4.091264967	3.83650285	3.763912372	4.430133851	3.773101672	4.163379181
Plcg1	PLCG1	5.303241568	4.49923408	4.299146326	4.737459092	4.123321403	4.44596579
Plcl2	PLCL2	4.091264967	4.598618344	2.292228873	3.965024055	3.985710867	3.706273732
Plcxd2	PLCXD2	2.292228873	4.777589417	5.130626579	4.026238469	4.658443166	4.029715045
Pld1	PLD1	2.292228873	3.408987266	3.165820411	3.900470853	3.558435071	3.378600384
Pld3	PLD3	4.091264967	4.000784638	3.970060753	4.737459092	4.57977929	4.589975336
Plec	PLEC	6.586589754	7.213685159	7.001192958	6.310768688	6.212155994	6.362524568
Plekha1	PLEKHA1	4.437863651	4.000784638	4.299146326	3.832119018	3.792408556	3.608305404
Plekha3	PLEKHA3	4.711088618	4.39170543	3.165820411	4.026238469	4.179842907	4.284033266
Plekha5	PLEKHA5	4.437863651	4.858895188	5.346327862	4.987476573	4.794545591	4.875631332
Plekha6	PLEKHA6	4.938004346	4.858895188	5.050590043	5.957306801	5.009683266	5.048238323
Plekha7	PLEKHA7	3.602843836	3.408987266	4.299146326	4.084488666	3.866495286	4.284033266
Plekha8	PLEKHA8	4.091264967	4.49923408	4.436203012	4.38613548	3.985710867	3.956906946
Plekhb1	PLEKHB1	2.292228873	3.64434534	4.436203012	3.006723736	3.252644226	3.956906946
Plekhg3	PLEKHG3	4.437863651	4.39170543	3.970060753	4.702701458	4.260098036	4.225153074
Plekhg5	PLEKHG5	4.437863651	3.091498835	4.145532614	4.667021062	3.534336095	3.706273732
Plekhg6	PLEKHG6	5.938807313	5.143029108	5.050590043	5.174194573	4.667958021	4.54369877
Plekhj1	PLEKHJ1	5.303241568	5.077294272	4.673542613	5.149012642	5.122899962	5.258552798
Plekhm1	PLEKHM1	3.602843836	4.000784638	4.145532614	4.244315549	3.866495286	4.029715045
Plekhn1	PLEKHN1	4.091264967	3.091498835	4.145532614	3.965024055	3.431616404	4.029715045
Plg	PLG	8.949807463	9.350644943	9.478442179	9.327425345	10.23285833	9.92898293
Plgrkt	PLGRKT	3.602843836	3.83650285	4.145532614	4.193286682	3.952866194	4.163379181
Plin2	PLIN2	6.037737533	6.629398806	6.620955555	7.897054762	7.910085087	7.619962377
Plin3	PLIN3	6.217134759	5.75694536	4.87505964	6.194313797	6.117943284	5.748050545
Plin4	PLIN4	2.292228873	4.691084662	5.411419086	5.637396796	5.820278847	4.947299018
Plin5	PLIN5	5.832489373	4.39170543	5.346327862	4.513911063	4.559363906	4.225153074
Plk2	PLK2	4.711088618	5.265846922	3.165820411	3.965024055	3.509645067	3.706273732
Plk3	PLK3	7.644664992	5.626687005	6.352470645	6.218375491	5.791011337	5.932536696
Plod1	PLOD1	4.437863651	3.64434534	3.763912372	4.899001256	4.78588688	4.719877086
Plod3	PLOD3	4.091264967	5.008278679	5.53320357	5.403782997	4.994855223	5.201638223
Plpbp	PLPBP	5.717571651	5.431937627	5.278065415	5.043446632	5.038869068	5.111648885
Plpp1	PLPP1	2.292228873	2.292228873	3.165820411	3.900470853	3.346584847	3.500138199
Plpp2	PLPP2	5.938807313	5.431937627	5.411419086	5.525421762	5.348234004	4.947299018
Plpp3	PLPP3	5.592511033	5.671450398	5.845954352	7.168832826	7.044719108	7.090161806
Plpp5	PLPP5	4.711088618	4.935621319	5.346327862	5.198928573	5.182740408	5.728212593
Plpp6	PLPP6	3.602843836	3.83650285	3.763912372	4.084488666	3.919081189	3.378600384
Plppr2	PLPPR2	4.437863651	4.598618344	4.673542613	4.59267106	3.830055489	4.225153074
Plrg1	PLRG1	2.292228873	3.408987266	3.165820411	3.162995548	3.919081189	4.163379181
Pls3	PLS3	2.292228873	4.39170543	4.436203012	3.681556414	4.418340269	4.340305924
Plscr1	PLSCR1	4.938004346	4.145159234	4.299146326	4.293360774	4.418340269	4.284033266
Plscr3	PLSCR3	4.711088618	3.83650285	4.145532614	4.472692728	3.901815905	3.956906946
Pltp	PLTP	7.210749743	5.580460698	5.278065415	7.422114038	7.16779394	7.651656277
Plxna2	PLXNA2	4.437863651	4.598618344	4.673542613	4.244315549	4.506901571	4.284033266
Plxnb1	PLXNB1	5.832489373	5.626687005	5.53320357	7.258302656	5.824411139	5.64596224
Plxnb2	PLXNB2	4.938004346	6.244037217	6.847046914	6.964174033	6.405928594	6.214239963
Plxnd1	PLXND1	4.437863651	3.091498835	4.560188889	4.472692728	3.753454394	4.225153074
Pm20d1	PM20D1	5.132612588	5.48320442	5.278065415	5.601048842	5.954449752	5.580978012
Pmf1	PMF1	3.602843836	3.83650285	3.165820411	4.026238469	4.001799157	3.879313446
Pml	PML	3.602843836	3.64434534	4.299146326	3.965024055	4.310902149	4.340305924
Pmm2	PMM2	4.711088618	4.274415856	4.673542613	4.513911063	4.648860167	4.719877086
Pmpca	PMPCA	4.091264967	4.39170543	4.436203012	4.472692728	4.57977929	4.284033266
Pmpcb	PMPCB	4.711088618	5.626687005	5.206296207	4.929131951	5.44321566	4.911934359
Pmvk	PMVK	5.132612588	5.008278679	3.763912372	6.321909508	5.552329575	6.473376888
Pnisr	PNISR	5.717571651	5.323426062	5.979796879	5.942910413	5.557320685	6.228373518
Pnkd	PNKD	5.717571651	6.15275112	6.062515049	5.690226104	5.726186956	5.339799106
Pnkp	PNKP	4.091264967	4.000784638	3.165820411	4.244315549	4.001799157	3.378600384
Pnn	PNN	6.037737533	4.935621319	5.206296207	5.445508409	4.811698872	5.048238323
Pnp	PNP	4.437863651	3.64434534	3.510146324	3.900470853	4.220611239	4.163379181
Pnpla2	PNPLA2	4.711088618	5.532670511	4.673542613	5.338773759	5.44321566	5.258552798
Pnpla3	PNPLA3	4.711088618	3.408987266	3.970060753	5.942910413	4.979865668	5.015407237
Pnpla5	PNPLA5	3.602843836	3.091498835	2.292228873	6.144940357	4.549036926	3.706273732
Pnpla6	PNPLA6	5.717571651	4.858895188	4.965627447	5.097235377	4.667958021	4.719877086
Pnpla7	PNPLA7	3.602843836	4.598618344	4.560188889	5.043446632	4.06407965	3.706273732
Pnpla8	PNPLA8	5.592511033	5.008278679	5.278065415	4.86819141	4.933890021	4.799989364
Pnpo	PNPO	7.370359234	6.512088547	6.416628544	5.690226104	6.17714714	5.949734918
Pnpt1	PNPT1	4.437863651	3.091498835	4.299146326	3.832119018	3.866495286	3.378600384
Pnrc1	PNRC1	5.592511033	5.532670511	5.645304244	5.223230826	5.836736421	5.558635233
Pnrc2	PNRC2	4.711088618	4.39170543	4.145532614	4.630363967	4.53862862	4.495741634
Pofut1	POFUT1	4.711088618	4.49923408	4.436203012	4.804399523	4.298390021	4.394213984
Pofut2	POFUT2	3.602843836	4.691084662	4.436203012	5.015745746	4.750687228	4.875631332
Poglut2	POGLUT2	3.602843836	4.49923408	4.145532614	4.340586378	4.151904426	4.163379181
Pogz	POGZ	4.091264967	3.83650285	3.970060753	4.244315549	3.811388859	4.163379181
Pola2	POLA2	2.292228873	3.091498835	3.970060753	3.681556414	3.509645067	3.956906946
Polb	POLB	4.711088618	3.408987266	3.970060753	3.506312947	3.848420524	4.098370521
Pold4	POLD4	4.938004346	4.49923408	4.145532614	5.445508409	4.870085739	5.015407237
Poldip2	POLDIP2	4.091264967	4.274415856	4.673542613	3.759393139	4.285753821	4.340305924
Poldip3	POLDIP3	4.711088618	4.858895188	3.970060753	4.430133851	4.78588688	4.589975336
Pole4	POLE4	3.602843836	4.598618344	4.87505964	4.340586378	4.528137589	5.015407237
Polg	POLG	4.091264967	4.145159234	4.673542613	4.929131951	4.247072608	4.225153074
Polg2	POLG2	3.602843836	3.83650285	4.560188889	4.193286682	3.753454394	4.029715045
Polk	POLK	3.602843836	3.64434534	4.145532614	4.140084684	3.458330152	3.238392553
Poll	POLL	2.292228873	3.64434534	2.292228873	3.832119018	3.316379787	2.84495281
Polm	POLM	3.602843836	3.83650285	3.763912372	3.832119018	3.509645067	3.796124561
Polr1a	POLR1A	4.091264967	3.64434534	3.165820411	4.084488666	3.848420524	4.029715045
Polr1c	POLR1C	4.091264967	4.49923408	4.436203012	4.804399523	4.165952177	4.225153074
Polr1d	POLR1D	4.437863651	5.714842213	4.673542613	4.929131951	5.264872592	5.465548216
Polr2a	POLR2A	4.711088618	4.858895188	4.778048871	5.015745746	4.794545591	4.677961688
Polr2b	POLR2B	4.437863651	4.000784638	3.763912372	3.597638182	3.919081189	4.163379181
Polr2c	POLR2C	2.292228873	3.83650285	3.165820411	4.140084684	3.458330152	3.069261795
Polr2e	POLR2E	4.091264967	5.48320442	4.299146326	4.987476573	4.820194892	5.080306881
Polr2f	POLR2F	4.711088618	5.077294272	4.145532614	4.293360774	5.031630323	4.589975336
Polr2h	POLR2H	4.091264967	4.598618344	4.299146326	4.293360774	4.272990782	4.589975336
Polr2i	POLR2I	2.292228873	4.145159234	3.970060753	3.900470853	4.247072608	4.44596579
Polr2j	POLR2J	3.602843836	4.145159234	3.970060753	4.026238469	4.485316891	3.706273732
Polr2m	POLR2M	4.711088618	4.000784638	4.560188889	4.193286682	4.441050082	4.029715045
Polr3a	POLR3A	3.602843836	4.000784638	3.763912372	4.430133851	3.811388859	4.163379181
Polr3d	POLR3D	4.091264967	4.000784638	3.970060753	4.026238469	4.033341529	4.163379181
Polr3h	POLR3H	3.602843836	4.000784638	3.763912372	4.026238469	3.985710867	3.608305404
Polr3k	POLR3K	4.437863651	4.274415856	4.145532614	3.405683862	3.753454394	4.098370521
Pom121	POM121	3.602843836	3.64434534	2.292228873	4.340586378	4.07916153	4.340305924
Pomgnt1	POMGNT1	3.602843836	4.000784638	3.970060753	4.472692728	4.048808169	3.879313446
Pomp	POMP	5.132612588	5.714842213	5.278065415	4.667021062	5.662888329	5.861587929
Pomt1	POMT1	4.437863651	4.274415856	4.145532614	4.340586378	4.47438987	4.44596579
Pomt2	POMT2	4.091264967	3.83650285	3.165820411	4.084488666	4.108777455	3.956906946
Pon1	PON1	6.650293701	5.913887648	6.21482895	5.270600463	6.998211296	6.752543131
Pon2	PON2	3.602843836	4.935621319	4.145532614	4.340586378	5.038869068	4.911934359
Pon3	PON3	5.132612588	5.580460698	5.936565594	4.836669376	5.577110549	5.624630897
Pop1	POP1	3.602843836	3.408987266	3.165820411	4.084488666	3.627507726	3.706273732
Pop5	POP5	4.711088618	4.39170543	4.436203012	4.084488666	4.359761994	4.44596579
Por	POR	7.292764937	7.198600589	7.062512722	7.18717719	7.532675467	7.271183235
Pou2f1	POU2F1	3.602843836	4.000784638	3.510146324	4.293360774	4.123321403	4.163379181
Pou6f1	POU6F1	3.602843836	2.292228873	2.292228873	3.832119018	3.108084759	3.069261795
Ppa1	PPA1	4.437863651	5.986311642	5.346327862	4.702701458	5.820278847	5.580978012
Ppa2	PPA2	4.091264967	4.145159234	3.970060753	3.965024055	4.207168762	4.394213984
Ppan	PPAN	3.602843836	4.000784638	3.165820411	4.293360774	3.884290412	3.879313446
Ppara	PPARA	6.769803104	6.214251337	6.647907453	6.774878791	6.820403317	6.762268046
Ppat	PPAT	4.091264967	3.83650285	3.510146324	3.832119018	3.919081189	4.163379181
Ppcdc	PPCDC	5.592511033	4.858895188	5.130626579	5.403782997	4.696103889	5.2861627
Ppcs	PPCS	3.602843836	3.408987266	3.970060753	4.140084684	4.323292875	3.956906946
Ppdpf	PPDPF	4.437863651	5.323426062	5.130626579	5.070602553	5.448607797	5.602972942
Ppfia1	PPFIA1	5.592511033	4.598618344	4.965627447	4.836669376	4.705356213	4.947299018
Ppfibp1	PPFIBP1	5.455297886	5.077294272	4.778048871	4.472692728	4.705356213	4.340305924
Ppfibp2	PPFIBP2	4.711088618	4.49923408	5.130626579	4.804399523	4.418340269	4.44596579
Pphln1	PPHLN1	2.292228873	4.000784638	4.145532614	3.900470853	3.901815905	4.163379181
Ppia	PPIA	4.437863651	5.431937627	5.130626579	4.472692728	5.359747743	4.677961688
Ppib	PPIB	5.592511033	6.87710388	6.823612323	7.781155845	8.349330917	8.257039397
Ppid	PPID	5.132612588	3.83650285	3.763912372	3.965024055	3.458330152	3.378600384
Ppie	PPIE	3.602843836	3.83650285	3.970060753	3.965024055	4.001799157	4.098370521
Ppif	PPIF	4.437863651	5.008278679	4.87505964	4.987476573	4.820194892	4.340305924
Ppil1	PPIL1	2.292228873	3.83650285	3.510146324	3.681556414	3.6711476	3.956906946
Ppil2	PPIL2	4.711088618	3.408987266	4.560188889	3.900470853	4.06407965	4.225153074
Ppil4	PPIL4	3.602843836	3.64434534	3.970060753	3.832119018	3.6711476	3.956906946
Ppip5k2	PPIP5K2	4.711088618	4.777589417	4.299146326	4.59267106	4.395226294	4.029715045
Ppl	PPL	5.717571651	5.077294272	5.050590043	4.667021062	4.794545591	5.17228453
Ppm1a	PPM1A	5.303241568	5.986311642	5.346327862	5.043446632	5.848955764	5.64596224
Ppm1b	PPM1B	6.299041974	5.913887648	6.140700639	5.619339583	6.117943284	6.01652452
Ppm1f	PPM1F	4.437863651	4.49923408	3.970060753	3.506312947	3.830055489	4.098370521
Ppm1g	PPM1G	4.437863651	4.49923408	4.299146326	4.430133851	4.714545298	4.677961688
Ppm1k	PPM1K	4.938004346	4.39170543	4.87505964	4.472692728	4.441050082	4.838335991
Ppm1l	PPM1L	4.437863651	3.091498835	3.510146324	3.832119018	3.969402258	3.238392553
Ppm1m	PPM1M	2.292228873	3.64434534	3.763912372	3.832119018	3.431616404	4.029715045
Ppme1	PPME1	3.602843836	3.091498835	3.165820411	4.193286682	4.017673899	3.879313446
Ppox	PPOX	5.832489373	5.532670511	5.473627628	5.403782997	4.677405762	4.838335991
Ppp1ca	PPP1CA	4.091264967	4.274415856	4.965627447	3.759393139	4.463370872	3.706273732
Ppp1cb	PPP1CB	4.437863651	5.205791466	5.050590043	4.026238469	4.941660401	4.54369877
Ppp1r10	PPP1R10	3.602843836	4.000784638	4.145532614	4.084488666	4.179842907	4.495741634
Ppp1r11	PPP1R11	4.091264967	4.49923408	3.970060753	4.084488666	4.272990782	4.54369877
Ppp1r12a	PPP1R12A	5.455297886	4.858895188	4.87505964	4.899001256	4.686787391	4.799989364
Ppp1r12b	PPP1R12B	3.602843836	3.64434534	2.292228873	3.162995548	3.252644226	3.956906946
Ppp1r12c	PPP1R12C	5.132612588	4.598618344	5.130626579	5.58251833	4.285753821	5.142297742
Ppp1r13b	PPP1R13B	4.711088618	4.49923408	3.970060753	4.472692728	4.137695583	4.677961688
Ppp1r15a	PPP1R15A	3.602843836	4.49923408	3.970060753	3.900470853	3.792408556	3.378600384
Ppp1r15b	PPP1R15B	4.711088618	5.323426062	4.778048871	4.702701458	5.31311398	5.142297742
Ppp1r16a	PPP1R16A	4.938004346	6.08848473	6.285303664	5.338773759	4.759573426	5.230385876
Ppp1r21	PPP1R21	4.091264967	4.145159234	4.673542613	4.244315549	4.123321403	4.029715045
Ppp1r35	PPP1R35	3.602843836	4.598618344	3.165820411	4.472692728	4.123321403	4.44596579
Ppp1r37	PPP1R37	4.437863651	4.691084662	5.206296207	5.043446632	4.972309166	5.142297742
Ppp1r3b	PPP1R3B	6.130250267	5.714842213	5.473627628	5.757734578	6.661778817	6.531448811
Ppp1r3c	PPP1R3C	4.091264967	4.858895188	4.87505964	4.340586378	4.151904426	4.760526782
Ppp1r3g	PPP1R3G	4.711088618	4.145159234	4.778048871	5.123365638	2.977494724	4.163379181
Ppp1r8	PPP1R8	2.292228873	3.64434534	2.292228873	3.006723736	3.581976371	4.029715045
Ppp1r9a	PPP1R9A	4.091264967	4.858895188	3.510146324	3.162995548	3.285101813	3.500138199
Ppp1r9b	PPP1R9B	4.711088618	3.64434534	4.965627447	4.193286682	3.534336095	3.879313446
Ppp2ca	PPP2CA	5.455297886	4.777589417	5.130626579	4.929131951	5.459330466	5.365866194
Ppp2cb	PPP2CB	4.711088618	4.598618344	5.206296207	5.097235377	4.57977929	4.9817748
Ppp2r1a	PPP2R1A	5.455297886	5.323426062	4.436203012	4.513911063	4.861896491	4.589975336
Ppp2r1b	PPP2R1B	3.602843836	3.64434534	3.970060753	3.506312947	3.692316346	4.098370521
Ppp2r2d	PPP2R2D	3.602843836	4.145159234	4.299146326	3.965024055	3.848420524	3.608305404
Ppp2r3a	PPP2R3A	3.602843836	3.64434534	4.145532614	4.026238469	3.692316346	3.706273732
Ppp2r3c	PPP2R3C	3.602843836	3.408987266	4.436203012	4.084488666	3.375808356	3.238392553
Ppp2r5a	PPP2R5A	5.717571651	5.077294272	5.206296207	4.084488666	4.828638107	4.098370521
Ppp2r5b	PPP2R5B	2.292228873	3.64434534	3.510146324	4.140084684	3.713078272	3.956906946
Ppp2r5c	PPP2R5C	4.938004346	4.598618344	4.299146326	4.630363967	4.794545591	4.799989364
Ppp2r5d	PPP2R5D	4.711088618	4.000784638	3.763912372	4.140084684	3.952866194	4.029715045
Ppp2r5e	PPP2R5E	4.437863651	5.323426062	5.346327862	5.123365638	5.202128193	5.258552798
Ppp3ca	PPP3CA	4.437863651	4.145159234	4.560188889	4.340586378	4.359761994	4.225153074
Ppp3cb	PPP3CB	4.938004346	4.39170543	3.763912372	4.472692728	4.335564778	4.677961688
Ppp3r1	PPP3R1	4.091264967	3.408987266	4.299146326	3.681556414	3.792408556	3.956906946
Ppp4c	PPP4C	3.602843836	3.64434534	3.510146324	4.026238469	4.207168762	3.796124561
Ppp4r1	PPP4R1	2.292228873	3.091498835	3.763912372	4.472692728	3.6711476	4.225153074
Ppp4r3a	PPP4R3A	4.711088618	4.274415856	5.206296207	4.244315549	4.463370872	4.44596579
Ppp4r3b	PPP4R3B	4.091264967	4.145159234	4.299146326	4.59267106	4.285753821	4.225153074
Ppp5c	PPP5C	2.292228873	4.000784638	4.778048871	4.513911063	4.609825279	4.44596579
Ppp6c	PPP6C	3.602843836	4.49923408	4.560188889	4.026238469	4.429744728	4.44596579
Ppp6r1	PPP6R1	5.132612588	4.691084662	5.749173232	5.198928573	5.182740408	5.111648885
Ppp6r2	PPP6R2	4.711088618	4.49923408	4.673542613	4.630363967	4.47438987	4.589975336
Ppp6r3	PPP6R3	4.711088618	5.265846922	5.346327862	5.015745746	5.067450382	4.589975336
Pprc1	PPRC1	4.091264967	3.408987266	3.763912372	4.193286682	3.969402258	4.029715045
Ppt1	PPT1	4.091264967	4.49923408	4.436203012	4.987476573	4.845368866	4.719877086
Ppt2	PPT2	4.437863651	4.274415856	4.965627447	4.59267106	5.149814489	4.394213984
Pptc7	PPTC7	3.602843836	4.39170543	4.299146326	4.38613548	4.048808169	3.956906946
Pqbp1	PQBP1	4.091264967	4.858895188	3.970060753	4.026238469	4.926075331	4.799989364
Prcc	PRCC	5.132612588	4.49923408	4.87505964	4.340586378	4.485316891	4.719877086
Prdm10	PRDM10	4.437863651	3.408987266	3.970060753	4.340586378	3.604991145	3.956906946
Prdm15	PRDM15	4.711088618	3.091498835	3.165820411	3.900470853	3.183661984	3.608305404
Prdm2	PRDM2	2.292228873	3.408987266	3.510146324	4.026238469	4.323292875	3.956906946
Prdx1	PRDX1	5.717571651	5.913887648	6.021755502	4.929131951	6.666366397	5.949734918
Prdx2	PRDX2	5.592511033	5.837581133	4.673542613	4.737459092	5.307174032	5.17228453
Prdx3	PRDX3	4.437863651	5.580460698	5.473627628	5.223230826	5.354002693	4.838335991
Prdx4	PRDX4	4.938004346	5.950559801	5.936565594	5.853334489	6.654869849	5.861587929
Prdx5	PRDX5	5.592511033	6.629398806	6.319280955	5.65522648	6.358469287	6.032744293
Prdx6	PRDX6	5.592511033	6.15275112	5.979796879	5.070602553	6.042083031	5.824741032
Preb	PREB	5.455297886	6.758582931	7.021924646	6.782949095	6.459822503	6.702905894
Prelid1	PRELID1	5.132612588	5.913887648	5.206296207	5.724382011	5.522006445	5.391457635
Prelid2	PRELID2	2.292228873	3.83650285	3.165820411	3.832119018	3.558435071	3.500138199
Prelid3b	PRELID3B	4.437863651	4.49923408	4.436203012	4.084488666	4.59988523	4.875631332
Prep	PREP	2.292228873	3.83650285	4.436203012	3.965024055	4.619691648	4.029715045
Prepl	PREPL	3.602843836	3.83650285	4.145532614	3.597638182	3.811388859	3.956906946
Prg4	PRG4	4.938004346	4.39170543	4.778048871	4.430133851	5.176217313	5.230385876
Primpol	PRIMPOL	4.091264967	2.292228873	3.763912372	3.965024055	3.431616404	3.706273732
Prkaa2	PRKAA2	5.592511033	4.777589417	4.778048871	3.900470853	4.406834785	4.098370521
Prkab1	PRKAB1	3.602843836	4.274415856	4.145532614	4.084488666	3.952866194	4.098370521
Prkaca	PRKACA	4.711088618	5.3787305	4.87505964	5.382446192	5.246343831	5.17228453
Prkacb	PRKACB	4.091264967	4.777589417	4.299146326	3.900470853	4.347720348	4.098370521
Prkag1	PRKAG1	3.602843836	4.145159234	4.299146326	4.293360774	3.919081189	4.029715045
Prkag2	PRKAG2	5.303241568	4.598618344	5.278065415	4.836669376	4.395226294	4.54369877
Prkar1a	PRKAR1A	4.711088618	5.008278679	4.673542613	5.070602553	5.221249743	5.142297742
Prkar2a	PRKAR2A	4.091264967	4.598618344	4.778048871	3.759393139	4.750687228	4.098370521
Prkcd	PRKCD	2.292228873	3.408987266	4.145532614	3.900470853	3.627507726	3.500138199
Prkce	PRKCE	4.091264967	4.145159234	4.436203012	5.070602553	4.260098036	4.495741634
Prkci	PRKCI	4.091264967	3.091498835	3.763912372	3.900470853	3.431616404	3.879313446
Prkcsh	PRKCSH	5.938807313	5.714842213	5.798387868	7.125097585	6.878859847	6.986186862
Prkcz	PRKCZ	3.602843836	3.64434534	3.763912372	3.832119018	3.458330152	3.608305404
Prkd2	PRKD2	3.602843836	3.091498835	4.560188889	4.430133851	3.558435071	3.796124561
Prkd3	PRKD3	5.132612588	5.714842213	5.798387868	6.648045969	6.144559378	5.824741032
Prkn	PRKN	4.938004346	3.64434534	3.510146324	4.026238469	3.346584847	3.378600384
Prlr	PRLR	4.091264967	4.000784638	3.510146324	4.340586378	6.661778817	5.416590921
Prmt6	PRMT6	4.091264967	2.292228873	3.165820411	3.292857758	3.581976371	4.029715045
Prmt7	PRMT7	4.437863651	3.091498835	3.763912372	3.832119018	3.692316346	4.225153074
Prnp	PRNP	4.091264967	4.145159234	3.763912372	4.140084684	4.714545298	4.163379181
Prob1	PROB1	2.292228873	4.39170543	4.145532614	4.084488666	3.866495286	3.500138199
Prodh	PRODH	7.031210357	6.895940977	6.7509247	5.724382011	6.233996251	6.68256055
Prodh2	PRODH2	7.123778054	7.243388234	7.351602222	8.324387628	7.345427545	7.479843643
Prom1	PROM1	2.292228873	2.292228873	2.292228873	4.929131951	3.316379787	2.84495281
Prom2	PROM2	2.292228873	2.292228873	2.292228873	3.832119018	5.295217939	4.225153074
Pros1	PROS1	6.217134759	5.986311642	6.062515049	4.804399523	5.469972058	4.495741634
Prox1	PROX1	5.455297886	5.580460698	5.53320357	5.985670459	6.097650619	6.032744293
Proz	PROZ	7.51403108	7.605404744	7.737080843	7.793174208	7.999891136	7.846811233
Prpf4b	PRP4K	4.091264967	5.323426062	4.778048871	5.360779987	5.547320755	5.728212593
Prpf18	PRPF18	4.091264967	4.935621319	4.299146326	4.38613548	4.094059111	4.163379181
Prpf19	PRPF19	4.711088618	5.265846922	5.130626579	5.015745746	5.432368972	4.947299018
Prpf3	PRPF3	4.437863651	4.145159234	4.560188889	4.193286682	3.985710867	4.284033266
Prpf39	PRPF39	6.037737533	5.143029108	4.87505964	5.65522648	4.918215799	4.911934359
Prpf40a	PRPF40A	4.437863651	4.935621319	4.436203012	4.804399523	4.359761994	4.163379181
Prpf40b	PRPF40B	5.132612588	4.858895188	5.590365196	5.015745746	4.441050082	4.54369877
Prpf6	PRPF6	4.711088618	4.935621319	4.87505964	4.836669376	4.741742161	4.634693451
Prpf8	PRPF8	4.711088618	5.265846922	5.050590043	4.987476573	5.233853228	5.339799106
Prps1l3	PRPS1	4.711088618	4.274415856	4.145532614	4.026238469	4.094059111	4.340305924
Prpsap1	PRPSAP1	5.938807313	5.714842213	5.749173232	5.601048842	5.552329575	5.64596224
Prr12	PRR12	4.938004346	4.49923408	4.673542613	4.430133851	4.371692044	4.838335991
Prr14	PRR14	3.602843836	4.145159234	4.145532614	4.513911063	4.179842907	4.54369877
Prr14l	PRR14L	3.602843836	3.83650285	4.145532614	3.506312947	4.07916153	4.284033266
Prr16	PRR16	4.437863651	5.008278679	4.87505964	4.737459092	5.252547451	5.416590921
Prr5	PRR5	3.602843836	3.83650285	4.673542613	4.084488666	3.604991145	3.956906946
Prr5l	PRR5L	3.602843836	3.408987266	2.292228873	4.340586378	3.375808356	3.238392553
Prrc1	PRRC1	5.132612588	4.598618344	4.560188889	4.340586378	4.72367206	4.911934359
Prrc2a	PRRC2A	5.717571651	5.008278679	5.53320357	5.601048842	5.453979345	5.687684177
Prrc2b	PRRC2B	5.592511033	4.935621319	4.778048871	5.563741544	5.163078601	5.142297742
Prrc2c	PRRC2C	5.132612588	5.205791466	4.299146326	4.630363967	5.270994609	5.2861627
Prrg2	PRRG2	4.437863651	3.83650285	4.145532614	4.293360774	4.463370872	4.340305924
Prss53	PRSS53	4.437863651	4.274415856	4.299146326	3.900470853	3.534336095	3.706273732
Prss8	PRSS8	3.602843836	4.145159234	5.278065415	4.899001256	4.506901571	3.879313446
Prtn3	PRTN3	2.292228873	2.292228873	3.510146324	3.292857758	5.542294097	4.677961688
Prxl2a	PRXL2A	4.437863651	5.580460698	4.965627447	6.566195247	6.117943284	5.824741032
Prxl2c	PRXL2C	4.091264967	4.598618344	4.87505964	4.293360774	4.902360024	3.879313446
Psap	PSAP	6.769803104	6.838672662	6.915142234	6.566195247	6.61032365	6.185546781
Psd3	PSD3	4.091264967	4.49923408	4.673542613	4.38613548	4.768401571	4.589975336
Psd4	PSD4	3.602843836	3.64434534	3.165820411	3.965024055	3.884290412	3.956906946
Psen1	PSEN1	5.132612588	4.145159234	4.673542613	4.38613548	4.759573426	4.394213984
Psen2	PSEN2	6.130250267	7.021313351	6.870105582	6.556805751	6.224676945	6.126372578
Psenen	PSENEN	3.602843836	4.935621319	4.299146326	4.59267106	5.662888329	5.048238323
Psip1	PSIP1	4.091264967	4.274415856	4.299146326	4.193286682	4.559363906	4.634693451
Pskh1	PSKH1	3.602843836	4.598618344	4.778048871	3.832119018	4.298390021	3.879313446
Psma1	PSMA1	4.711088618	5.265846922	4.778048871	4.630363967	5.169663478	5.048238323
Psma3	PSMA3	3.602843836	3.091498835	3.763912372	3.832119018	4.123321403	3.879313446
Psma4	PSMA4	4.437863651	5.48320442	5.346327862	4.86819141	5.591773098	5.015407237
Psma5	PSMA5	2.292228873	4.598618344	4.560188889	4.193286682	4.59988523	4.760526782
Psma6	PSMA6	4.711088618	5.205791466	4.87505964	4.340586378	5.182740408	5.142297742
Psma7	PSMA7	2.292228873	4.39170543	4.145532614	3.759393139	4.220611239	4.163379181
Psmb1	PSMB1	4.091264967	4.777589417	4.560188889	4.293360774	5.116088944	4.9817748
Psmb10	PSMB10	4.091264967	5.077294272	4.299146326	3.900470853	4.750687228	4.54369877
Psmb2	PSMB2	3.602843836	4.274415856	4.145532614	4.140084684	5.046070042	4.9817748
Psmb5	PSMB5	6.037737533	6.914534475	6.140700639	5.913673627	5.900725789	6.297019917
Psmb6	PSMB6	4.938004346	5.008278679	3.970060753	4.702701458	5.189233058	4.947299018
Psmb7	PSMB7	4.938004346	5.008278679	4.299146326	3.965024055	4.53862862	4.098370521
Psmb8	PSMB8	4.437863651	4.858895188	4.965627447	4.38613548	4.933890021	4.634693451
Psmb9	PSMB9	4.437863651	4.145159234	4.436203012	4.140084684	4.47438987	3.879313446
Psmc1	PSMC1	5.592511033	4.49923408	3.763912372	4.244315549	4.609825279	4.719877086
Psmc2	PSMC2	4.938004346	5.3787305	5.050590043	4.430133851	5.36546935	5.201638223
Psmc3	PSMC3	5.455297886	5.205791466	4.436203012	4.771343338	5.591773098	5.2861627
Psmc4	PSMC4	5.132612588	5.077294272	4.436203012	4.702701458	5.648948358	5.535933184
Psmc5	PSMC5	5.592511033	5.143029108	5.278065415	5.270600463	5.359747743	5.2861627
Psmc6	PSMC6	5.832489373	5.580460698	5.590365196	5.601048842	5.009683266	5.313237834
Psmd1	PSMD1	5.592511033	5.714842213	5.050590043	4.987476573	5.246343831	4.9817748
Psmd11	PSMD11	4.938004346	5.671450398	5.698190108	4.958614196	5.202128193	5.048238323
Psmd12	PSMD12	4.711088618	4.935621319	5.278065415	4.836669376	5.046070042	4.911934359
Psmd13	PSMD13	4.437863651	5.205791466	4.87505964	4.804399523	5.221249743	5.080306881
Psmd14	PSMD14	4.091264967	4.145159234	3.970060753	3.681556414	3.969402258	4.098370521
Psmd2	PSMD2	4.711088618	5.077294272	4.87505964	4.899001256	5.102365673	5.365866194
Psmd3	PSMD3	4.938004346	4.935621319	5.346327862	5.174194573	5.024353391	5.17228453
Psmd4	PSMD4	5.303241568	4.598618344	4.778048871	4.929131951	4.777172461	4.634693451
Psmd5	PSMD5	4.091264967	3.408987266	3.970060753	4.293360774	4.048808169	3.706273732
Psmd6	PSMD6	4.437863651	5.323426062	4.673542613	4.702701458	4.870085739	4.495741634
Psmd7	PSMD7	5.592511033	4.935621319	5.130626579	4.958614196	5.156462374	4.838335991
Psmd8	PSMD8	4.437863651	4.858895188	4.673542613	4.430133851	5.0603603	4.719877086
Psmd9	PSMD9	4.437863651	4.858895188	4.673542613	3.759393139	4.485316891	4.589975336
Psme1	PSME1	5.717571651	5.913887648	5.411419086	5.097235377	5.572189019	5.416590921
Psme2b	PSME2	4.711088618	4.858895188	3.970060753	4.140084684	4.549036926	3.879313446
Psme3	PSME3	5.303241568	5.671450398	4.673542613	4.472692728	5.024353391	5.17228453
Psme4	PSME4	4.711088618	5.265846922	4.965627447	4.430133851	4.193580519	4.163379181
Psmf1	PSMF1	4.091264967	3.83650285	3.763912372	4.026238469	4.272990782	4.495741634
Psmg1	PSMG1	4.711088618	4.39170543	3.970060753	4.140084684	4.123321403	3.706273732
Psmg3	PSMG3	3.602843836	4.145159234	3.970060753	4.193286682	4.285753821	4.394213984
Psmg4	PSMG4	3.602843836	3.091498835	4.145532614	4.026238469	4.310902149	4.225153074
Pspc1	PSPC1	4.437863651	4.858895188	3.510146324	4.472692728	4.441050082	4.54369877
Psph	PSPH	3.602843836	3.091498835	3.510146324	4.293360774	4.06407965	4.284033266
Pstpip2	PSTPIP2	4.938004346	4.49923408	4.673542613	4.55387734	4.658443166	5.2861627
Ptar1	PTAR1	3.602843836	4.000784638	2.292228873	3.597638182	3.604991145	3.956906946
Ptbp1	PTBP1	5.717571651	5.323426062	5.206296207	5.65522648	5.485785141	5.17228453
Ptbp2	PTBP2	5.132612588	4.274415856	4.673542613	4.86819141	3.969402258	3.706273732
Ptbp3	PTBP3	4.091264967	4.935621319	5.206296207	5.015745746	5.149814489	4.9817748
Ptcd2	PTCD2	3.602843836	3.64434534	2.292228873	3.681556414	4.001799157	4.029715045
Ptcd3	PTCD3	4.711088618	4.598618344	4.673542613	4.430133851	4.165952177	4.394213984
Ptch1	PTCH1	4.437863651	3.64434534	4.299146326	4.771343338	4.56961092	4.54369877
Ptdss1	PTDSS1	3.602843836	3.64434534	4.145532614	4.513911063	4.902360024	5.080306881
Ptdss2	PTDSS2	3.602843836	3.091498835	4.145532614	4.193286682	3.733451903	3.796124561
Pter	PTER	5.592511033	4.39170543	4.560188889	5.123365638	5.74812574	4.947299018
Ptges2	PTGES2	3.602843836	3.83650285	3.970060753	3.900470853	4.260098036	3.796124561
Ptges3	PTGES3	5.132612588	4.691084662	4.673542613	3.900470853	4.629485501	4.495741634
Ptgfrn	PTGFRN	3.602843836	3.091498835	3.165820411	4.193286682	3.692316346	3.608305404
Ptgr2	PTGR2	5.132612588	5.48320442	5.278065415	5.070602553	4.972309166	4.799989364
Ptk2	PTK2	4.091264967	4.49923408	3.763912372	4.59267106	4.07916153	4.225153074
Ptk2b	PTK2B	5.132612588	4.49923408	5.050590043	4.630363967	4.406834785	4.163379181
Ptov1	PTOV1	5.132612588	5.265846922	4.673542613	4.804399523	4.72367206	4.838335991
Ptp4a2	PTP4A2	4.437863651	4.274415856	4.436203012	3.681556414	4.094059111	4.394213984
Ptp4a3	PTP4A3	4.938004346	4.145159234	4.778048871	3.832119018	3.108084759	3.706273732
Ptpa	PTPA	4.938004346	4.145159234	4.145532614	4.513911063	4.298390021	4.163379181
Ptpmt1	PTPMT1	6.450013302	5.714842213	5.473627628	5.223230826	5.270994609	4.9817748
Ptpn1	PTPN1	4.091264967	4.000784638	3.763912372	4.193286682	4.165952177	3.956906946
Ptpn11	PTPN11	4.091264967	5.205791466	4.778048871	4.702701458	4.910310882	4.9817748
Ptpn12	PTPN12	4.437863651	4.145159234	4.436203012	4.472692728	4.347720348	4.54369877
Ptpn2	PTPN2	4.711088618	4.000784638	4.560188889	3.597638182	3.866495286	4.44596579
Ptpn21	PTPN21	4.437863651	4.935621319	3.763912372	4.340586378	4.207168762	4.225153074
Ptpn23	PTPN23	4.091264967	3.83650285	3.510146324	3.965024055	4.048808169	3.879313446
Ptpn3	PTPN3	4.091264967	4.777589417	5.050590043	5.338773759	4.870085739	5.201638223
Ptpn6	PTPN6	3.602843836	3.83650285	4.145532614	4.140084684	3.919081189	3.796124561
Ptpn9	PTPN9	2.292228873	3.83650285	3.510146324	3.900470853	4.123321403	3.608305404
Ptpra	PTPRA	4.437863651	4.000784638	4.299146326	4.472692728	4.549036926	4.225153074
Ptprd	PTPRD	4.938004346	4.858895188	5.53320357	4.340586378	5.136422471	5.201638223
Ptpre	PTPRE	2.292228873	3.64434534	2.292228873	4.630363967	3.431616404	4.029715045
Ptprf	PTPRF	6.376515331	6.536330397	6.140700639	7.358807542	7.04647819	6.865111626
Ptprj	PTPRJ	4.091264967	4.858895188	5.050590043	5.316416351	5.307174032	4.799989364
Ptprk	PTPRK	4.437863651	4.777589417	5.473627628	5.123365638	5.102365673	4.875631332
Ptprs	PTPRS	4.091264967	3.091498835	3.510146324	4.244315549	3.316379787	3.706273732
Pts	PTS	4.938004346	4.598618344	4.673542613	4.140084684	4.23391141	3.879313446
Pttg1	PTTG1	4.938004346	5.532670511	4.965627447	5.097235377	5.102365673	5.015407237
Puf60	PUF60	5.303241568	4.935621319	5.590365196	4.737459092	5.469972058	5.748050545
Pum1	PUM1	5.455297886	4.691084662	4.673542613	4.836669376	4.639207972	4.495741634
Pum2	PUM2	4.437863651	4.39170543	4.560188889	4.55387734	4.383512751	4.225153074
Pum3	PUM3	3.602843836	4.274415856	4.778048871	4.193286682	4.441050082	4.029715045
Pura	PURA	4.091264967	5.323426062	4.673542613	4.836669376	4.878226113	5.339799106
Purb	PURB	4.938004346	5.265846922	5.130626579	4.430133851	5.116088944	4.760526782
Pus1	PUS1	2.292228873	3.64434534	4.299146326	4.193286682	4.371692044	4.634693451
Pus10	PUS10	4.711088618	4.145159234	4.145532614	4.026238469	3.792408556	3.956906946
Pvr	PVR	4.091264967	4.49923408	3.763912372	3.597638182	3.952866194	3.956906946
Pwp2	PWP2	2.292228873	4.39170543	3.165820411	3.759393139	3.919081189	4.098370521
Pwwp2a	PWWP2A	5.455297886	4.777589417	5.050590043	4.737459092	4.285753821	4.911934359
Pwwp3a	PWWP3A	4.437863651	3.83650285	3.763912372	4.430133851	3.830055489	4.029715045
Pxdc1	PXDC1	5.132612588	4.598618344	4.145532614	4.513911063	5.031630323	4.875631332
Pxk	PXK	5.717571651	4.49923408	4.299146326	4.59267106	4.429744728	4.44596579
Pxmp2	PXMP2	4.091264967	6.021188752	5.050590043	5.999643414	6.196349057	5.728212593
Pxmp4	PXMP4	4.091264967	4.274415856	4.436203012	4.836669376	4.902360024	4.634693451
Pxn	PXN	3.602843836	4.000784638	3.970060753	4.771343338	4.732737389	4.44596579
Pygb	PYGB	3.602843836	4.49923408	3.165820411	4.340586378	4.47438987	4.098370521
Pygl	PYGL	5.592511033	6.651752694	6.352470645	5.985670459	6.780773379	5.824741032
Pygo2	PYGO2	4.711088618	3.83650285	4.436203012	3.759393139	3.969402258	4.098370521
Pym1	PYM1	3.602843836	4.145159234	4.560188889	4.630363967	4.179842907	4.719877086
Pyroxd1	PYROXD1	2.292228873	3.83650285	3.763912372	4.193286682	3.604991145	4.029715045
Pyroxd2	PYROXD2	5.717571651	5.143029108	6.384908669	5.149012642	4.853657745	4.947299018
Mug1	PZP	8.141497808	8.313634073	8.8560068	8.04843891	8.540993382	7.64116891
Qdpr	QDPR	5.717571651	6.986593786	5.979796879	6.332964318	7.099969649	6.819274658
Qpctl	QPCTL	3.602843836	4.39170543	3.763912372	4.55387734	4.47438987	4.225153074
Qprt	QPRT	4.437863651	6.758582931	6.319280955	5.853334489	6.264629332	6.199965341
Qrich1	QRICH1	5.455297886	4.598618344	5.346327862	5.149012642	4.667958021	4.875631332
Qsox1	QSOX1	8.07356518	8.375251354	8.080930322	7.364190675	8.746268006	8.131581876
Qtrt1	QTRT1	3.602843836	4.000784638	4.299146326	3.900470853	3.346584847	3.378600384
Qtrt2	QTRT2	4.091264967	3.83650285	3.970060753	3.900470853	3.431616404	3.378600384
R3hcc1l	R3HCC1L	4.711088618	3.83650285	3.970060753	4.084488666	3.692316346	4.029715045
R3hdm1	R3HDM1	4.091264967	4.777589417	5.346327862	4.836669376	4.207168762	4.54369877
R3hdm2	R3HDM2	5.132612588	5.837581133	5.278065415	5.601048842	5.496229424	5.897504338
R3hdm4	R3HDM4	4.437863651	4.935621319	4.560188889	4.630363967	4.667958021	4.719877086
Rab10	RAB10	4.437863651	4.145159234	4.560188889	3.506312947	4.165952177	4.394213984
Rab11b	RAB11B	2.292228873	4.858895188	4.299146326	4.513911063	4.589870308	4.44596579
Rab11fip1	RAB11FIP1	2.292228873	3.091498835	3.510146324	3.292857758	3.604991145	3.956906946
Rab11fip2	RAB11FIP2	3.602843836	3.408987266	4.436203012	3.965024055	3.458330152	3.378600384
Rab11fip3	RAB11FIP3	4.711088618	4.935621319	3.970060753	4.55387734	4.260098036	4.911934359
Rab12	RAB12	3.602843836	4.000784638	3.763912372	3.759393139	3.919081189	4.284033266
Rab14	RAB14	5.717571651	5.626687005	5.346327862	5.338773759	5.53218674	5.48940264
Rab17	RAB17	4.091264967	4.000784638	3.510146324	3.292857758	4.137695583	4.163379181
Rab18	RAB18	5.455297886	5.265846922	5.411419086	4.771343338	5.511752127	5.48940264
Rab1a	RAB1A	5.303241568	6.183831903	6.021755502	4.987476573	5.987946587	5.602972942
Rab1b	RAB1B	5.303241568	4.858895188	5.050590043	5.123365638	5.527105777	5.339799106
Rab20	RAB20	4.711088618	3.83650285	4.145532614	3.832119018	4.033341529	4.340305924
Rab21	RAB21	4.711088618	5.431937627	4.436203012	4.836669376	5.038869068	5.512859863
Rab22a	RAB22A	4.437863651	4.145159234	3.970060753	4.193286682	4.323292875	4.394213984
Rab24	RAB24	5.592511033	5.265846922	4.778048871	5.790321307	5.095452721	5.230385876
Rab2a	RAB2A	4.938004346	4.598618344	4.965627447	4.293360774	5.002289206	4.9817748
Rab30	RAB30	3.602843836	3.408987266	3.510146324	3.832119018	3.404129273	2.84495281
Rab35	RAB35	4.091264967	4.274415856	3.970060753	3.965024055	3.985710867	4.163379181
Rab3d	RAB3D	4.437863651	3.83650285	4.145532614	4.86819141	3.901815905	4.340305924
Rab3gap1	RAB3GAP1	4.437863651	4.274415856	4.965627447	4.472692728	4.383512751	4.225153074
Rab3gap2	RAB3GAP2	4.437863651	4.274415856	3.970060753	4.929131951	4.310902149	4.44596579
Rab3ip	RAB3IP	5.832489373	4.935621319	5.050590043	4.702701458	4.677405762	4.495741634
Rab40c	RAB40C	4.437863651	4.000784638	3.510146324	4.193286682	3.919081189	3.796124561
Rab43	RAB43	6.217134759	5.876245896	5.698190108	5.999643414	6.024264888	6.032744293
Rab4a	RAB4A	4.091264967	4.274415856	4.87505964	4.59267106	4.803149344	5.142297742
Rab4b	RAB4B	5.303241568	4.598618344	5.206296207	5.338773759	5.009683266	5.142297742
Rab5a	RAB5A	4.437863651	4.777589417	4.299146326	4.026238469	4.639207972	4.163379181
Rab5b	RAB5B	3.602843836	4.000784638	4.436203012	4.244315549	4.429744728	4.340305924
Rab5c	RAB5C	4.437863651	4.598618344	3.510146324	3.506312947	5.053233652	4.634693451
Rab5if	RAB5IF	4.711088618	5.837581133	6.416628544	5.619339583	5.923998948	6.095840312
Rab6a	RAB6A	2.292228873	4.000784638	4.560188889	4.59267106	4.528137589	4.54369877
Rab7	RAB7A	4.437863651	5.205791466	4.299146326	4.084488666	5.221249743	5.048238323
Rab8a	RAB8A	4.091264967	5.143029108	4.965627447	4.38613548	5.156462374	5.080306881
Rab9	RAB9A	4.711088618	4.39170543	4.560188889	3.597638182	4.285753821	4.394213984
Rabac1	RABAC1	5.303241568	5.431937627	4.965627447	4.836669376	5.252547451	5.365866194
Rabep1	RABEP1	6.299041974	5.48320442	6.021755502	5.54471171	5.307174032	5.339799106
Rabep2	RABEP2	2.292228873	3.64434534	4.87505964	4.804399523	3.581976371	4.394213984
Rabgap1	RABGAP1	4.437863651	3.83650285	4.145532614	4.38613548	3.969402258	3.796124561
Rabgap1l	RABGAP1L	5.832489373	5.950559801	6.178245225	5.601048842	5.426914089	5.897504338
Rabgef1	RABGEF1	3.602843836	4.145159234	4.436203012	4.193286682	3.969402258	4.098370521
Rabggta	RABGGTA	5.717571651	4.858895188	4.778048871	4.899001256	4.768401571	5.048238323
Rabggtb	RABGGTB	5.717571651	5.323426062	5.130626579	5.382446192	5.017037848	5.313237834
Rabif	RABIF	4.437863651	4.145159234	4.299146326	4.244315549	4.23391141	4.029715045
Rabl6	RABL6	4.711088618	4.49923408	5.050590043	4.293360774	4.07916153	4.44596579
Rac1	RAC1	4.437863651	2.292228873	3.510146324	4.084488666	4.07916153	3.796124561
Rack1	RACK1	5.938807313	5.950559801	6.062515049	6.782949095	6.101052816	6.064640927
Rad23a	RAD23A	4.711088618	4.598618344	4.436203012	4.193286682	4.845368866	4.163379181
Rad23b	RAD23B	5.132612588	5.143029108	4.965627447	5.015745746	5.301208759	4.947299018
Rad50	RAD50	4.091264967	4.145159234	3.510146324	4.193286682	3.773101672	3.706273732
Rad51d	RAD51D	4.437863651	4.000784638	4.436203012	4.193286682	3.952866194	4.284033266
Rad54l2	RAD54L2	4.091264967	3.091498835	4.436203012	4.340586378	4.648860167	5.015407237
Rae1	RAE1	4.437863651	4.274415856	3.970060753	4.140084684	4.151904426	4.029715045
Raf1	RAF1	6.130250267	5.3787305	5.346327862	5.868660856	5.437802773	5.535933184
Rai1	RAI1	4.091264967	4.145159234	4.87505964	4.293360774	4.260098036	4.495741634
Rai14	RAI14	4.091264967	4.858895188	4.299146326	4.084488666	4.972309166	4.9817748
Ralb	RALB	4.091264967	3.64434534	2.292228873	4.026238469	4.033341529	3.879313446
Ralbp1	RALBP1	2.292228873	4.598618344	4.436203012	4.293360774	4.207168762	4.719877086
Ralgapa1	RALGAPA1	4.091264967	3.408987266	4.145532614	4.026238469	4.179842907	4.225153074
Ralgapa2	RALGAPA2	5.132612588	5.143029108	4.778048871	6.157444528	5.557320685	5.535933184
Ralgapb	RALGAPB	4.091264967	3.64434534	3.970060753	3.965024055	3.753454394	3.879313446
Ralgps2	RALGPS2	4.437863651	4.49923408	4.778048871	4.630363967	4.452258194	4.634693451
Raly	RALY	4.437863651	5.265846922	4.299146326	4.630363967	5.246343831	5.080306881
Ranbp1	RANBP1	4.091264967	4.39170543	4.145532614	3.832119018	4.347720348	4.394213984
Ranbp10	RANBP10	5.303241568	4.598618344	4.87505964	4.244315549	4.496153589	4.719877086
Ranbp2	RANBP2	4.711088618	4.598618344	4.145532614	4.193286682	4.732737389	4.719877086
Ranbp3	RANBP3	3.602843836	4.691084662	4.87505964	5.015745746	4.137695583	4.284033266
Ranbp9	RANBP9	4.711088618	4.691084662	4.965627447	4.987476573	4.220611239	4.284033266
Rangap1	RANGAP1	4.091264967	4.858895188	4.778048871	4.140084684	4.933890021	4.760526782
Rap1a	RAP1A	3.602843836	4.691084662	4.145532614	4.084488666	4.094059111	3.879313446
Rap1b	RAP1B	4.091264967	4.858895188	4.145532614	4.140084684	4.310902149	4.634693451
Rap1gds1	RAP1GDS1	4.091264967	3.64434534	3.165820411	3.900470853	3.6711476	3.879313446
Rap2c	RAP2C	4.091264967	4.274415856	4.560188889	4.340586378	4.59988523	4.163379181
Rapgef1	RAPGEF1	4.437863651	4.145159234	4.436203012	4.630363967	4.994855223	4.677961688
Rapgef2	RAPGEF2	4.938004346	4.49923408	4.87505964	4.084488666	4.048808169	4.394213984
Rapgef4	RAPGEF4	7.443985712	6.384322488	7.284588185	5.525421762	6.770160223	6.461474898
Rapgef6	RAPGEF6	2.292228873	3.091498835	3.970060753	4.026238469	3.884290412	3.608305404
Raph1	RAPH1	5.592511033	5.205791466	5.278065415	5.601048842	5.53218674	5.748050545
Rara	RARA	4.938004346	5.008278679	5.53320357	4.667021062	4.59988523	5.17228453
Rarb	RARB	4.091264967	3.64434534	3.165820411	3.162995548	3.558435071	4.098370521
Rarg	RARG	3.602843836	3.408987266	3.970060753	4.38613548	4.094059111	3.956906946
Rarres1	RARRES1	6.982592848	5.837581133	6.47803707	5.403782997	6.32979947	5.230385876
Rarres2	RARRES2	8.327973848	9.46525513	8.350195267	8.769624349	9.141813433	8.48810514
Rasa1	RASA1	4.091264967	4.274415856	4.145532614	4.293360774	3.773101672	3.796124561
Rasa3	RASA3	2.292228873	3.091498835	3.165820411	3.900470853	3.285101813	3.706273732
Rasal1	RASAL1	2.292228873	4.145159234	3.970060753	4.513911063	3.183661984	2.84495281
Rasgef1b	RASGEF1B	3.602843836	5.077294272	5.130626579	4.472692728	4.496153589	4.225153074
Rasgrp2	RASGRP2	4.711088618	4.000784638	5.206296207	6.708630591	5.240112509	5.580978012
Rasip1	RASIP1	2.292228873	3.091498835	3.510146324	4.084488666	3.183661984	3.069261795
Rassf3	RASSF3	4.711088618	4.49923408	4.87505964	5.637396796	5.074504286	4.875631332
Rassf4	RASSF4	4.091264967	3.091498835	3.763912372	4.244315549	3.346584847	3.238392553
Rassf6	RASSF6	4.711088618	3.83650285	4.87505964	4.59267106	3.811388859	3.956906946
Rassf7	RASSF7	3.602843836	4.274415856	4.778048871	4.771343338	4.639207972	5.048238323
Rassf8	RASSF8	4.711088618	6.021188752	4.436203012	5.486031712	5.129677693	5.416590921
Rb1cc1	RB1CC1	4.091264967	4.145159234	4.299146326	4.340586378	4.108777455	4.098370521
Rbbp4	RBBP4	5.303241568	4.598618344	5.206296207	4.38613548	4.811698872	5.015407237
Rbbp5	RBBP5	4.091264967	4.691084662	4.560188889	3.900470853	4.06407965	4.098370521
Rbbp6	RBBP6	4.437863651	3.83650285	4.560188889	4.737459092	4.528137589	4.799989364
Rbbp7	RBBP7	4.711088618	4.598618344	4.299146326	4.630363967	4.714545298	4.44596579
Rbck1	RBCK1	5.303241568	4.49923408	5.473627628	5.424800519	4.933890021	4.875631332
Rbfa	RBFA	3.602843836	5.532670511	4.299146326	4.86819141	4.759573426	4.589975336
Rbfox2	RBFOX2	4.711088618	3.83650285	5.050590043	5.563741544	5.031630323	5.17228453
Rbl2	RBL2	3.602843836	3.83650285	3.970060753	4.244315549	4.395226294	4.163379181
Rbm10	RBM10	4.437863651	3.83650285	4.145532614	4.193286682	4.017673899	4.340305924
Rbm12b2	RBM12B	2.292228873	3.83650285	3.763912372	3.900470853	3.866495286	3.608305404
Rbm14	RBM14	6.037737533	5.3787305	5.130626579	5.223230826	5.246343831	5.258552798
Rbm15	RBM15	3.602843836	4.691084662	4.436203012	4.55387734	4.941660401	5.048238323
Rbm15b	RBM15B	4.091264967	3.64434534	3.970060753	3.597638182	3.773101672	4.029715045
Rbm17	RBM17	4.711088618	4.49923408	5.590365196	4.630363967	4.894362663	5.080306881
Rbm22	RBM22	4.437863651	3.64434534	4.436203012	3.900470853	3.773101672	3.879313446
Rbm25	RBM25	5.938807313	4.935621319	5.278065415	6.169840245	5.102365673	5.416590921
Rbm26	RBM26	4.091264967	5.077294272	5.050590043	5.123365638	4.619691648	5.048238323
Rbm27	RBM27	3.602843836	4.000784638	3.165820411	4.244315549	3.627507726	3.500138199
Rbm28	RBM28	5.455297886	4.777589417	4.673542613	4.804399523	4.452258194	4.947299018
Rbm3	RBM3	4.938004346	2.292228873	4.778048871	4.430133851	4.06407965	4.340305924
Rbm33	RBM33	5.717571651	5.580460698	5.590365196	5.174194573	5.221249743	5.391457635
Rbm39	RBM39	5.455297886	4.858895188	4.965627447	5.601048842	4.811698872	5.111648885
Rbm4	RBM4	3.602843836	4.000784638	4.299146326	3.597638182	4.549036926	4.029715045
Rbm42	RBM42	4.437863651	5.008278679	4.299146326	4.59267106	4.972309166	4.799989364
Rbm45	RBM45	4.437863651	3.408987266	3.763912372	3.597638182	3.773101672	3.956906946
Rbm47	RBM47	6.586589754	6.15275112	6.647907453	5.757734578	5.965703069	5.666976855
Rbm5	RBM5	4.437863651	5.077294272	4.778048871	5.58251833	5.156462374	5.201638223
Rbm6	RBM6	2.292228873	5.077294272	4.87505964	4.340586378	4.56961092	4.677961688
Rbm7	RBM7	4.437863651	4.691084662	4.436203012	4.084488666	4.151904426	4.44596579
Rbms1	RBMS1	4.437863651	3.64434534	4.560188889	4.430133851	4.094059111	4.495741634
Rbms2	RBMS2	4.711088618	4.000784638	4.299146326	4.193286682	3.901815905	3.796124561
Rbmx	RBMX	4.437863651	4.49923408	4.299146326	4.193286682	4.207168762	4.340305924
Rbp1	RBP1	5.455297886	6.055233373	5.050590043	5.883823859	6.400426049	6.032744293
Rbp4	RBP4	10.61461051	11.2363557	10.83748742	11.94986241	11.72142835	11.56376005
Rbpms	RBPMS	6.826025488	5.797835345	6.062515049	6.321909508	5.591773098	5.666976855
Rbpms2	RBPMS2	4.091264967	4.935621319	4.778048871	4.430133851	4.56961092	4.9817748
Rbx1	RBX1	2.292228873	4.598618344	3.763912372	3.597638182	3.733451903	3.796124561
Rc3h1	RC3H1	4.437863651	4.274415856	5.130626579	4.702701458	4.429744728	4.44596579
Rc3h2	RC3H2	4.711088618	4.145159234	4.299146326	4.293360774	3.848420524	3.956906946
Rcbtb1	RCBTB1	5.938807313	4.691084662	5.050590043	5.637396796	5.009683266	5.142297742
Rcbtb2	RCBTB2	4.711088618	4.691084662	4.87505964	4.244315549	3.773101672	3.706273732
Rcc1	RCC1	3.602843836	4.145159234	3.763912372	3.900470853	3.375808356	3.796124561
Rcc1l	RCC1L	4.938004346	3.091498835	4.299146326	4.026238469	4.165952177	4.029715045
Rce1	RCE1	4.437863651	4.145159234	4.560188889	4.193286682	4.323292875	4.340305924
Rchy1	RCHY1	4.091264967	4.000784638	4.145532614	3.965024055	3.773101672	3.956906946
Rcl1	RCL1	4.437863651	4.691084662	5.050590043	5.338773759	4.794545591	5.2861627
Rcor1	RCOR1	3.602843836	3.408987266	3.970060753	4.084488666	3.952866194	4.098370521
Rcor3	RCOR3	4.711088618	4.145159234	4.436203012	4.737459092	4.165952177	4.098370521
Rdh10	RDH10	5.303241568	5.626687005	5.473627628	5.403782997	5.33078407	5.2861627
Rdh11	RDH11	2.292228873	5.008278679	4.299146326	6.18212939	6.073605516	6.283551535
Rdh16	RDH16	5.132612588	5.077294272	4.299146326	5.174194573	4.949386997	4.634693451
Rdh5	RDH5	3.602843836	4.39170543	4.778048871	5.868660856	4.750687228	4.677961688
Rdm1	RDM1	4.091264967	3.408987266	2.292228873	3.832119018	3.218881094	2.84495281
Rdx	RDX	5.132612588	5.48320442	5.278065415	4.958614196	5.163078601	5.17228453
Recql5	RECQL5	3.602843836	3.091498835	4.145532614	4.140084684	3.558435071	4.163379181
Reep3	REEP3	4.711088618	5.797835345	5.645304244	5.382446192	6.107832992	6.080325845
Reep4	REEP4	4.091264967	4.858895188	3.970060753	4.667021062	4.07916153	3.879313446
Reep5	REEP5	4.091264967	4.777589417	4.673542613	4.958614196	5.258723621	5.201638223
Rel	REL	4.437863651	4.000784638	3.165820411	3.832119018	3.316379787	3.796124561
Rela	RELA	4.938004346	4.777589417	4.560188889	4.737459092	5.319028825	4.799989364
Relch	RELCH	3.602843836	3.83650285	4.299146326	4.702701458	4.017673899	3.956906946
Rell1	RELL1	4.437863651	4.598618344	4.87505964	5.043446632	5.149814489	4.947299018
Reln	RELN	2.292228873	2.292228873	2.292228873	5.382446192	4.57977929	5.080306881
Repin1	REPIN1	4.437863651	5.714842213	5.278065415	5.223230826	5.169663478	5.17228453
Reps1	REPS1	5.303241568	4.145159234	3.970060753	4.38613548	3.848420524	4.029715045
Reps2	REPS2	4.437863651	4.39170543	4.87505964	3.965024055	4.220611239	4.225153074
Rer1	RER1	5.455297886	6.021188752	5.749173232	5.223230826	5.92014641	5.558635233
Rere	RERE	5.592511033	4.777589417	4.560188889	5.293696035	4.47438987	5.080306881
Resf1	RESF1	2.292228873	3.83650285	3.763912372	3.292857758	3.848420524	4.029715045
Retreg1	RETREG1	5.132612588	5.48320442	4.673542613	5.360779987	5.803628455	5.416590921
Retreg2	RETREG2	6.299041974	6.968914599	6.47803707	7.240848006	6.61032365	6.722967071
Retreg3	RETREG3	4.437863651	4.777589417	4.965627447	5.338773759	5.47526284	5.365866194
Retsat	RETSAT	6.880131208	6.651752694	7.196181181	7.252507921	7.195005028	7.229768724
Rev1	REV1	2.292228873	3.83650285	2.292228873	4.026238469	3.901815905	4.225153074
Rex1bd	REX1BD	2.292228873	4.777589417	4.299146326	4.293360774	4.47438987	4.340305924
Rexo1	REXO1	4.091264967	3.83650285	3.510146324	4.340586378	4.179842907	4.394213984
Rexo2	REXO2	5.455297886	6.12097931	6.319280955	5.070602553	5.557320685	5.897504338
Rexo4	REXO4	4.437863651	4.39170543	4.145532614	4.55387734	4.247072608	4.589975336
Rfc2	RFC2	4.711088618	4.49923408	4.145532614	4.244315549	4.220611239	4.163379181
Rfesd	RFESD	2.292228873	2.292228873	4.299146326	3.965024055	3.558435071	4.029715045
Rffl	RFFL	4.711088618	4.691084662	4.778048871	4.667021062	4.639207972	4.677961688
Rfk	RFK	4.711088618	4.000784638	4.436203012	4.026238469	4.57977929	3.796124561
Rft1	RFT1	3.602843836	4.145159234	4.145532614	4.472692728	4.06407965	3.500138199
Rfx1	RFX1	4.091264967	3.83650285	4.560188889	4.38613548	3.811388859	3.879313446
Rfx5	RFX5	4.437863651	4.145159234	4.299146326	4.293360774	3.713078272	3.879313446
Rfx7	RFX7	4.437863651	3.83650285	4.299146326	3.759393139	3.692316346	4.098370521
Rfxank	RFXANK	3.602843836	4.000784638	4.560188889	4.340586378	4.207168762	4.284033266
Rfxap	RFXAP	4.091264967	4.274415856	3.763912372	3.832119018	4.094059111	3.608305404
Rgl1	RGL1	2.292228873	3.091498835	3.970060753	4.472692728	3.830055489	3.879313446
Rgl2	RGL2	5.832489373	5.008278679	4.778048871	5.070602553	3.952866194	4.495741634
Rgl3	RGL3	5.303241568	4.49923408	4.299146326	5.198928573	4.861896491	5.111648885
Rgn	RGN	3.602843836	6.021188752	5.050590043	4.804399523	6.921672852	6.387910015
Rgp1	RGP1	4.711088618	3.83650285	4.436203012	3.900470853	3.985710867	4.029715045
Rgs16	RGS16	5.717571651	5.75694536	7.082385311	8.373229243	7.762856717	6.412853534
Rgs3	RGS3	4.437863651	3.408987266	4.560188889	3.832119018	4.506901571	4.098370521
Rhbdd1	RHBDD1	4.711088618	4.145159234	4.436203012	4.59267106	4.441050082	4.44596579
Rhbdd2	RHBDD2	3.602843836	4.145159234	4.436203012	4.472692728	4.165952177	4.284033266
Rhbdd3	RHBDD3	4.091264967	4.39170543	4.87505964	4.293360774	4.07916153	4.394213984
Rhbdf1	RHBDF1	3.602843836	4.274415856	3.763912372	5.247116631	3.753454394	4.225153074
Rhbdf2	RHBDF2	5.717571651	4.274415856	4.673542613	5.097235377	4.463370872	4.719877086
Rhbdl1	RHBDL1	2.292228873	3.091498835	3.510146324	4.084488666	3.375808356	3.500138199
Rheb	RHEB	4.437863651	4.858895188	4.673542613	3.900470853	4.452258194	4.098370521
Rhoa	RHOA	3.602843836	4.49923408	4.299146326	4.59267106	4.853657745	4.394213984
Rhob	RHOB	4.711088618	4.858895188	3.970060753	4.899001256	4.72367206	4.340305924
Rhobtb1	RHOBTB1	4.437863651	5.143029108	4.778048871	5.486031712	4.837029207	5.416590921
Rhoc	RHOC	5.132612588	4.691084662	4.436203012	4.38613548	4.803149344	4.284033266
Rhod	RHOD	5.132612588	5.205791466	5.206296207	5.223230826	5.024353391	5.080306881
Rhog	RHOG	4.711088618	4.691084662	3.165820411	4.513911063	3.884290412	3.796124561
Rhot1	RHOT1	5.592511033	4.49923408	4.87505964	4.193286682	4.207168762	4.495741634
Rhot2	RHOT2	5.455297886	4.39170543	4.145532614	4.667021062	4.193580519	4.495741634
Rhou	RHOU	7.167920699	6.410802978	5.749173232	5.741156304	6.285688873	5.983520849
Rhpn2	RHPN2	4.437863651	3.408987266	3.970060753	4.026238469	3.604991145	3.378600384
Ric1	RIC1	4.091264967	4.598618344	4.87505964	4.737459092	4.463370872	4.54369877
Ric8a	RIC8A	4.437863651	3.408987266	4.560188889	4.140084684	4.359761994	4.799989364
Rictor	RICTOR	4.938004346	4.598618344	3.510146324	4.771343338	4.406834785	4.634693451
Rida	RIDA	6.586589754	7.328988696	7.301636339	6.479391884	7.569818632	6.752543131
Rilp	RILP	4.938004346	5.077294272	5.936565594	5.837841147	4.811698872	5.313237834
Rilpl2	RILPL2	2.292228873	3.408987266	3.510146324	3.900470853	3.713078272	3.706273732
Rin3	RIN3	5.592511033	4.935621319	4.965627447	5.58251833	4.549036926	4.911934359
Ring1	RING1	4.938004346	4.858895188	4.87505964	4.702701458	4.094059111	4.54369877
Rint1	RINT1	4.437863651	4.000784638	5.130626579	4.702701458	3.936095152	4.634693451
Riok2	RIOK2	4.437863651	4.000784638	4.560188889	4.804399523	4.323292875	4.163379181
Riok3	RIOK3	4.711088618	5.626687005	5.590365196	5.123365638	4.861896491	5.048238323
Ripk1	RIPK1	4.091264967	4.49923408	3.970060753	4.472692728	4.528137589	4.44596579
Ripk2	RIPK2	2.292228873	4.145159234	4.436203012	3.900470853	3.581976371	3.706273732
Ripor1	RIPOR1	3.602843836	3.64434534	4.145532614	4.084488666	3.581976371	3.500138199
Rit1	RIT1	3.602843836	4.598618344	4.436203012	3.965024055	4.001799157	4.225153074
Rlim	RLIM	4.091264967	4.39170543	4.436203012	4.430133851	4.517562398	4.340305924
Rmc1	RMC1	3.602843836	4.000784638	4.145532614	4.084488666	3.692316346	3.956906946
Rmdn1	RMDN1	4.091264967	4.49923408	4.299146326	4.513911063	4.272990782	4.634693451
Rmdn2	RMDN2	4.437863651	3.83650285	4.299146326	4.340586378	4.47438987	4.340305924
Rmdn3	RMDN3	5.132612588	4.49923408	4.436203012	4.804399523	5.202128193	4.911934359
Rmnd1	RMND1	4.091264967	4.145159234	4.145532614	3.900470853	3.733451903	3.796124561
Rmnd5a	RMND5A	4.711088618	5.532670511	4.436203012	4.836669376	4.918215799	4.760526782
Rmnd5b	RMND5B	3.602843836	4.000784638	3.763912372	3.900470853	3.969402258	3.879313446
Rnase4	RNASE4	8.227365551	8.388593753	7.592246541	5.505864328	8.478592171	9.48616992
Rnaseh2a	RNASEH2A	4.091264967	4.000784638	4.299146326	3.832119018	3.692316346	3.956906946
Rnaseh2c	RNASEH2C	4.711088618	5.48320442	5.53320357	5.015745746	5.067450382	5.535933184
Rnd1	RND1	4.091264967	4.274415856	3.165820411	3.832119018	3.252644226	3.069261795
Rnd2	RND2	4.938004346	4.598618344	3.510146324	4.193286682	4.123321403	4.225153074
Rnd3	RND3	6.299041974	4.274415856	4.87505964	5.424800519	4.794545591	4.719877086
Rnf10	RNF10	6.037737533	6.629398806	5.845954352	6.080723161	6.467734648	6.412853534
Rnf103	RNF103	5.717571651	6.15275112	5.346327862	6.376349544	5.969434512	5.767614962
Rnf11	RNF11	5.303241568	5.205791466	4.965627447	4.193286682	5.102365673	4.875631332
Rnf111	RNF111	4.711088618	4.000784638	4.299146326	4.244315549	4.57977929	4.589975336
Rnf113a2	RNF113A	2.292228873	4.39170543	3.510146324	3.597638182	3.753454394	4.44596579
Rnf114	RNF114	4.711088618	4.598618344	4.436203012	4.472692728	4.705356213	4.677961688
Rnf115	RNF115	3.602843836	4.274415856	3.510146324	3.832119018	4.247072608	3.879313446
Rnf121	RNF121	4.091264967	4.000784638	4.145532614	4.026238469	4.06407965	4.495741634
Rnf123	RNF123	5.455297886	5.323426062	5.206296207	6.230256216	5.448607797	5.728212593
Rnf125	RNF125	5.303241568	5.580460698	5.749173232	4.59267106	4.811698872	4.029715045
Rnf126	RNF126	4.091264967	4.598618344	5.346327862	4.836669376	4.759573426	5.441282574
Rnf128	RNF128	6.650293701	5.950559801	5.979796879	5.724382011	6.024264888	5.861587929
Rnf13	RNF13	6.037737533	5.837581133	5.891980982	5.293696035	5.511752127	5.230385876
Rnf130	RNF130	5.832489373	5.532670511	4.778048871	5.247116631	5.348234004	5.201638223
Rnf138	RNF138	4.711088618	4.000784638	4.436203012	4.140084684	3.649551982	3.956906946
Rnf14	RNF14	4.437863651	5.077294272	4.965627447	4.804399523	4.559363906	4.760526782
Rnf141	RNF141	3.602843836	4.691084662	3.970060753	4.630363967	4.56961092	4.284033266
Rnf145	RNF145	5.132612588	4.000784638	5.130626579	4.86819141	4.179842907	4.163379181
Rnf146	RNF146	4.711088618	4.274415856	4.145532614	4.140084684	4.260098036	3.956906946
Rnf149	RNF149	5.592511033	5.671450398	5.936565594	5.563741544	5.63014556	5.416590921
Rnf152	RNF152	4.437863651	4.000784638	3.510146324	3.405683862	3.919081189	4.163379181
Rnf166	RNF166	3.602843836	3.83650285	3.165820411	3.832119018	4.033341529	3.500138199
Rnf167	RNF167	5.132612588	4.274415856	5.206296207	4.737459092	4.759573426	4.029715045
Rnf169	RNF169	5.303241568	4.935621319	5.53320357	4.899001256	5.227565727	5.391457635
Rnf185	RNF185	4.711088618	4.145159234	4.145532614	4.430133851	4.395226294	4.225153074
Rnf186	RNF186	2.292228873	3.091498835	3.165820411	4.244315549	4.247072608	4.029715045
Rnf19a	RNF19A	5.832489373	4.145159234	4.778048871	4.59267106	4.53862862	4.54369877
Rnf19b	RNF19B	4.091264967	5.48320442	4.436203012	4.899001256	4.714545298	3.956906946
Rnf20	RNF20	4.711088618	3.83650285	3.970060753	4.472692728	4.272990782	4.029715045
Rnf213	RNF213	5.132612588	5.323426062	5.050590043	4.737459092	5.496229424	5.048238323
Rnf214	RNF214	4.938004346	4.49923408	4.145532614	4.55387734	4.347720348	4.634693451
Rnf215	RNF215	5.132612588	4.49923408	4.436203012	5.174194573	4.418340269	4.677961688
Rnf216	RNF216	4.938004346	4.274415856	3.970060753	4.244315549	4.260098036	4.029715045
Rnf217	RNF217	3.602843836	3.091498835	4.436203012	3.965024055	4.272990782	4.495741634
Rnf220	RNF220	4.711088618	5.205791466	4.778048871	5.223230826	4.648860167	4.760526782
Rnf31	RNF31	4.437863651	4.145159234	4.145532614	4.293360774	3.753454394	3.956906946
Rnf38	RNF38	2.292228873	3.83650285	3.970060753	4.026238469	4.094059111	4.163379181
Rnf39	RNF39	4.437863651	4.49923408	3.970060753	5.293696035	4.23391141	4.284033266
Rnf4	RNF4	5.303241568	4.777589417	5.411419086	4.836669376	5.129677693	5.015407237
Rnf40	RNF40	3.602843836	4.858895188	5.206296207	4.55387734	4.335564778	4.760526782
Rnf43	RNF43	4.437863651	3.83650285	3.165820411	4.293360774	4.310902149	4.9817748
Rnf44	RNF44	4.938004346	5.265846922	4.778048871	5.174194573	5.189233058	5.230385876
Rnf5	RNF5	3.602843836	4.691084662	4.778048871	4.38613548	4.648860167	4.634693451
Rnf6	RNF6	4.711088618	4.39170543	4.299146326	3.900470853	4.59988523	4.225153074
Rnf8	RNF8	4.711088618	4.39170543	3.763912372	3.965024055	3.534336095	3.706273732
Rnft1	RNFT1	4.938004346	4.39170543	4.87505964	4.630363967	4.017673899	3.879313446
Rnh1	RNH1	5.832489373	5.431937627	5.278065415	5.724382011	5.672105977	5.861587929
Rnmt	RNMT	4.938004346	4.274415856	3.165820411	4.140084684	3.649551982	3.956906946
Rnpc3	RNPC3	4.091264967	4.145159234	4.560188889	4.084488666	4.001799157	4.284033266
Rnpep	RNPEP	4.437863651	4.935621319	4.145532614	4.630363967	4.777172461	4.799989364
Rnpepl1	RNPEPL1	5.132612588	5.580460698	5.891980982	5.6728344	5.506596863	5.080306881
Rnps1	RNPS1	2.292228873	4.598618344	3.970060753	4.193286682	4.323292875	4.284033266
Robo1	ROBO1	4.437863651	4.691084662	3.970060753	4.737459092	5.024353391	4.875631332
Robo4	ROBO4	2.292228873	3.408987266	3.970060753	4.140084684	3.252644226	2.292228873
Rock1	ROCK1	5.132612588	4.691084662	4.299146326	4.667021062	4.310902149	4.098370521
Rock2	ROCK2	5.455297886	4.598618344	4.560188889	4.38613548	4.108777455	4.284033266
Rogdi	ROGDI	3.602843836	3.83650285	4.778048871	5.774121432	4.165952177	4.875631332
Rom1	ROM1	3.602843836	3.091498835	3.165820411	3.681556414	3.649551982	4.098370521
Romo1	ROMO1	4.437863651	4.777589417	4.436203012	3.900470853	4.589870308	4.44596579
Ropn1l	ROPN1L	2.292228873	3.64434534	3.165820411	3.832119018	4.033341529	3.956906946
Rora	RORA	4.437863651	5.205791466	4.965627447	5.338773759	4.964710879	4.589975336
Rorc	RORC	5.455297886	5.580460698	5.206296207	5.015745746	4.811698872	4.634693451
Rp9	RP9	5.132612588	5.077294272	5.590365196	4.929131951	5.109244296	5.2861627
Rpa1	RPA1	3.602843836	4.145159234	3.510146324	3.832119018	4.108777455	4.098370521
Rpain	RPAIN	4.711088618	4.49923408	4.87505964	4.244315549	4.165952177	4.029715045
Rpe	RPE	3.602843836	4.777589417	4.436203012	3.506312947	4.06407965	3.608305404
Rpf1	RPF1	5.132612588	4.39170543	3.970060753	4.140084684	4.395226294	4.340305924
Rpia	RPIA	4.938004346	3.83650285	4.145532614	4.026238469	3.952866194	3.706273732
Rpn1	RPN1	6.037737533	6.301810971	6.352470645	6.742136516	7.105042254	7.723005498
Rpn2	RPN2	5.717571651	5.323426062	5.346327862	5.293696035	5.739390898	5.512859863
Rpp21	RPP21	4.091264967	4.598618344	3.510146324	4.513911063	4.285753821	4.394213984
Rpp25l	RPP25L	3.602843836	4.39170543	3.970060753	3.832119018	4.47438987	4.225153074
Rprd1a	RPRD1A	4.938004346	4.598618344	4.145532614	4.472692728	3.848420524	4.838335991
Rprd1b	RPRD1B	2.292228873	4.274415856	3.970060753	3.681556414	4.094059111	3.956906946
Rprd2	RPRD2	2.292228873	3.83650285	4.436203012	4.737459092	4.298390021	4.495741634
Rptor	RPTOR	5.592511033	4.935621319	5.346327862	5.015745746	4.57977929	4.719877086
Rpusd3	RPUSD3	3.602843836	3.83650285	4.145532614	3.832119018	3.985710867	3.956906946
Rraga	RRAGA	2.292228873	3.64434534	3.763912372	3.506312947	3.901815905	4.029715045
Rragc	RRAGC	2.292228873	4.39170543	3.763912372	4.38613548	4.07916153	4.029715045
Rragd	RRAGD	3.602843836	5.532670511	5.473627628	2.292228873	2.553320274	2.84495281
Rras	RRAS	4.711088618	5.265846922	4.87505964	4.630363967	4.589870308	4.634693451
Rrbp1	RRBP1	6.826025488	7.767432018	7.415635975	8.919638059	9.261601666	9.359222695
Rreb1	RREB1	4.711088618	4.598618344	3.970060753	4.513911063	5.002289206	4.677961688
Rrm2	RRM2	4.091264967	3.64434534	3.510146324	4.084488666	4.017673899	3.608305404
Rrn3	RRN3	4.437863651	3.64434534	3.763912372	3.900470853	3.792408556	3.956906946
Rrp9	RRP9	3.602843836	3.83650285	3.970060753	3.832119018	3.581976371	3.796124561
Rrs1	RRS1	2.292228873	4.000784638	2.292228873	3.006723736	3.811388859	4.029715045
Rsad1	RSAD1	4.091264967	3.408987266	3.763912372	3.965024055	3.534336095	4.029715045
Rsbn1	RSBN1	2.292228873	4.000784638	3.970060753	4.084488666	3.431616404	3.879313446
Rsbn1l	RSBN1L	5.303241568	4.000784638	3.165820411	3.965024055	3.773101672	3.956906946
Rspry1	RSPRY1	3.602843836	4.274415856	3.970060753	4.084488666	4.429744728	4.54369877
Rsrc2	RSRC2	5.717571651	4.39170543	5.346327862	5.360779987	4.741742161	5.201638223
Rsrp1	RSRP1	8.656756131	7.315070696	8.3825781	8.084740259	7.237192447	7.682668057
Rsu1	RSU1	2.292228873	4.274415856	4.299146326	4.026238469	4.648860167	4.340305924
Rtcb	RTCB	3.602843836	4.691084662	4.965627447	4.430133851	4.696103889	4.284033266
Rtf1	RTF1	2.292228873	3.64434534	2.292228873	3.162995548	3.713078272	4.029715045
Rtf2	RTF2	5.592511033	4.691084662	4.560188889	5.070602553	5.182740408	5.535933184
Rtkn	RTKN	4.091264967	4.49923408	4.673542613	5.270600463	4.418340269	4.340305924
Rtn3	RTN3	5.592511033	5.008278679	5.278065415	5.424800519	5.980570583	5.64596224
Rtn4	RTN4	6.217134759	5.714842213	7.177829089	4.513911063	5.485785141	4.44596579
Rtn4ip1	RTN4IP1	2.292228873	4.000784638	3.510146324	3.832119018	3.811388859	3.378600384
Rtp3	RTP3	3.602843836	4.858895188	5.130626579	4.771343338	5.102365673	4.911934359
Rtp4	RTP4	4.091264967	3.408987266	3.165820411	3.900470853	4.677405762	4.340305924
Rtraf	RTRAF	4.938004346	4.000784638	3.763912372	3.681556414	4.048808169	4.340305924
Rubcn	RUBCN	4.711088618	3.091498835	4.673542613	4.140084684	3.901815905	3.879313446
Rufy3	RUFY3	5.717571651	5.008278679	5.53320357	5.097235377	4.648860167	5.080306881
Rundc1	RUNDC1	3.602843836	3.091498835	4.145532614	3.292857758	3.692316346	4.029715045
Rusc1	RUSC1	4.091264967	3.64434534	3.970060753	3.900470853	3.604991145	3.706273732
Rusc2	RUSC2	4.437863651	3.64434534	3.763912372	4.293360774	3.558435071	3.879313446
Ruvbl1	RUVBL1	4.091264967	4.145159234	3.970060753	4.244315549	4.347720348	4.340305924
Rwdd1	RWDD1	3.602843836	4.000784638	2.292228873	3.405683862	3.692316346	4.029715045
Rwdd3	RWDD3	3.602843836	4.145159234	3.165820411	3.832119018	3.375808356	3.608305404
Rwdd4a	RWDD4	3.602843836	3.091498835	4.673542613	3.900470853	4.017673899	4.225153074
Rxra	RXRA	5.592511033	6.512088547	6.536923513	6.489300208	7.159691789	7.143184303
Rxrb	RXRB	5.132612588	4.274415856	4.87505964	5.403782997	4.383512751	4.719877086
Rxylt1	RXYLT1	4.711088618	4.145159234	4.560188889	4.293360774	4.033341529	4.225153074
Ryk	RYK	3.602843836	3.83650285	4.778048871	4.026238469	4.371692044	4.029715045
S100a1	S100A1	4.437863651	5.75694536	5.278065415	4.899001256	5.694891035	5.142297742
S100a10	S100A10	6.376515331	7.120711253	5.590365196	5.382446192	7.010881272	6.587261206
S100a11	S100A11	4.938004346	4.145159234	3.510146324	3.759393139	3.919081189	4.284033266
S100a13	S100A13	4.711088618	4.274415856	2.292228873	4.140084684	4.406834785	4.340305924
S100a16	S100A16	3.602843836	4.274415856	2.292228873	3.965024055	4.496153589	4.44596579
S100pbp	S100PBP	4.711088618	4.39170543	3.165820411	4.140084684	3.733451903	3.879313446
S1pr1	S1PR1	2.292228873	4.39170543	4.299146326	4.430133851	4.837029207	4.677961688
S1pr3	S1PR3	2.292228873	2.292228873	2.292228873	3.965024055	4.272990782	3.706273732
Saa4	SAA4	5.592511033	6.12097931	6.250500172	6.332964318	7.411040934	7.737845631
Sac3d1	SAC3D1	3.602843836	3.408987266	3.763912372	3.900470853	3.649551982	3.796124561
Sacm1l	SACM1L	3.602843836	4.49923408	4.299146326	4.193286682	4.441050082	4.394213984
Sae1	SAE1	4.091264967	4.000784638	3.763912372	3.900470853	4.272990782	3.879313446
Safb	SAFB	5.717571651	4.691084662	4.436203012	5.247116631	4.777172461	5.258552798
Safb2	SAFB2	6.217134759	5.48320442	6.021755502	6.027185158	5.163078601	5.602972942
Sall1	SALL1	3.602843836	4.49923408	3.763912372	4.667021062	5.376843017	4.9817748
Samd4	SAMD4A	5.455297886	4.39170543	3.510146324	4.193286682	3.936095152	3.608305404
Samd4b	SAMD4B	4.091264967	3.83650285	3.763912372	3.832119018	4.310902149	4.163379181
Samd8	SAMD8	4.437863651	4.691084662	3.510146324	3.292857758	4.193580519	3.879313446
Samhd1	SAMHD1	4.711088618	4.145159234	3.763912372	3.965024055	4.017673899	3.069261795
Samm50	SAMM50	5.132612588	5.913887648	5.473627628	5.247116631	5.324918783	4.9817748
Sap130	SAP130	3.602843836	3.83650285	4.299146326	4.140084684	3.866495286	3.879313446
Sap25	SAP25	4.437863651	3.64434534	3.763912372	4.193286682	3.316379787	3.956906946
Sap30bp	SAP30BP	3.602843836	3.83650285	3.763912372	4.026238469	3.692316346	3.608305404
Sap30l	SAP30L	3.602843836	4.691084662	4.560188889	4.140084684	4.452258194	3.706273732
Sar1a	SAR1A	5.938807313	5.205791466	5.645304244	5.015745746	5.37116771	5.111648885
Sar1b	SAR1B	6.880131208	6.583618879	6.565484421	6.798954993	7.212342002	6.874106206
Saraf	SARAF	6.769803104	6.384322488	6.44766158	6.106757528	6.45717539	6.425164359
Sardh	SARDH	6.826025488	7.605404744	6.593487953	7.482754811	7.304868749	7.058962327
Sars2	SARS2	4.091264967	3.64434534	3.165820411	3.832119018	3.509645067	4.163379181
Sart1	SART1	4.091264967	4.274415856	4.778048871	4.702701458	4.820194892	4.911934359
Sart3	SART3	4.091264967	3.83650285	3.970060753	4.430133851	3.733451903	4.225153074
Sash1	SASH1	4.938004346	4.000784638	4.299146326	4.193286682	4.629485501	4.677961688
Sat1	SAT1	5.832489373	5.913887648	5.53320357	5.883823859	5.354002693	5.313237834
Sat2	SAT2	4.437863651	3.408987266	3.970060753	4.340586378	3.649551982	3.500138199
Sav1	SAV1	4.437863651	3.64434534	4.145532614	4.084488666	4.298390021	4.029715045
Saysd1	SAYSD1	4.437863651	4.777589417	3.763912372	4.193286682	3.866495286	3.796124561
Sbds	SBDS	5.717571651	5.143029108	5.050590043	4.59267106	4.741742161	4.634693451
Sbf1	SBF1	4.091264967	3.091498835	4.299146326	4.244315549	3.534336095	3.879313446
Sbf2	SBF2	2.292228873	4.000784638	3.510146324	4.193286682	3.884290412	4.225153074
Sbk1	SBK1	4.091264967	4.49923408	4.145532614	4.340586378	4.383512751	4.029715045
Sbno1	SBNO1	3.602843836	4.39170543	4.145532614	4.193286682	4.017673899	4.225153074
Sbno2	SBNO2	5.717571651	4.598618344	4.87505964	4.667021062	4.23391141	4.225153074
Sc5d	SC5D	6.376515331	6.87710388	6.565484421	8.094484027	8.132374473	8.204602602
Scaf1	SCAF1	4.711088618	5.077294272	4.673542613	4.804399523	4.750687228	4.875631332
Scaf11	SCAF11	4.711088618	5.3787305	4.560188889	4.836669376	4.639207972	4.634693451
Scaf4	SCAF4	5.592511033	5.143029108	5.050590043	5.149012642	4.803149344	4.589975336
Scaf8	SCAF8	2.292228873	3.83650285	3.763912372	4.193286682	4.07916153	4.029715045
Scamp1	SCAMP1	2.292228873	4.935621319	3.165820411	4.193286682	4.910310882	4.875631332
Scamp2	SCAMP2	4.091264967	3.64434534	3.165820411	3.965024055	4.247072608	3.879313446
Scamp3	SCAMP3	5.455297886	5.205791466	5.749173232	5.293696035	5.053233652	5.111648885
Scamp5	SCAMP5	4.437863651	4.691084662	4.560188889	5.043446632	4.987380864	4.634693451
Scand1	SCAND1	4.437863651	5.3787305	4.778048871	5.149012642	4.639207972	4.875631332
Scap	SCAP	5.303241568	6.15275112	5.698190108	8.230307631	6.258554958	6.944106271
Scara5	SCARA5	4.437863651	4.145159234	4.87505964	3.405683862	4.941660401	5.142297742
Scarb1	SCARB1	6.880131208	7.286824497	6.70033948	7.11873977	7.254031651	6.856060415
Scarb2	SCARB2	5.132612588	5.714842213	6.285303664	5.6728344	5.861070999	5.879659457
Scarf1	SCARF1	3.602843836	3.83650285	3.970060753	4.293360774	3.218881094	3.608305404
Scd2	SCD	5.132612588	5.532670511	4.87505964	5.465915875	6.215296523	5.897504338
Scfd1	SCFD1	4.437863651	4.691084662	5.206296207	4.472692728	4.820194892	4.44596579
Scfd2	SCFD2	2.292228873	3.64434534	3.510146324	3.506312947	4.001799157	3.956906946
Scly	SCLY	5.592511033	5.626687005	5.891980982	5.54471171	5.836736421	5.879659457
Scmh1	SCMH1	3.602843836	3.64434534	3.165820411	3.900470853	3.316379787	3.238392553
Scn1b	SCN1B	4.091264967	4.274415856	3.763912372	5.174194573	4.418340269	4.677961688
Scnm1	SCNM1	4.437863651	3.408987266	4.145532614	4.293360774	3.901815905	4.163379181
Sco2	SCO2	5.832489373	5.580460698	5.206296207	4.702701458	5.264872592	5.048238323
Scp2	SCP2	8.366330679	9.397587243	8.658602245	7.878373934	9.487261225	9.048184514
Scpep1	SCPEP1	5.832489373	5.265846922	5.278065415	5.445508409	5.189233058	5.624630897
Scrib	SCRIB	5.132612588	4.39170543	4.87505964	4.804399523	4.23391141	4.677961688
Scrn2	SCRN2	5.592511033	4.935621319	5.346327862	4.987476573	4.803149344	5.048238323
Scrn3	SCRN3	5.303241568	4.935621319	4.436203012	4.929131951	5.195695557	4.875631332
Scyl1	SCYL1	4.437863651	4.691084662	5.050590043	4.899001256	4.686787391	4.54369877
Scyl2	SCYL2	4.711088618	4.274415856	4.299146326	4.140084684	3.969402258	4.029715045
Scyl3	SCYL3	2.292228873	4.39170543	3.763912372	4.140084684	3.866495286	3.608305404
Sdc1	SDC1	7.901376646	7.856568473	6.620955555	7.867048113	8.471416388	8.246703481
Sdc2	SDC2	5.455297886	6.055233373	6.250500172	6.230256216	6.830653139	6.256228482
Sdc3	SDC3	2.292228873	3.64434534	4.299146326	4.737459092	4.686787391	3.796124561
Sdc4	SDC4	7.580828058	7.486288521	7.506646021	8.618024279	8.771450214	8.502655082
Sdcbp	SDCBP	4.437863651	4.691084662	3.510146324	4.026238469	4.56961092	4.284033266
Sdccag8	SDCCAG8	4.711088618	4.274415856	4.299146326	4.513911063	4.347720348	4.760526782
Sde2	SDE2	3.602843836	3.83650285	3.763912372	3.759393139	3.919081189	4.225153074
Sdf2	SDF2	4.938004346	5.077294272	5.473627628	5.174194573	5.221249743	4.677961688
Sdf2l1	SDF2L1	4.437863651	5.714842213	5.891980982	6.603150699	6.470362356	7.593007629
Sdf4	SDF4	4.437863651	5.626687005	5.698190108	6.537840396	6.834732689	6.771927582
Sdha	SDHA	5.592511033	6.410802978	6.178245225	5.774121432	6.830653139	6.214239963
Sdhaf1	SDHAF1	4.437863651	4.145159234	4.560188889	3.900470853	4.07916153	4.098370521
Sdhb	SDHB	6.037737533	6.673763899	5.749173232	5.360779987	6.097650619	5.861587929
Sdhc	SDHC	5.592511033	6.021188752	5.749173232	4.55387734	5.37116771	5.015407237
Sdhd	SDHD	4.437863651	5.580460698	4.560188889	5.198928573	5.927841091	5.17228453
Sdr42e1	SDR42E1	2.292228873	4.691084662	4.436203012	4.513911063	5.469972058	4.947299018
Sdr9c7	SDR9C7	4.091264967	4.274415856	3.510146324	3.405683862	4.768401571	4.098370521
Sds	SDS	4.938004346	8.002581625	7.98926237	5.898826989	6.970679621	7.485718013
Sdsl	SDSL	3.602843836	4.777589417	4.436203012	3.832119018	4.123321403	4.225153074
Sec11a	SEC11A	5.455297886	5.077294272	5.798387868	5.382446192	5.80780938	5.748050545
Sec11c	SEC11C	5.717571651	5.876245896	5.590365196	4.59267106	4.979865668	4.799989364
Sec13	SEC13	4.437863651	4.935621319	4.560188889	4.59267106	5.336624897	5.580978012
Sec14l2	SEC14L2	7.547816653	8.143051484	7.506646021	6.612242779	7.372313083	7.382441624
Sec14l4	SEC14L4	5.592511033	6.08848473	6.102142844	5.65522648	5.506596863	6.11118803
Sec16a	SEC16A	4.437863651	4.49923408	5.050590043	4.836669376	5.36546935	5.17228453
Sec16b	SEC16B	6.037737533	5.876245896	6.319280955	6.397559192	5.577110549	5.966728005
Sec22a	SEC22A	3.602843836	4.000784638	3.763912372	3.759393139	4.179842907	4.098370521
Sec22b	SEC22B	4.091264967	4.858895188	4.299146326	4.340586378	4.811698872	5.142297742
Sec23a	SEC23A	5.132612588	4.858895188	4.560188889	4.513911063	4.894362663	4.760526782
Sec23b	SEC23B	4.091264967	4.274415856	4.436203012	4.244315549	4.768401571	4.875631332
Sec23ip	SEC23IP	4.711088618	3.83650285	4.299146326	4.084488666	4.323292875	4.163379181
Sec24a	SEC24A	6.037737533	5.580460698	5.698190108	6.194313797	5.976868218	5.897504338
Sec24b	SEC24B	3.602843836	3.83650285	3.510146324	4.026238469	3.952866194	4.163379181
Sec24c	SEC24C	5.455297886	5.205791466	5.278065415	5.525421762	5.453979345	5.2861627
Sec24d	SEC24D	4.437863651	4.598618344	4.145532614	3.832119018	4.517562398	3.706273732
Sec31a	SEC31A	5.938807313	5.876245896	6.319280955	5.690226104	5.881036532	5.441282574
Sec31b	SEC31B	4.091264967	4.000784638	3.510146324	3.900470853	3.534336095	3.796124561
Sec61a1	SEC61A1	4.711088618	5.323426062	5.278065415	4.702701458	5.976868218	6.095840312
Sec61a2	SEC61A2	4.711088618	3.091498835	4.436203012	3.965024055	3.649551982	4.029715045
Sec61g	SEC61G	3.602843836	5.75694536	3.510146324	4.026238469	4.677405762	5.080306881
Sec62	SEC62	4.938004346	5.876245896	5.749173232	5.338773759	5.769730475	5.767614962
Sec63	SEC63	5.592511033	5.143029108	5.749173232	5.223230826	5.552329575	5.441282574
Secisbp2	SECISBP2	4.437863651	4.777589417	4.436203012	5.043446632	4.658443166	4.677961688
Secisbp2l	SECISBP2L	5.592511033	5.143029108	4.673542613	5.123365638	5.258723621	4.9817748
Seh1l	SEH1L	4.711088618	4.777589417	4.778048871	4.55387734	4.941660401	5.17228453
Sel1l	SEL1L	5.455297886	5.986311642	5.936565594	6.20639525	6.583887492	6.531448811
Sel1l3	SEL1L3	5.132612588	3.83650285	4.299146326	5.445508409	4.589870308	4.911934359
Selenbp2	SELENBP1	6.037737533	6.560169428	5.590365196	5.043446632	5.717315535	3.378600384
Selenof	SELENOF	2.292228873	4.691084662	4.673542613	3.832119018	4.648860167	4.340305924
Selenoi	SELENOI	4.711088618	5.008278679	5.206296207	4.804399523	4.714545298	5.015407237
Selenok	SELENOK	4.437863651	5.75694536	5.698190108	5.619339583	5.53218674	6.242368791
Selenoo	SELENOO	4.711088618	5.3787305	5.278065415	5.043446632	4.870085739	5.048238323
Selenop	SELENOP	10.61461051	10.77138116	10.71729171	10.02623285	11.51409754	10.64319107
Selenos	SELENOS	5.455297886	5.143029108	5.845954352	6.230256216	6.323995986	6.542786317
Selenot	SELENOT	5.132612588	5.323426062	5.979796879	4.86819141	5.410421261	5.230385876
Selenow	SELENOW	5.303241568	5.580460698	4.87505964	5.015745746	5.824411139	5.687684177
Sem1	SEM1	5.938807313	6.183831903	5.130626579	5.223230826	5.354002693	5.861587929
Sema4a	SEMA4A	6.130250267	6.055233373	5.590365196	7.447691981	6.860971235	6.461474898
Sema4b	SEMA4B	3.602843836	3.83650285	3.970060753	4.737459092	4.506901571	4.54369877
Sema4g	SEMA4G	8.288568807	7.593926631	7.699002031	7.897054762	7.447424603	7.737845631
Sema6b	SEMA6B	4.091264967	3.408987266	3.165820411	4.55387734	4.06407965	3.956906946
Senp1	SENP1	4.091264967	3.64434534	4.145532614	3.900470853	3.713078272	3.956906946
Senp2	SENP2	4.437863651	4.39170543	4.145532614	3.832119018	3.985710867	3.608305404
Senp3	SENP3	5.303241568	4.39170543	4.673542613	5.043446632	4.517562398	4.394213984
Senp5	SENP5	3.602843836	3.83650285	3.970060753	3.832119018	4.151904426	4.225153074
Senp6	SENP6	4.711088618	4.39170543	4.436203012	4.958614196	4.207168762	4.495741634
Senp7	SENP7	4.938004346	3.83650285	4.299146326	3.832119018	3.830055489	3.879313446
Sephs1	SEPHS1	4.091264967	3.64434534	3.763912372	3.506312947	4.137695583	3.956906946
Sephs2	SEPHS2	7.820781776	8.361784354	7.913703537	6.992275953	8.219064958	7.887303909
Sepsecs	SEPSECS	3.602843836	4.274415856	4.299146326	4.513911063	4.406834785	4.677961688
Serbp1	SERBP1	4.938004346	5.3787305	4.673542613	4.836669376	5.410421261	5.258552798
Serhl	SERHL2	4.938004346	4.598618344	4.436203012	4.244315549	4.285753821	4.098370521
Serinc1	SERINC1	6.650293701	6.12097931	5.645304244	5.741156304	5.931672897	5.786913403
Serinc2	SERINC2	2.292228873	3.408987266	4.560188889	4.472692728	4.406834785	4.9817748
Serinc3	SERINC3	5.592511033	6.244037217	5.891980982	6.469414622	6.729099757	6.336681136
Serinc5	SERINC5	4.091264967	5.580460698	4.673542613	5.382446192	5.289201345	5.17228453
Serp1	SERP1	2.292228873	4.145159234	4.145532614	4.084488666	4.406834785	4.634693451
Serpina1b	SERPINA1	9.437958641	10.02447615	9.700161888	11.44448586	11.51964126	11.0436416
Serpina10	SERPINA10	8.248056623	8.447152454	7.880068106	7.832526706	8.55216701	8.714965288
Serpina11	SERPINA11	5.303241568	5.671450398	5.936565594	5.424800519	7.238731448	6.752543131
Serpina12	SERPINA12	4.938004346	6.357343366	5.590365196	8.256580531	7.741315761	7.651656277
Serpina3k	SERPINA3	9.335363118	9.651072645	9.925642049	8.819425285	10.92372011	10.07435771
Serpina6	SERPINA6	5.303241568	6.12097931	5.845954352	7.427266092	6.581459884	5.879659457
Serpina7	SERPINA7	7.443985712	5.077294272	6.958811065	5.043446632	5.877065778	6.576271038
Serpinc1	SERPINC1	8.74673188	9.184677164	9.373614841	8.803675287	9.711983998	9.169852139
Serpind1	SERPIND1	7.927270394	8.062088542	7.968075203	7.596877039	8.255982041	7.873932344
Serpine1	SERPINE1	3.602843836	3.091498835	4.560188889	4.38613548	6.789207825	6.461474898
Serpinf1	SERPINF1	6.880131208	7.136629983	7.415635975	7.564514807	7.557543668	7.128233305
Serpinf2	SERPINF2	8.527329956	8.557585628	8.850229886	9.964718064	9.856425031	9.590638856
Serping1	SERPING1	7.820781776	8.197136481	8.030724839	8.247875979	9.352099016	8.930446021
Sertad1	SERTAD1	2.292228873	3.091498835	3.165820411	3.965024055	4.165952177	4.394213984
Sertad2	SERTAD2	4.437863651	3.83650285	4.560188889	4.084488666	3.985710867	4.029715045
Sesn3	SESN3	4.938004346	5.008278679	4.145532614	4.193286682	3.985710867	3.956906946
Setd1b	SETD1B	5.303241568	4.598618344	4.436203012	4.59267106	4.741742161	4.760526782
Setd2	SETD2	2.292228873	4.000784638	3.165820411	4.193286682	4.247072608	4.495741634
Setd3	SETD3	5.132612588	5.323426062	5.130626579	5.070602553	4.918215799	5.048238323
Setd4	SETD4	4.437863651	4.000784638	3.510146324	4.293360774	4.803149344	4.760526782
Setd5	SETD5	5.132612588	4.858895188	4.299146326	5.293696035	4.972309166	4.760526782
Setd6	SETD6	5.132612588	4.49923408	4.560188889	4.55387734	4.23391141	4.029715045
Setdb1	SETDB1	5.303241568	4.49923408	4.436203012	4.193286682	3.884290412	4.029715045
Setdb2	SETDB2	5.455297886	4.274415856	4.145532614	3.965024055	4.406834785	4.284033266
Set	SETSIP	4.437863651	4.39170543	3.763912372	3.162995548	3.884290412	4.225153074
Setx	SETX	3.602843836	4.145159234	3.510146324	3.759393139	3.627507726	4.44596579
Sf3a1	SF3A1	4.437863651	4.000784638	4.299146326	3.965024055	4.310902149	4.284033266
Sf3a2	SF3A2	4.091264967	4.39170543	4.560188889	4.084488666	4.247072608	4.284033266
Sf3a3	SF3A3	4.091264967	4.000784638	4.436203012	3.759393139	4.094059111	4.340305924
Sf3b1	SF3B1	4.091264967	5.580460698	5.698190108	5.525421762	5.359747743	5.48940264
Sf3b2	SF3B2	5.717571651	5.3787305	5.798387868	4.771343338	5.277089914	5.230385876
Sf3b3	SF3B3	4.711088618	4.39170543	4.87505964	5.338773759	4.59988523	4.799989364
Sf3b4	SF3B4	3.602843836	3.091498835	3.510146324	3.597638182	3.952866194	4.284033266
Sf3b5	SF3B5	3.602843836	4.598618344	2.292228873	3.900470853	4.123321403	4.394213984
Sfi1	SFI1	5.455297886	5.431937627	6.178245225	5.174194573	4.298390021	4.634693451
Sfmbt1	SFMBT1	4.938004346	4.000784638	3.165820411	4.430133851	4.496153589	4.54369877
Sfpq	SFPQ	3.602843836	5.008278679	4.673542613	4.667021062	4.979865668	4.634693451
Sfr1	SFR1	3.602843836	4.145159234	3.165820411	3.759393139	4.589870308	4.495741634
Sfswap	SFSWAP	5.938807313	4.691084662	5.278065415	5.293696035	4.72367206	5.201638223
Sft2d2	SFT2D2	4.091264967	4.777589417	4.778048871	4.026238469	4.705356213	4.589975336
Sft2d3	SFT2D3	2.292228873	2.292228873	2.292228873	4.084488666	3.375808356	3.069261795
Sfxn1	SFXN1	3.602843836	5.950559801	5.050590043	6.169840245	6.111211047	6.095840312
Sfxn2	SFXN2	4.437863651	4.000784638	4.673542613	4.86819141	5.176217313	4.9817748
Sfxn5	SFXN5	5.132612588	4.598618344	5.798387868	4.771343338	5.038869068	5.048238323
Sgk1	SGK1	6.130250267	4.145159234	4.673542613	4.737459092	3.627507726	4.163379181
Sgk2	SGK2	4.938004346	4.777589417	5.278065415	5.486031712	4.803149344	5.48940264
Sgk3	SGK3	4.091264967	3.64434534	3.510146324	4.702701458	4.094059111	3.608305404
Sgms1	SGMS1	4.091264967	3.64434534	3.970060753	3.759393139	3.753454394	4.394213984
Sgms2	SGMS2	4.711088618	4.777589417	5.206296207	4.472692728	4.759573426	4.340305924
Sgpl1	SGPL1	5.832489373	4.691084662	4.436203012	5.043446632	5.129677693	4.9817748
Sgpp1	SGPP1	4.711088618	4.49923408	3.763912372	4.771343338	5.195695557	5.080306881
Sgsh	SGSH	4.091264967	3.408987266	3.510146324	4.026238469	3.649551982	3.706273732
Sgsm1	SGSM1	2.292228873	2.292228873	3.165820411	3.900470853	3.792408556	4.029715045
Sgsm3	SGSM3	2.292228873	3.83650285	3.165820411	3.965024055	3.252644226	3.706273732
Sgta	SGTA	4.437863651	4.000784638	4.145532614	4.026238469	4.151904426	3.879313446
Sh2b1	SH2B1	4.938004346	5.077294272	5.050590043	5.198928573	4.696103889	5.201638223
Sh2b3	SH2B3	4.437863651	4.598618344	4.560188889	4.958614196	4.463370872	4.495741634
Sh2d4a	SH2D4A	3.602843836	4.858895188	3.510146324	3.900470853	3.6711476	3.879313446
Sh3bgrl	SH3BGRL	4.938004346	5.265846922	4.87505964	4.513911063	5.169663478	4.799989364
Sh3bgrl2	SH3BGRL2	4.437863651	3.83650285	4.673542613	4.836669376	4.589870308	4.634693451
Sh3bp2	SH3BP2	4.711088618	4.691084662	4.560188889	4.293360774	4.395226294	4.098370521
Sh3bp5	SH3BP5	5.592511033	5.48320442	5.130626579	5.247116631	5.038869068	5.111648885
Sh3bp5l	SH3BP5L	4.938004346	5.077294272	4.436203012	3.759393139	4.017673899	4.589975336
Sh3d19	SH3D19	6.376515331	5.626687005	5.206296207	5.360779987	5.046070042	5.17228453
Sh3gl1	SH3GL1	5.832489373	5.48320442	4.673542613	5.486031712	4.768401571	4.799989364
Sh3glb1	SH3GLB1	4.091264967	4.39170543	3.763912372	4.244315549	4.272990782	4.495741634
Sh3glb2	SH3GLB2	4.711088618	5.077294272	4.299146326	4.899001256	4.359761994	4.44596579
Sh3pxd2a	SH3PXD2A	4.437863651	4.145159234	4.436203012	4.026238469	4.298390021	3.956906946
Sh3rf1	SH3RF1	3.602843836	2.292228873	3.165820411	4.026238469	3.285101813	3.500138199
Sh3yl1	SH3YL1	4.091264967	3.64434534	3.970060753	3.832119018	3.509645067	3.956906946
Shank2	SHANK2	4.091264967	4.39170543	3.970060753	4.293360774	4.260098036	4.225153074
Shank3	SHANK3	4.091264967	2.292228873	3.763912372	4.340586378	3.509645067	3.500138199
Sharpin	SHARPIN	2.292228873	4.274415856	4.778048871	4.804399523	4.06407965	4.225153074
Shb	SHB	5.455297886	5.837581133	5.798387868	6.428796444	6.574152323	6.977868661
Shc1	SHC1	4.437863651	4.935621319	4.673542613	5.913673627	5.156462374	5.666976855
Shf	SHF	2.292228873	4.145159234	4.299146326	4.140084684	4.247072608	4.225153074
Shisa5	SHISA5	4.091264967	4.39170543	4.436203012	4.38613548	4.820194892	4.225153074
Shld2	SHLD2	4.091264967	3.83650285	3.763912372	4.084488666	4.768401571	5.080306881
Shmt1	SHMT1	6.217134759	5.671450398	5.411419086	6.299540498	6.249394772	5.365866194
Shmt2	SHMT2	6.880131208	6.737843052	6.593487953	6.093799677	6.846902327	6.508501406
Shpk	SHPK	4.437863651	4.598618344	4.145532614	4.293360774	4.705356213	4.495741634
Shprh	SHPRH	4.091264967	4.000784638	3.763912372	4.472692728	4.589870308	4.394213984
Shq1	SHQ1	2.292228873	3.83650285	2.292228873	3.900470853	3.692316346	4.098370521
Shroom1	SHROOM1	6.299041974	5.626687005	5.130626579	4.987476573	5.163078601	5.015407237
Shroom3	SHROOM3	4.938004346	4.000784638	5.050590043	4.084488666	4.429744728	4.44596579
Shtn1	SHTN1	6.299041974	4.691084662	5.346327862	4.86819141	4.994855223	5.111648885
Siae	SIAE	4.938004346	5.077294272	5.590365196	5.360779987	4.994855223	5.048238323
Siah2	SIAH2	3.602843836	4.691084662	3.970060753	4.59267106	5.053233652	4.589975336
Sidt2	SIDT2	5.132612588	5.077294272	5.278065415	5.837841147	5.572189019	5.111648885
Sigirr	SIGIRR	3.602843836	4.000784638	4.560188889	4.899001256	4.559363906	4.44596579
Sigmar1	SIGMAR1	6.037737533	6.15275112	6.352470645	6.906267224	6.915909237	6.608992256
Sik1	SIK1	6.982592848	6.301810971	6.416628544	5.58251833	4.861896491	5.512859863
Sik3	SIK3	4.437863651	4.598618344	4.436203012	4.430133851	4.47438987	4.634693451
Sike1	SIKE1	4.091264967	4.39170543	3.510146324	3.759393139	3.6711476	4.098370521
Sil1	SIL1	4.091264967	4.858895188	5.53320357	5.174194573	5.102365673	4.634693451
Sin3a	SIN3A	4.437863651	4.000784638	4.299146326	4.244315549	3.866495286	4.225153074
Sin3b	SIN3B	4.711088618	4.935621319	4.560188889	4.38613548	4.918215799	5.142297742
Sipa1	SIPA1	2.292228873	4.145159234	3.510146324	3.900470853	3.404129273	3.608305404
Sipa1l1	SIPA1L1	3.602843836	4.274415856	3.510146324	3.506312947	3.952866194	4.029715045
Sirpa	SIRPG	5.303241568	5.265846922	5.411419086	4.472692728	3.985710867	3.796124561
Sirt2	SIRT2	4.437863651	4.935621319	4.560188889	4.702701458	4.811698872	4.634693451
Sirt3	SIRT3	5.832489373	6.12097931	6.21482895	5.505864328	5.359747743	5.512859863
Sirt4	SIRT4	3.602843836	3.64434534	3.970060753	3.965024055	3.884290412	3.796124561
Sirt5	SIRT5	5.592511033	4.145159234	3.970060753	4.667021062	4.193580519	4.495741634
Sirt6	SIRT6	4.091264967	4.145159234	3.165820411	3.832119018	3.753454394	3.879313446
Sirt7	SIRT7	6.650293701	5.48320442	5.590365196	5.505864328	4.559363906	4.838335991
Skap2	SKAP2	4.711088618	3.83650285	4.436203012	4.026238469	4.53862862	4.677961688
Ski	SKI	4.711088618	5.077294272	5.346327862	5.65522648	4.926075331	5.201638223
Skil	SKIL	3.602843836	4.145159234	3.165820411	4.026238469	4.07916153	4.799989364
Slain2	SLAIN2	4.437863651	4.598618344	4.145532614	3.900470853	4.260098036	3.879313446
Slbp	SLBP	4.437863651	4.000784638	4.145532614	4.026238469	4.207168762	4.634693451
Slc10a1	SLC10A1	4.711088618	4.39170543	4.965627447	4.987476573	6.224676945	4.875631332
Slc10a2	SLC10A2	4.091264967	4.777589417	4.778048871	4.630363967	5.606285081	5.17228453
Slc10a5	SLC10A5	5.455297886	5.143029108	5.473627628	5.293696035	5.644271028	5.512859863
Slc10a7	SLC10A7	3.602843836	3.64434534	4.560188889	3.900470853	3.884290412	3.706273732
Slc11a2	SLC11A2	4.437863651	5.008278679	5.130626579	4.340586378	4.979865668	4.677961688
Slc12a4	SLC12A4	4.711088618	4.274415856	4.673542613	4.293360774	4.298390021	4.098370521
Slc12a6	SLC12A6	3.602843836	3.408987266	3.763912372	3.900470853	3.404129273	3.378600384
Slc12a7	SLC12A7	5.132612588	5.077294272	5.411419086	5.853334489	5.464661319	5.767614962
Slc12a9	SLC12A9	4.711088618	3.83650285	4.778048871	3.965024055	3.753454394	3.796124561
Slc13a3	SLC13A3	5.717571651	3.64434534	3.510146324	5.070602553	5.811978039	6.283551535
Slc15a4	SLC15A4	5.832489373	5.48320442	5.473627628	5.270600463	5.009683266	5.201638223
Slc16a1	SLC16A1	4.938004346	5.205791466	5.050590043	5.270600463	5.182740408	4.54369877
Slc16a10	SLC16A10	4.711088618	5.431937627	4.145532614	4.899001256	5.459330466	5.897504338
Slc16a11	SLC16A11	4.437863651	4.274415856	4.145532614	5.293696035	4.272990782	4.947299018
Slc16a12	SLC16A12	5.132612588	4.49923408	4.778048871	5.174194573	5.233853228	5.230385876
Slc16a2	SLC16A2	4.938004346	4.777589417	5.050590043	4.987476573	5.240112509	4.284033266
Slc16a5	SLC16A5	4.437863651	4.598618344	3.510146324	4.667021062	5.182740408	4.875631332
Slc16a6	SLC16A6	4.091264967	2.292228873	3.510146324	4.244315549	4.151904426	3.796124561
Slc16a7	SLC16A7	4.711088618	5.265846922	4.965627447	4.987476573	4.886318221	4.495741634
Slc17a2	SLC17A2	4.711088618	5.580460698	5.936565594	5.54471171	5.756807139	5.602972942
Slc17a3	SLC17A3	3.602843836	5.008278679	5.050590043	5.637396796	5.743765041	5.843283838
Slc17a4	SLC17A4	5.717571651	5.008278679	4.299146326	5.486031712	5.214905008	4.634693451
Slc17a9	SLC17A9	2.292228873	3.64434534	4.673542613	4.430133851	3.848420524	4.225153074
Slc18b1	SLC18B1	3.602843836	4.000784638	4.145532614	4.084488666	3.404129273	3.796124561
Slc19a1	SLC19A1	2.292228873	4.49923408	3.165820411	3.832119018	3.627507726	2.84495281
Slc19a2	SLC19A2	5.132612588	5.431937627	4.965627447	5.382446192	5.712858923	5.535933184
Slc1a2	SLC1A2	2.292228873	3.091498835	3.763912372	4.084488666	4.549036926	4.495741634
Slc1a4	SLC1A4	3.602843836	4.49923408	3.510146324	4.55387734	5.648948358	4.9817748
Slc20a1	SLC20A1	7.580828058	6.329846336	6.565484421	6.157444528	5.552329575	5.339799106
Slc20a2	SLC20A2	4.938004346	4.691084662	4.778048871	5.270600463	5.421437957	5.111648885
Slc22a1	SLC22A1	7.031210357	6.932890613	7.04236181	6.891418686	7.428673754	7.702977907
Slc22a18	SLC22A18	5.938807313	5.205791466	5.798387868	5.837841147	5.129677693	4.799989364
Slc22a23	SLC22A23	4.437863651	4.935621319	5.050590043	5.525421762	5.861070999	5.861587929
Slc22a5	SLC22A5	5.132612588	3.83650285	4.299146326	4.084488666	4.001799157	3.879313446
Slc22a7	SLC22A7	5.303241568	5.3787305	5.411419086	3.681556414	4.619691648	4.634693451
Slc22a28	SLC22A9	2.292228873	2.292228873	3.510146324	4.084488666	3.108084759	2.84495281
Slc23a1	SLC23A1	5.455297886	4.858895188	5.473627628	6.218375491	5.606285081	5.2861627
Slc23a2	SLC23A2	4.437863651	4.000784638	4.145532614	4.472692728	4.094059111	4.54369877
Slc25a1	SLC25A1	6.711290956	6.629398806	6.178245225	6.428796444	6.838800694	6.809929211
Slc25a10	SLC25A10	6.982592848	6.838672662	6.915142234	6.806891584	6.212155994	6.449473282
Slc25a11	SLC25A11	5.132612588	5.431937627	5.278065415	4.836669376	4.732737389	4.911934359
Slc25a13	SLC25A13	5.303241568	5.626687005	5.346327862	4.55387734	5.611089491	5.512859863
Slc25a15	SLC25A15	6.826025488	6.629398806	6.102142844	5.424800519	5.739390898	5.824741032
Slc25a16	SLC25A16	3.602843836	3.091498835	4.299146326	3.965024055	4.298390021	3.608305404
Slc25a17	SLC25A17	6.217134759	5.48320442	5.645304244	5.601048842	5.611089491	5.441282574
Slc25a20	SLC25A20	4.437863651	4.777589417	4.299146326	5.174194573	5.295217939	5.015407237
Slc25a22	SLC25A22	6.519926337	6.273215603	6.536923513	6.489300208	6.441189241	6.619735641
Slc25a23	SLC25A23	5.832489373	6.536330397	6.647907453	6.556805751	6.925502467	6.809929211
Slc25a25	SLC25A25	7.370359234	6.183831903	6.980158106	6.299540498	5.653610283	6.865111626
Slc25a28	SLC25A28	5.132612588	4.777589417	4.778048871	4.836669376	4.137695583	4.44596579
Slc25a3	SLC25A3	5.592511033	6.273215603	5.936565594	6.027185158	5.667504653	5.748050545
Slc25a30	SLC25A30	5.303241568	4.000784638	4.778048871	5.293696035	4.705356213	4.44596579
Slc25a33	SLC25A33	4.938004346	4.598618344	4.145532614	3.681556414	3.919081189	3.879313446
Slc25a37	SLC25A37	5.832489373	4.777589417	5.130626579	5.015745746	4.648860167	5.258552798
Slc25a38	SLC25A38	2.292228873	3.83650285	4.299146326	4.244315549	3.811388859	3.796124561
Slc25a39	SLC25A39	7.407642886	8.078648938	7.619686011	7.20529071	7.622619643	7.677545553
Slc25a42	SLC25A42	5.938807313	5.580460698	5.891980982	5.316416351	5.240112509	5.391457635
Slc25a44	SLC25A44	5.455297886	4.691084662	4.673542613	5.360779987	5.511752127	5.17228453
Slc25a45	SLC25A45	4.091264967	3.64434534	4.145532614	4.293360774	4.441050082	4.394213984
Slc25a47	SLC25A47	8.761196888	8.408378707	7.978707709	8.239118561	7.590449023	7.718024633
Slc25a5	SLC25A5	4.091264967	4.858895188	5.346327862	3.405683862	3.952866194	3.608305404
Slc25a51	SLC25A51	5.938807313	5.532670511	5.278065415	5.123365638	5.195695557	5.687684177
Slc26a1	SLC26A1	5.592511033	7.120711253	6.47803707	6.169840245	7.329629693	6.554034935
Slc26a11	SLC26A11	4.091264967	3.83650285	3.763912372	4.472692728	3.969402258	4.029715045
Slc27a1	SLC27A1	2.292228873	3.091498835	4.145532614	5.070602553	3.375808356	3.796124561
Slc27a2	SLC27A2	8.288568807	8.714144721	8.815073915	8.662364983	9.466415869	9.048184514
Slc27a4	SLC27A4	5.132612588	4.777589417	4.778048871	5.316416351	4.794545591	5.111648885
Slc27a5	SLC27A5	7.123778054	8.086858346	7.737080843	8.182384507	8.633318839	8.314250089
Slc29a1	SLC29A1	6.299041974	5.626687005	5.979796879	6.1323258	6.276701273	6.080325845
Slc2a1	SLC2A1	4.091264967	3.83650285	3.763912372	4.59267106	4.298390021	4.163379181
Slc2a2	SLC2A2	7.123778054	6.932890613	7.935698902	7.150251644	7.003654956	6.214239963
Slc2a5	SLC2A5	2.292228873	3.64434534	3.510146324	4.836669376	3.316379787	3.238392553
Slc2a8	SLC2A8	3.602843836	4.145159234	4.145532614	4.193286682	3.952866194	4.163379181
Slc2a9	SLC2A9	4.091264967	4.935621319	5.411419086	4.899001256	4.359761994	4.284033266
Slc30a1	SLC30A1	4.091264967	4.777589417	4.87505964	5.985670459	5.865086586	5.767614962
Slc30a10	SLC30A10	3.602843836	5.077294272	4.145532614	3.759393139	4.886318221	4.340305924
Slc30a4	SLC30A4	2.292228873	4.598618344	3.165820411	4.084488666	3.901815905	4.284033266
Slc30a5	SLC30A5	4.091264967	4.274415856	4.145532614	4.958614196	5.002289206	4.838335991
Slc30a6	SLC30A6	2.292228873	3.091498835	2.292228873	3.965024055	3.375808356	3.378600384
Slc30a7	SLC30A7	4.437863651	3.091498835	4.145532614	4.140084684	3.830055489	4.163379181
Slc30a9	SLC30A9	5.132612588	5.077294272	5.130626579	4.836669376	4.794545591	4.495741634
Slc31a1	SLC31A1	3.602843836	4.274415856	5.206296207	4.667021062	5.836736421	5.048238323
Slc33a1	SLC33A1	4.711088618	5.143029108	4.87505964	4.929131951	5.464661319	4.911934359
Slc35a1	SLC35A1	4.711088618	4.39170543	4.145532614	4.340586378	4.06407965	4.44596579
Slc35a2	SLC35A2	3.602843836	3.64434534	4.299146326	4.084488666	4.347720348	4.340305924
Slc35a3	SLC35A3	5.132612588	4.691084662	4.778048871	4.929131951	4.820194892	5.080306881
Slc35a4	SLC35A4	4.091264967	4.274415856	4.436203012	4.084488666	4.179842907	3.956906946
Slc35a5	SLC35A5	2.292228873	4.39170543	4.560188889	3.759393139	4.23391141	4.098370521
Slc35b1	SLC35B1	4.437863651	4.274415856	5.278065415	4.771343338	5.009683266	5.015407237
Slc35b2	SLC35B2	4.091264967	5.265846922	5.278065415	5.149012642	4.926075331	4.677961688
Slc35b3	SLC35B3	4.091264967	3.091498835	3.970060753	4.38613548	3.792408556	3.608305404
Slc35c1	SLC35C1	4.091264967	2.292228873	3.763912372	3.832119018	4.861896491	4.495741634
Slc35c2	SLC35C2	4.711088618	4.39170543	5.050590043	5.198928573	4.559363906	4.44596579
Slc35d1	SLC35D1	6.037737533	5.323426062	7.021924646	5.525421762	6.35278105	6.080325845
Slc35d2	SLC35D2	4.938004346	4.274415856	4.673542613	4.430133851	4.137695583	4.284033266
Slc35e1	SLC35E1	3.602843836	4.935621319	4.145532614	4.472692728	5.376843017	5.416590921
Slc35e2	SLC35E2B	3.602843836	4.39170543	5.130626579	4.293360774	4.732737389	4.54369877
Slc35e3	SLC35E3	3.602843836	3.83650285	3.763912372	3.681556414	3.936095152	4.098370521
Slc35f5	SLC35F5	5.132612588	5.323426062	5.346327862	5.223230826	5.516888607	5.048238323
Slc35f6	SLC35F6	3.602843836	4.598618344	3.763912372	4.55387734	4.677405762	4.719877086
Slc35g1	SLC35G1	3.602843836	4.000784638	4.560188889	4.340586378	4.629485501	4.163379181
Slc36a1	SLC36A1	5.717571651	5.205791466	5.278065415	5.690226104	5.002289206	5.201638223
Slc37a1	SLC37A1	3.602843836	4.691084662	3.510146324	3.405683862	4.406834785	3.796124561
Slc37a4	SLC37A4	5.455297886	6.301810971	6.178245225	6.265317619	6.486028286	6.170981327
Slc38a10	SLC38A10	6.037737533	6.08848473	6.352470645	6.920963992	5.939305719	6.01652452
Slc38a2	SLC38A2	5.938807313	5.077294272	5.590365196	5.043446632	5.735003227	5.48940264
Slc38a3	SLC38A3	7.977702971	8.687405321	8.398500843	9.561987024	9.867150365	9.680392769
Slc38a4	SLC38A4	8.609571872	8.292495669	8.090764981	7.930082042	8.171548394	7.662067869
Slc38a6	SLC38A6	4.091264967	3.091498835	4.436203012	4.084488666	3.627507726	3.378600384
Slc38a7	SLC38A7	4.091264967	3.83650285	4.299146326	4.737459092	4.23391141	4.54369877
Slc38a9	SLC38A9	3.602843836	3.83650285	4.145532614	4.084488666	3.753454394	3.879313446
Slc39a1	SLC39A1	4.938004346	6.021188752	5.749173232	5.868660856	6.539549528	6.400436045
Slc39a11	SLC39A11	5.717571651	5.265846922	5.698190108	6.054205207	5.40488035	5.339799106
Slc39a13	SLC39A13	2.292228873	3.83650285	3.510146324	4.430133851	4.001799157	4.225153074
Slc39a14	SLC39A14	7.370359234	6.716799371	7.284588185	7.390808596	8.008030548	7.781470621
Slc39a3	SLC39A3	4.711088618	4.145159234	3.165820411	4.472692728	3.919081189	3.879313446
Slc39a4	SLC39A4	6.982592848	6.716799371	7.318485007	6.942731293	6.276701273	5.879659457
Slc39a7	SLC39A7	5.592511033	5.265846922	6.021755502	6.343934444	5.954449752	6.269955214
Slc39a9	SLC39A9	5.455297886	4.858895188	4.436203012	4.737459092	5.024353391	4.677961688
Slc3a1	SLC3A1	4.091264967	5.986311642	5.346327862	3.292857758	4.918215799	3.706273732
Slc3a2	SLC3A2	5.455297886	4.39170543	5.278065415	4.244315549	4.768401571	4.719877086
Slc40a1	SLC40A1	4.711088618	5.75694536	6.140700639	5.486031712	6.083960185	5.602972942
Slc41a1	SLC41A1	2.292228873	2.292228873	3.510146324	3.597638182	3.509645067	3.956906946
Slc41a2	SLC41A2	2.292228873	4.691084662	4.436203012	5.043446632	5.973156212	6.032744293
Slc41a3	SLC41A3	2.292228873	3.408987266	2.292228873	4.929131951	4.123321403	3.608305404
Slc43a1	SLC43A1	4.091264967	3.64434534	3.165820411	3.900470853	3.919081189	3.706273732
Slc43a3	SLC43A3	3.602843836	3.64434534	3.763912372	3.900470853	3.534336095	3.238392553
Slc44a1	SLC44A1	4.938004346	4.145159234	3.510146324	4.59267106	5.046070042	4.589975336
Slc44a3	SLC44A3	5.303241568	4.145159234	5.278065415	4.38613548	4.193580519	4.394213984
Slc45a3	SLC45A3	4.437863651	3.83650285	4.87505964	4.472692728	4.549036926	4.589975336
Slc45a4	SLC45A4	2.292228873	3.408987266	3.763912372	3.965024055	3.581976371	3.879313446
Slc46a1	SLC46A1	4.091264967	5.143029108	4.436203012	5.198928573	5.024353391	4.677961688
Slc46a3	SLC46A3	4.938004346	5.008278679	4.673542613	4.38613548	4.272990782	3.956906946
Slc47a1	SLC47A1	5.717571651	5.431937627	5.473627628	5.465915875	5.743765041	5.015407237
Slc48a1	SLC48A1	5.938807313	5.950559801	6.178245225	7.040170783	6.631596862	6.608992256
Slc49a4	SLC49A4	5.455297886	4.691084662	4.87505964	4.59267106	4.768401571	4.495741634
Slc4a2	SLC4A2	5.592511033	4.49923408	5.698190108	5.690226104	4.732737389	5.512859863
Slc4a4	SLC4A4	7.167920699	6.462339939	6.352470645	5.043446632	5.582014991	5.708093218
Slc50a1	SLC50A1	2.292228873	4.145159234	4.145532614	4.140084684	3.6711476	3.956906946
Slc52a2	SLC52A1	4.437863651	4.49923408	5.278065415	4.293360774	3.773101672	3.238392553
Slc5a6	SLC5A6	4.437863651	4.691084662	4.436203012	4.140084684	3.866495286	4.098370521
Slc6a12	SLC6A12	4.091264967	4.935621319	4.673542613	4.958614196	5.453979345	5.201638223
Slc6a13	SLC6A13	6.299041974	6.436803053	6.725854739	6.439059386	6.312317973	6.256228482
Slc6a6	SLC6A6	4.437863651	5.532670511	4.560188889	5.424800519	5.735003227	5.048238323
Slc6a8	SLC6A8	4.938004346	4.777589417	4.436203012	3.759393139	3.375808356	3.500138199
Slc6a9	SLC6A9	4.938004346	4.691084662	5.645304244	5.707406928	5.421437957	5.142297742
Slc7a2	SLC7A2	8.385133166	7.672417146	7.318485007	7.61955583	7.738056667	7.692858762
Slc7a6os	SLC7A6OS	4.938004346	4.858895188	4.436203012	4.929131951	4.496153589	4.719877086
Slc8b1	SLC8B1	5.938807313	6.15275112	6.21482895	5.898826989	5.31311398	5.767614962
Slc9a1	SLC9A1	4.938004346	3.64434534	3.970060753	4.193286682	3.919081189	4.029715045
Slc9a8	SLC9A8	4.711088618	4.274415856	4.965627447	4.836669376	4.794545591	4.634693451
Slco1a4	SLCO1A2	5.132612588	4.777589417	3.970060753	3.006723736	3.316379787	3.069261795
Slco1b2	SLCO1B3	8.185070792	8.24193323	7.868679592	6.594000661	7.415129248	7.52618125
Slco2a1	SLCO2A1	4.437863651	3.83650285	3.970060753	4.836669376	5.319028825	4.340305924
Slco2b1	SLCO2B1	4.938004346	4.858895188	5.698190108	5.149012642	6.042083031	5.64596224
Slf2	SLF2	4.091264967	3.83650285	4.299146326	3.832119018	3.733451903	3.879313446
Slirp	SLIRP	2.292228873	4.49923408	4.673542613	4.084488666	4.260098036	4.394213984
Slk	SLK	4.437863651	4.274415856	4.145532614	4.293360774	3.936095152	4.098370521
Slmap	SLMAP	5.132612588	4.858895188	4.673542613	4.630363967	4.837029207	4.634693451
Slpi	SLPI	4.711088618	5.008278679	4.299146326	5.270600463	4.298390021	3.956906946
Sltm	SLTM	4.091264967	4.49923408	4.778048871	4.667021062	4.803149344	4.9817748
Smad1	SMAD1	4.091264967	3.408987266	3.510146324	4.340586378	3.985710867	4.163379181
Smad2	SMAD2	3.602843836	3.408987266	3.510146324	4.084488666	3.773101672	3.069261795
Smad3	SMAD3	4.938004346	4.000784638	4.145532614	4.737459092	3.830055489	3.706273732
Smad4	SMAD4	4.437863651	4.39170543	3.970060753	4.193286682	4.285753821	4.284033266
Smad5	SMAD5	3.602843836	4.49923408	4.145532614	4.193286682	4.165952177	4.719877086
Smad7	SMAD7	2.292228873	3.83650285	4.299146326	4.084488666	3.753454394	4.394213984
Smagp	SMAGP	2.292228873	3.091498835	3.763912372	3.832119018	3.792408556	3.706273732
Smap1	SMAP1	3.602843836	4.000784638	3.763912372	3.832119018	3.901815905	4.029715045
Smap2	SMAP2	4.711088618	4.49923408	3.763912372	4.630363967	4.759573426	4.719877086
Smarca2	SMARCA2	6.299041974	5.532670511	6.285303664	4.929131951	5.0603603	5.048238323
Smarca4	SMARCA4	4.711088618	4.777589417	4.145532614	5.123365638	4.987380864	4.760526782
Smarcad1	SMARCAD1	4.437863651	4.691084662	3.510146324	4.340586378	4.017673899	4.634693451
Smarcb1	SMARCB1	4.711088618	3.83650285	3.510146324	3.832119018	4.033341529	3.956906946
Smarcc1	SMARCC1	3.602843836	3.64434534	3.970060753	4.244315549	4.07916153	3.879313446
Smarcc2	SMARCC2	5.132612588	5.077294272	4.673542613	5.505864328	5.002289206	5.230385876
Smarcd2	SMARCD2	4.711088618	4.274415856	4.560188889	4.244315549	4.528137589	4.799989364
Smc1a	SMC1A	3.602843836	4.274415856	4.87505964	4.38613548	4.837029207	4.589975336
Smc3	SMC3	4.091264967	4.39170543	3.970060753	3.965024055	4.260098036	4.098370521
Smc5	SMC5	5.132612588	4.858895188	4.673542613	4.38613548	4.845368866	4.911934359
Smc6	SMC6	4.437863651	3.64434534	3.970060753	4.084488666	3.884290412	3.956906946
Smchd1	SMCHD1	3.602843836	4.000784638	4.299146326	3.506312947	3.6711476	4.029715045
Smco4	SMCO4	2.292228873	3.64434534	3.165820411	3.405683862	3.969402258	4.284033266
Smcr8	SMCR8	4.711088618	4.858895188	4.673542613	3.965024055	4.335564778	4.394213984
Smdt1	SMDT1	4.711088618	6.021188752	5.698190108	4.899001256	5.557320685	5.728212593
Smg1	SMG1	4.437863651	4.777589417	5.206296207	5.015745746	5.046070042	5.048238323
Smg5	SMG5	4.938004346	4.598618344	4.436203012	4.55387734	4.260098036	4.340305924
Smg6	SMG6	4.437863651	4.39170543	4.778048871	4.472692728	4.123321403	3.706273732
Smg7	SMG7	4.091264967	4.39170543	5.130626579	4.38613548	4.395226294	4.760526782
Smg9	SMG9	2.292228873	3.408987266	3.970060753	3.832119018	3.534336095	3.608305404
Smim10l1	SMIM10L1	4.437863651	5.205791466	5.473627628	5.198928573	5.301208759	5.391457635
Smim12	SMIM12	3.602843836	4.145159234	3.763912372	4.340586378	4.56961092	4.589975336
Smim14	SMIM14	5.592511033	5.431937627	5.473627628	4.929131951	5.459330466	5.558635233
Smim20	SMIM20	4.437863651	4.935621319	4.145532614	4.193286682	4.247072608	4.340305924
Smim26	SMIM26	4.711088618	4.598618344	3.763912372	3.405683862	3.969402258	4.098370521
Smim7	SMIM7	4.711088618	4.39170543	4.560188889	4.084488666	4.56961092	4.495741634
Smlr1	SMLR1	5.592511033	4.49923408	4.673542613	5.316416351	4.972309166	5.015407237
Smoc1	SMOC1	6.130250267	5.986311642	6.140700639	6.758600919	6.757320084	6.508501406
Smpd1	SMPD1	4.091264967	4.935621319	5.278065415	4.55387734	5.469972058	5.416590921
Smpd2	SMPD2	3.602843836	4.145159234	3.970060753	4.026238469	4.123321403	3.378600384
Smpd3	SMPD3	4.437863651	4.858895188	4.560188889	4.244315549	4.285753821	4.029715045
Smpd4	SMPD4	3.602843836	3.64434534	4.145532614	3.965024055	3.866495286	4.225153074
Smu1	SMU1	4.091264967	4.598618344	4.560188889	4.244315549	4.714545298	4.54369877
Smurf1	SMURF1	4.091264967	3.83650285	4.299146326	4.084488666	4.017673899	4.225153074
Smurf2	SMURF2	3.602843836	4.274415856	5.206296207	4.55387734	4.53862862	4.44596579
Smyd2	SMYD2	4.091264967	4.691084662	5.050590043	4.513911063	4.151904426	4.44596579
Smyd3	SMYD3	2.292228873	3.64434534	3.970060753	3.832119018	3.713078272	3.378600384
Smyd5	SMYD5	4.091264967	4.000784638	3.970060753	4.140084684	3.830055489	4.029715045
Snai2	SNAI2	3.602843836	4.274415856	3.970060753	3.681556414	3.952866194	3.956906946
Snap47	SNAP47	4.091264967	5.323426062	4.87505964	4.472692728	5.046070042	4.911934359
Snapc3	SNAPC3	4.711088618	4.000784638	4.673542613	4.899001256	4.165952177	4.589975336
Snapc4	SNAPC4	5.455297886	3.83650285	3.970060753	4.430133851	4.108777455	4.225153074
Snapc5	SNAPC5	3.602843836	3.83650285	3.763912372	3.759393139	3.773101672	3.956906946
Snapin	SNAPIN	2.292228873	3.83650285	4.436203012	4.293360774	3.692316346	3.238392553
Snd1	SND1	6.450013302	6.77902769	6.823612323	6.830441735	7.108414084	7.090161806
Sned1	SNED1	4.437863651	3.83650285	3.970060753	4.140084684	3.901815905	4.225153074
Snf8	SNF8	4.711088618	6.15275112	5.346327862	5.360779987	5.149814489	5.535933184
Snip1	SNIP1	3.602843836	2.292228873	3.510146324	3.900470853	3.534336095	3.378600384
Snrk	SNRK	4.437863651	4.39170543	4.299146326	4.55387734	4.371692044	4.225153074
Snrnp200	SNRNP200	4.437863651	5.077294272	4.299146326	4.836669376	4.794545591	4.54369877
Snrnp35	SNRNP35	4.711088618	3.83650285	3.763912372	3.681556414	3.848420524	3.956906946
Snrnp40	SNRNP40	4.711088618	3.091498835	3.763912372	3.597638182	3.692316346	3.956906946
Snrnp48	SNRNP48	4.938004346	4.777589417	3.970060753	4.86819141	4.123321403	4.284033266
Snrnp70	SNRNP70	5.455297886	5.205791466	6.062515049	6.376349544	5.480533817	5.915128259
Snrpa	SNRPA	4.437863651	4.39170543	3.763912372	4.472692728	4.359761994	4.589975336
Snrpa1	SNRPA1	3.602843836	4.935621319	4.673542613	4.244315549	4.429744728	4.394213984
Snrpc	SNRPC	2.292228873	4.39170543	3.510146324	3.759393139	4.247072608	4.029715045
Snrpd3	SNRPD3	3.602843836	4.598618344	4.436203012	3.832119018	4.861896491	4.719877086
Snrpf	SNRPF	3.602843836	4.39170543	4.673542613	4.193286682	4.033341529	4.029715045
Snrpn	SNRPN	4.091264967	2.292228873	3.165820411	3.405683862	3.431616404	4.098370521
Snta1	SNTA1	4.091264967	4.598618344	3.970060753	4.084488666	3.649551982	3.706273732
Sntb1	SNTB1	6.037737533	6.301810971	6.319280955	6.157444528	5.984263355	6.048781729
Snw1	SNW1	4.091264967	4.145159234	3.510146324	4.293360774	4.347720348	4.163379181
Snx1	SNX1	3.602843836	4.000784638	3.970060753	3.681556414	4.048808169	3.956906946
Snx10	SNX10	2.292228873	3.83650285	3.970060753	3.506312947	4.001799157	4.098370521
Snx11	SNX11	2.292228873	3.408987266	3.763912372	3.832119018	3.604991145	3.500138199
Snx12	SNX12	4.091264967	3.83650285	4.560188889	3.832119018	3.866495286	2.84495281
Snx13	SNX13	4.437863651	5.008278679	4.560188889	4.836669376	4.485316891	4.495741634
Snx14	SNX14	4.091264967	4.000784638	3.510146324	4.38613548	4.017673899	3.879313446
Snx15	SNX15	3.602843836	4.49923408	4.145532614	3.759393139	3.792408556	4.029715045
Snx17	SNX17	4.711088618	4.145159234	4.145532614	4.630363967	4.094059111	4.098370521
Snx18	SNX18	2.292228873	4.777589417	4.299146326	4.86819141	4.878226113	5.17228453
Snx19	SNX19	4.091264967	4.274415856	4.778048871	3.965024055	4.310902149	3.879313446
Snx2	SNX2	4.711088618	4.858895188	4.87505964	4.804399523	4.639207972	3.879313446
Snx21	SNX21	3.602843836	4.145159234	3.165820411	4.340586378	3.692316346	4.284033266
Snx25	SNX25	4.091264967	3.408987266	3.510146324	3.832119018	3.811388859	4.163379181
Snx27	SNX27	3.602843836	4.39170543	3.510146324	4.026238469	3.792408556	3.378600384
Snx29	SNX29	5.717571651	5.143029108	4.87505964	4.472692728	4.619691648	5.142297742
Snx3	SNX3	4.711088618	5.143029108	5.050590043	4.987476573	5.376843017	5.441282574
Snx33	SNX33	4.437863651	4.000784638	3.763912372	4.026238469	4.285753821	4.163379181
Snx4	SNX4	4.938004346	4.49923408	4.145532614	3.965024055	4.07916153	3.608305404
Snx5	SNX5	3.602843836	3.408987266	3.763912372	4.084488666	3.733451903	3.238392553
Snx6	SNX6	4.091264967	4.145159234	3.970060753	3.965024055	3.713078272	3.378600384
Snx7	SNX7	2.292228873	4.274415856	3.510146324	3.681556414	4.123321403	4.340305924
Snx8	SNX8	5.303241568	3.83650285	4.436203012	4.38613548	3.773101672	3.706273732
Snx9	SNX9	4.938004346	5.008278679	4.778048871	4.59267106	4.957070321	4.54369877
Soat2	SOAT2	7.167920699	6.560169428	6.823612323	7.006123675	5.765435756	5.879659457
Socs2	SOCS2	3.602843836	4.145159234	4.145532614	4.026238469	4.506901571	2.292228873
Socs3	SOCS3	2.292228873	3.408987266	4.436203012	3.405683862	3.866495286	4.394213984
Sod1	SOD1	7.332084657	7.213685159	6.775564702	6.45936745	6.569259861	5.767614962
Sod2	SOD2	4.938004346	5.75694536	5.278065415	4.86819141	5.892882743	5.786913403
Sod3	SOD3	2.292228873	3.64434534	3.510146324	4.140084684	4.549036926	4.225153074
Son	SON	5.717571651	6.08848473	6.102142844	6.20639525	6.233996251	6.310362765
Sorbs1	SORBS1	6.711290956	5.671450398	6.140700639	6.18212939	5.176217313	5.015407237
Sorbs2	SORBS2	6.450013302	5.75694536	5.473627628	6.386993612	5.615877633	4.911934359
Sorbs3	SORBS3	5.832489373	4.39170543	5.206296207	5.270600463	4.485316891	4.634693451
Sord	SORD	6.932274385	7.767432018	7.98926237	7.867048113	8.115732572	7.837656263
Sorl1	SORL1	3.602843836	3.408987266	3.510146324	3.965024055	3.108084759	3.069261795
Sort1	SORT1	4.437863651	3.83650285	3.970060753	4.513911063	4.441050082	4.029715045
Sos1	SOS1	4.091264967	3.83650285	3.970060753	4.084488666	4.094059111	3.796124561
Sowahb	SOWAHB	3.602843836	3.64434534	3.165820411	3.506312947	3.6711476	4.029715045
Sox13	SOX13	4.437863651	4.39170543	4.145532614	4.38613548	3.733451903	3.500138199
Sox5	SOX5	2.292228873	4.000784638	4.299146326	4.340586378	4.298390021	4.495741634
Sox6	SOX6	3.602843836	3.408987266	3.165820411	3.597638182	3.6711476	4.029715045
Sox9	SOX9	2.292228873	4.777589417	3.970060753	4.026238469	4.285753821	3.956906946
Sp3	SP3	4.437863651	4.777589417	3.970060753	4.340586378	4.732737389	4.340305924
Spag7	SPAG7	4.437863651	5.077294272	4.673542613	4.244315549	4.589870308	4.495741634
Spag9	SPAG9	6.037737533	5.580460698	5.473627628	5.790321307	5.136422471	5.465548216
Sparc	SPARC	2.292228873	3.408987266	3.763912372	4.244315549	4.619691648	4.44596579
Spast	SPAST	4.711088618	4.274415856	4.145532614	4.026238469	4.247072608	4.163379181
Spata13	SPATA13	4.091264967	4.598618344	4.673542613	3.965024055	4.648860167	4.634693451
Spata24	SPATA24	2.292228873	3.64434534	2.292228873	4.193286682	3.431616404	3.500138199
Spata2l	SPATA2L	4.938004346	4.39170543	4.965627447	4.630363967	4.59988523	4.495741634
Spc24	SPC24	4.711088618	4.858895188	3.165820411	3.759393139	3.713078272	3.956906946
Spcs1	SPCS1	5.455297886	5.48320442	5.798387868	5.149012642	5.708388258	5.80595311
Spcs3	SPCS3	4.938004346	4.858895188	5.53320357	4.737459092	5.596626999	5.728212593
Spen	SPEN	4.711088618	5.077294272	4.965627447	4.59267106	4.658443166	4.495741634
Spg11	SPG11	4.711088618	4.598618344	4.436203012	4.293360774	3.985710867	3.706273732
Spg7	SPG7	5.303241568	5.3787305	5.346327862	5.015745746	4.957070321	4.799989364
Sphk2	SPHK2	5.717571651	5.671450398	5.346327862	5.601048842	5.095452721	5.142297742
Spindoc	SPINDOC	2.292228873	3.091498835	4.145532614	3.832119018	3.509645067	3.706273732
Spink1	SPINK1	2.292228873	5.077294272	3.763912372	4.804399523	3.316379787	3.500138199
Spint2	SPINT2	6.519926337	6.758582931	6.062515049	6.845930165	6.657176534	6.619735641
Spns1	SPNS1	2.292228873	4.000784638	4.673542613	4.86819141	4.335564778	4.634693451
Spns2	SPNS2	4.938004346	4.598618344	5.130626579	4.244315549	4.383512751	4.760526782
Spon2	SPON2	6.450013302	5.75694536	5.645304244	5.070602553	4.696103889	4.284033266
Spop	SPOP	5.592511033	6.021188752	6.102142844	5.774121432	5.522006445	5.728212593
Spopl	SPOPL	3.602843836	3.83650285	4.299146326	4.513911063	3.6711476	4.44596579
Spout1	SPOUT1	4.091264967	3.408987266	3.510146324	4.38613548	4.06407965	3.500138199
Spp1	SPP1	4.938004346	7.152374565	4.87505964	6.774878791	5.721758183	3.956906946
Spp2	SPP2	6.299041974	6.384322488	6.7509247	6.898862122	6.647927477	6.425164359
Sppl2a	SPPL2A	5.832489373	6.357343366	6.620955555	5.424800519	6.038537161	5.879659457
Sppl2b	SPPL2B	5.303241568	4.000784638	3.970060753	4.771343338	3.866495286	4.029715045
Sppl3	SPPL3	4.437863651	3.83650285	4.436203012	3.900470853	4.108777455	3.879313446
Spr	SPR	3.602843836	5.797835345	5.346327862	5.65522648	5.896809668	6.064640927
Spred1	SPRED1	2.292228873	3.64434534	4.145532614	4.59267106	4.418340269	4.54369877
Spred2	SPRED2	4.938004346	3.091498835	3.763912372	4.702701458	4.207168762	4.495741634
Spry1	SPRY1	2.292228873	3.091498835	2.292228873	4.771343338	3.773101672	3.608305404
Spry4	SPRY4	2.292228873	2.292228873	3.763912372	4.026238469	4.06407965	4.163379181
Spryd3	SPRYD3	3.602843836	5.008278679	5.206296207	4.667021062	4.359761994	4.677961688
Spryd4	SPRYD4	4.091264967	4.000784638	3.970060753	3.965024055	4.639207972	4.029715045
Spsb2	SPSB2	4.711088618	4.598618344	3.970060753	4.836669376	4.165952177	4.163379181
Spsb3	SPSB3	3.602843836	4.145159234	4.436203012	4.55387734	4.485316891	4.284033266
Sptan1	SPTAN1	6.299041974	6.214251337	6.021755502	6.218375491	5.739390898	4.838335991
Sptbn1	SPTBN1	5.303241568	5.580460698	5.346327862	4.987476573	5.672105977	5.416590921
Sptbn2	SPTBN2	4.437863651	5.431937627	4.778048871	5.525421762	5.501422677	5.512859863
Sptlc1	SPTLC1	4.091264967	3.83650285	3.970060753	4.430133851	4.151904426	3.956906946
Sptlc2	SPTLC2	4.437863651	4.145159234	4.673542613	4.899001256	4.686787391	4.163379181
Sptssa	SPTSSA	3.602843836	5.532670511	4.778048871	5.174194573	5.088505083	4.760526782
Spty2d1	SPTY2D1	4.091264967	4.274415856	3.970060753	3.832119018	4.207168762	4.340305924
Sqle	SQLE	3.602843836	4.935621319	4.299146326	6.584791917	6.504091505	6.554034935
Sqor	SQOR	5.303241568	6.410802978	6.062515049	5.360779987	6.501524932	6.269955214
Sqstm1	SQSTM1	7.332084657	7.071870438	6.021755502	5.741156304	6.151136646	5.767614962
Sra1	SRA1	4.437863651	4.49923408	4.965627447	4.804399523	5.31311398	5.258552798
Srbd1	SRBD1	3.602843836	4.145159234	3.510146324	3.965024055	3.866495286	4.029715045
Srcap	SRCAP	5.455297886	5.265846922	6.102142844	5.65522648	5.348234004	5.2861627
Srd5a1	SRD5A1	5.132612588	5.532670511	3.763912372	4.084488666	4.310902149	3.956906946
Srd5a2	SRD5A2	4.437863651	3.408987266	4.436203012	4.084488666	3.6711476	3.608305404
Srebf1	SREBF1	5.303241568	5.143029108	5.979796879	6.798954993	6.583887492	6.425164359
Srebf2	SREBF2	6.130250267	5.323426062	5.346327862	6.499140547	5.752473078	6.323582414
Srek1ip1	SREK1IP1	4.437863651	3.83650285	4.145532614	3.832119018	4.151904426	3.796124561
Srf	SRF	4.711088618	5.077294272	4.299146326	4.430133851	4.56961092	4.677961688
Srfbp1	SRFBP1	3.602843836	3.64434534	3.970060753	3.292857758	3.604991145	4.163379181
Srgap2	SRGAP2C	4.091264967	4.777589417	4.436203012	3.681556414	4.220611239	4.029715045
Sri	SRI	4.711088618	4.145159234	4.299146326	4.193286682	4.677405762	4.163379181
Srm	SRM	2.292228873	4.000784638	4.299146326	3.832119018	4.048808169	4.340305924
Srp14	SRP14	4.091264967	4.777589417	4.560188889	4.193286682	4.619691648	4.495741634
Srp19	SRP19	3.602843836	4.000784638	4.87505964	3.832119018	4.151904426	4.394213984
Srp68	SRP68	5.455297886	5.143029108	4.87505964	4.836669376	5.496229424	5.339799106
Srp72	SRP72	5.132612588	4.777589417	5.473627628	5.097235377	5.227565727	5.580978012
Srp9	SRP9	5.455297886	5.626687005	5.798387868	4.59267106	5.36546935	5.391457635
Srpk1	SRPK1	4.437863651	4.598618344	3.763912372	4.55387734	4.639207972	4.760526782
Srpk2	SRPK2	5.303241568	4.858895188	4.87505964	4.513911063	3.985710867	3.796124561
Srprb	SRPRB	5.303241568	4.000784638	4.778048871	4.472692728	4.894362663	5.015407237
Srr	SRR	5.592511033	5.3787305	5.346327862	4.340586378	4.609825279	4.947299018
Srrd	SRRD	4.091264967	4.000784638	4.436203012	3.832119018	3.534336095	3.378600384
Srrm1	SRRM1	4.437863651	4.691084662	4.673542613	4.771343338	4.609825279	5.230385876
Srrm2	SRRM2	4.711088618	5.671450398	4.673542613	5.445508409	5.567250281	5.687684177
Srrm4	SRRM4	3.602843836	4.49923408	4.299146326	4.340586378	4.496153589	4.340305924
Srrt	SRRT	5.717571651	5.265846922	5.798387868	5.6728344	4.979865668	5.142297742
Srsf1	SRSF1	6.769803104	5.876245896	6.44766158	6.093799677	5.176217313	5.767614962
Srsf10	SRSF10	4.437863651	4.598618344	4.778048871	4.38613548	4.123321403	4.029715045
Srsf11	SRSF11	6.217134759	5.3787305	5.891980982	5.822177099	5.319028825	5.465548216
Srsf2	SRSF2	5.455297886	5.75694536	5.411419086	5.724382011	5.615877633	5.879659457
Srsf4	SRSF4	4.437863651	4.691084662	4.673542613	4.244315549	4.559363906	4.677961688
Srsf5	SRSF5	6.217134759	5.797835345	5.645304244	6.299540498	5.844894306	5.748050545
Srsf6	SRSF6	7.292764937	5.797835345	6.178245225	6.978293622	6.006221354	6.283551535
Srsf7	SRSF7	5.455297886	5.143029108	4.560188889	5.149012642	4.870085739	5.416590921
Srsf9	SRSF9	4.711088618	5.323426062	5.346327862	5.486031712	5.264872592	5.580978012
Srxn1	SRXN1	6.037737533	5.143029108	4.299146326	5.123365638	5.017037848	5.015407237
Ss18	SS18	4.091264967	3.408987266	4.145532614	3.900470853	4.07916153	4.225153074
Ss18l2	SS18L2	3.602843836	4.145159234	4.436203012	4.193286682	4.485316891	4.495741634
Ssb	SSB	4.938004346	4.858895188	5.473627628	4.293360774	5.081522395	4.799989364
Ssbp1	SSBP1	5.132612588	4.274415856	4.965627447	4.702701458	4.179842907	3.879313446
Ssbp3	SSBP3	2.292228873	4.39170543	3.763912372	3.759393139	4.452258194	4.163379181
Ssbp4	SSBP4	3.602843836	3.091498835	3.510146324	4.084488666	3.218881094	3.500138199
Ssh1	SSH1	5.132612588	4.598618344	4.560188889	4.472692728	4.108777455	4.029715045
Ssh2	SSH2	2.292228873	3.091498835	3.510146324	3.965024055	3.627507726	3.796124561
Ssh3	SSH3	4.938004346	4.274415856	4.560188889	4.38613548	3.936095152	4.163379181
Ssna1	SSNA1	4.091264967	4.598618344	4.778048871	3.965024055	4.298390021	4.495741634
Ssr1	SSR1	5.832489373	6.08848473	5.845954352	5.563741544	6.695833686	6.554034935
Ssr2	SSR2	5.592511033	5.671450398	5.698190108	6.299540498	6.670939368	6.752543131
Ssr3	SSR3	6.586589754	6.15275112	6.285303664	5.338773759	6.170688756	6.297019917
Ssr4	SSR4	6.299041974	5.950559801	6.285303664	6.11959887	6.45452338	6.256228482
Ssrp1	SSRP1	3.602843836	4.000784638	3.165820411	4.084488666	3.884290412	3.500138199
Ssu72	SSU72	5.132612588	5.077294272	4.673542613	4.771343338	5.122899962	5.17228453
St13	ST13	5.592511033	5.837581133	4.673542613	4.38613548	5.067450382	4.799989364
St3gal1	ST3GAL1	5.303241568	5.205791466	5.645304244	6.040759143	6.695833686	6.242368791
St3gal3	ST3GAL3	4.938004346	5.3787305	5.53320357	5.724382011	5.667504653	5.535933184
St3gal4	ST3GAL4	4.938004346	4.598618344	5.346327862	5.465915875	5.761128005	5.558635233
St3gal5	ST3GAL5	5.938807313	5.797835345	6.285303664	6.253725688	7.13676008	6.520020994
St6gal1	ST6GAL1	4.711088618	5.431937627	5.645304244	6.1323258	6.664074439	5.64596224
St6galnac6	ST6GALNAC6	4.938004346	5.077294272	5.050590043	5.382446192	5.074504286	4.838335991
St7	ST7	2.292228873	3.83650285	3.510146324	4.084488666	3.692316346	3.956906946
St7l	ST7L	4.711088618	4.000784638	4.673542613	4.244315549	4.506901571	4.677961688
Stab1	STAB1	4.711088618	3.83650285	4.299146326	5.465915875	4.247072608	4.098370521
Stab2	STAB2	2.292228873	3.091498835	3.165820411	4.513911063	4.165952177	3.879313446
Stag1	STAG1	4.091264967	3.408987266	2.292228873	3.832119018	3.604991145	3.500138199
Stag2	STAG2	4.437863651	4.000784638	4.299146326	4.667021062	4.383512751	4.029715045
Stam	STAM	4.437863651	3.408987266	3.510146324	3.506312947	3.733451903	4.163379181
Stam2	STAM2	3.602843836	3.83650285	4.299146326	4.193286682	3.733451903	3.378600384
Stap2	STAP2	5.592511033	5.431937627	5.278065415	5.338773759	5.324918783	5.441282574
Stard10	STARD10	8.026430706	8.698160642	8.658602245	8.787751405	8.691741033	8.834797689
Stard13	STARD13	4.938004346	4.000784638	3.763912372	4.38613548	4.07916153	4.340305924
Stard3	STARD3	5.132612588	4.274415856	4.87505964	5.338773759	4.485316891	4.634693451
Stard3nl	STARD3NL	2.292228873	3.83650285	4.145532614	3.681556414	3.830055489	4.098370521
Stard4	STARD4	4.091264967	5.143029108	5.050590043	5.724382011	5.634869735	5.767614962
Stard5	STARD5	5.132612588	4.858895188	4.87505964	4.513911063	4.794545591	4.340305924
Stard7	STARD7	4.437863651	5.580460698	5.278065415	5.070602553	5.410421261	5.365866194
Stat1	STAT1	5.132612588	4.598618344	4.299146326	4.472692728	5.258723621	4.799989364
Stat2	STAT2	5.455297886	5.008278679	4.778048871	5.270600463	5.095452721	5.2861627
Stat3	STAT3	5.455297886	5.008278679	4.87505964	4.987476573	5.836736421	5.687684177
Stat5a	STAT5A	5.832489373	4.691084662	3.970060753	4.140084684	3.884290412	4.098370521
Stat5b	STAT5B	5.832489373	5.077294272	4.778048871	4.929131951	4.53862862	4.495741634
Stat6	STAT6	4.437863651	4.935621319	5.130626579	4.929131951	4.979865668	4.838335991
Stau1	STAU1	4.437863651	5.3787305	5.206296207	4.38613548	5.009683266	4.760526782
Stau2	STAU2	2.292228873	4.000784638	3.510146324	3.759393139	3.558435071	4.225153074
Stbd1	STBD1	4.437863651	5.008278679	5.278065415	5.601048842	4.72367206	5.111648885
Steap3	STEAP3	3.602843836	4.274415856	4.560188889	4.193286682	3.969402258	3.608305404
Steap4	STEAP4	4.091264967	5.431937627	5.891980982	5.883823859	6.529507778	6.520020994
Stim1	STIM1	4.711088618	4.49923408	4.965627447	5.043446632	4.658443166	4.760526782
Stim2	STIM2	2.292228873	3.83650285	3.763912372	4.513911063	4.151904426	4.44596579
Stimate	STIMATE	4.091264967	3.091498835	3.510146324	4.667021062	4.137695583	4.589975336
Stip1	STIP1	4.437863651	4.858895188	4.560188889	3.832119018	4.506901571	4.634693451
Stk11	STK11	6.217134759	6.12097931	6.285303664	5.806338484	5.658256906	5.767614962
Stk16	STK16	5.592511033	5.950559801	6.021755502	5.505864328	5.685820937	6.048781729
Stk19	STK19	4.091264967	4.49923408	4.145532614	4.193286682	3.733451903	4.225153074
Stk24	STK24	4.938004346	4.691084662	4.560188889	4.193286682	4.418340269	4.589975336
Stk25	STK25	5.132612588	4.598618344	5.130626579	5.293696035	4.639207972	5.666976855
Stk3	STK3	4.437863651	3.408987266	4.87505964	4.026238469	3.884290412	4.495741634
Stk35	STK35	2.292228873	3.64434534	3.510146324	4.140084684	3.901815905	4.284033266
Stk38	STK38	4.938004346	4.935621319	5.346327862	5.601048842	5.122899962	5.416590921
Stk38l	STK38L	2.292228873	4.145159234	3.165820411	3.597638182	4.137695583	4.911934359
Stk40	STK40	4.091264967	4.691084662	4.299146326	5.149012642	5.182740408	5.535933184
Stmn1	STMN1	3.602843836	4.39170543	3.165820411	3.832119018	3.733451903	3.238392553
Stom	STOM	5.303241568	5.008278679	5.050590043	5.806338484	5.778281131	5.624630897
Stoml2	STOML2	4.091264967	3.83650285	4.87505964	4.38613548	4.06407965	4.284033266
Stradb	STRADB	4.437863651	5.077294272	4.299146326	4.59267106	4.179842907	3.608305404
Strap	STRAP	3.602843836	4.598618344	3.510146324	3.597638182	4.260098036	3.706273732
Strbp	STRBP	4.437863651	4.777589417	5.050590043	4.513911063	4.272990782	4.495741634
Strip1	STRIP1	3.602843836	3.091498835	3.165820411	3.832119018	3.458330152	3.879313446
Strn	STRN	2.292228873	4.000784638	3.165820411	3.832119018	3.649551982	3.706273732
Strn3	STRN3	4.091264967	4.691084662	3.510146324	4.38613548	4.53862862	4.394213984
Strn4	STRN4	4.938004346	4.777589417	4.145532614	4.899001256	4.845368866	5.111648885
Stt3b	STT3B	6.130250267	6.055233373	5.798387868	5.486031712	6.104446928	6.01652452
Stub1	STUB1	5.592511033	5.532670511	5.206296207	5.338773759	5.176217313	5.339799106
Stx12	STX12	4.091264967	4.145159234	3.763912372	3.900470853	4.323292875	4.589975336
Stx16	STX16	4.437863651	4.858895188	5.278065415	4.513911063	4.705356213	5.111648885
Stx17	STX17	4.711088618	3.64434534	4.145532614	3.900470853	4.108777455	4.029715045
Stx18	STX18	3.602843836	4.49923408	4.145532614	3.900470853	4.165952177	4.029715045
Stx2	STX2	4.437863651	3.83650285	3.510146324	4.244315549	3.6711476	3.879313446
Stx4a	STX4	4.437863651	4.858895188	5.346327862	5.757734578	5.116088944	5.666976855
Stx5a	STX5	5.455297886	5.008278679	5.411419086	5.223230826	5.277089914	5.602972942
Stx6	STX6	4.437863651	3.83650285	3.763912372	3.832119018	3.985710867	4.029715045
Stx7	STX7	4.711088618	4.000784638	4.145532614	3.900470853	4.094059111	4.44596579
Stx8	STX8	5.832489373	5.205791466	4.673542613	4.193286682	4.528137589	4.799989364
Stxbp2	STXBP2	6.037737533	4.598618344	4.673542613	4.86819141	4.496153589	4.589975336
Stxbp5	STXBP5	4.091264967	3.408987266	3.763912372	3.292857758	3.509645067	4.098370521
Stxbp6	STXBP6	4.711088618	3.83650285	3.970060753	4.026238469	3.901815905	3.879313446
Sucla2	SUCLA2	5.132612588	5.323426062	5.130626579	4.38613548	4.870085739	4.799989364
Suclg1	SUCLG1	4.437863651	4.935621319	4.673542613	4.55387734	5.143134628	4.875631332
Suclg2	SUCLG2	4.437863651	5.431937627	5.130626579	4.026238469	5.653610283	4.875631332
Suco	SUCO	4.437863651	4.145159234	3.970060753	3.900470853	3.773101672	4.44596579
Suds3	SUDS3	6.130250267	5.837581133	5.346327862	5.65522648	5.47526284	5.465548216
Sugct	SUGCT	4.437863651	4.49923408	4.299146326	3.965024055	4.165952177	4.54369877
Sugp1	SUGP1	5.303241568	3.83650285	4.145532614	4.293360774	3.848420524	4.163379181
Sugp2	SUGP2	4.091264967	3.83650285	3.970060753	4.430133851	4.048808169	4.029715045
Sugt1	SUGT1	4.711088618	4.777589417	3.970060753	3.405683862	4.108777455	3.956906946
Sult1b1	SULT1B1	5.132612588	4.598618344	3.165820411	3.006723736	3.558435071	2.84495281
Sult2a8	SULT2A1	5.132612588	4.49923408	4.299146326	5.070602553	5.601464288	4.875631332
Sumf1	SUMF1	4.711088618	4.691084662	3.510146324	4.430133851	4.732737389	4.225153074
Sumf2	SUMF2	4.437863651	4.49923408	4.673542613	4.630363967	4.323292875	4.394213984
Sumo3	SUMO3	4.938004346	4.598618344	4.145532614	4.55387734	5.081522395	5.2861627
Sun1	SUN1	4.437863651	3.408987266	4.299146326	4.55387734	3.919081189	4.029715045
Sun2	SUN2	5.303241568	5.876245896	5.845954352	6.691579914	5.786780602	6.00011817
Suox	SUOX	4.437863651	5.205791466	4.145532614	3.965024055	4.78588688	5.015407237
Supt16	SUPT16H	4.437863651	4.39170543	4.560188889	3.965024055	4.193580519	4.163379181
Supt20	SUPT20H	4.938004346	5.077294272	4.560188889	5.223230826	4.794545591	5.258552798
Supt4a	SUPT4H1	5.132612588	5.205791466	4.965627447	4.59267106	4.648860167	4.589975336
Supt5	SUPT5H	4.437863651	3.83650285	3.763912372	4.472692728	3.558435071	3.500138199
Supt6	SUPT6H	5.132612588	4.691084662	4.778048871	4.59267106	4.59988523	4.54369877
Surf1	SURF1	5.132612588	3.408987266	4.87505964	4.513911063	4.853657745	4.719877086
Surf2	SURF2	4.437863651	4.49923408	4.673542613	4.026238469	3.753454394	4.394213984
Surf4	SURF4	7.123778054	6.329846336	6.620955555	6.508913831	7.088063567	6.781522616
Susd1	SUSD1	3.602843836	3.83650285	4.145532614	3.832119018	3.375808356	3.500138199
Susd6	SUSD6	5.938807313	5.205791466	4.673542613	5.338773759	5.432368972	4.54369877
Suz12	SUZ12	4.091264967	3.64434534	4.299146326	4.193286682	3.773101672	4.029715045
Svil	SVIL	6.037737533	5.265846922	5.891980982	5.270600463	4.777172461	5.015407237
Svip	SVIP	2.292228873	3.64434534	3.510146324	3.832119018	3.848420524	4.394213984
Swi5	SWI5	4.437863651	4.858895188	4.299146326	4.193286682	5.053233652	4.9817748
Syap1	SYAP1	5.303241568	4.691084662	5.130626579	4.38613548	4.335564778	4.098370521
Syf2	SYF2	4.711088618	4.858895188	5.206296207	5.123365638	4.941660401	5.080306881
Syk	SYK	2.292228873	3.091498835	3.763912372	4.340586378	3.218881094	3.238392553
Sympk	SYMPK	5.303241568	4.777589417	3.970060753	5.015745746	4.658443166	4.875631332
Syncrip	SYNCRIP	4.091264967	4.777589417	4.87505964	4.804399523	5.233853228	5.339799106
Syne1	SYNE1	2.292228873	3.64434534	3.970060753	4.293360774	4.463370872	4.340305924
Syne2	SYNE2	4.091264967	4.858895188	3.510146324	3.965024055	4.406834785	4.495741634
Syne3	SYNE3	2.292228873	3.83650285	3.165820411	4.244315549	3.884290412	3.706273732
Syngr2	SYNGR2	5.132612588	5.532670511	5.473627628	5.563741544	5.432368972	5.365866194
Synj1	SYNJ1	4.711088618	3.83650285	3.763912372	3.681556414	3.458330152	4.029715045
Synj2	SYNJ2	3.602843836	4.145159234	4.965627447	5.563741544	4.559363906	5.080306881
Synpo	SYNPO	4.938004346	3.83650285	4.145532614	3.900470853	4.033341529	3.378600384
Synrg	SYNRG	4.091264967	4.274415856	4.299146326	3.965024055	4.017673899	4.163379181
Sys1	SYS1	4.091264967	5.008278679	4.87505964	5.149012642	5.143134628	4.719877086
Syt12	SYT12	4.091264967	3.83650285	3.510146324	3.900470853	3.6711476	4.029715045
Sytl1	SYTL1	4.437863651	3.83650285	4.145532614	3.681556414	3.936095152	3.956906946
Sytl5	SYTL5	4.437863651	3.83650285	2.292228873	3.832119018	3.509645067	3.608305404
Syvn1	SYVN1	5.303241568	5.626687005	5.53320357	6.218375491	6.06666044	6.269955214
Szrd1	SZRD1	4.711088618	5.48320442	5.53320357	5.465915875	5.694891035	5.861587929
Szt2	SZT2	2.292228873	4.145159234	3.510146324	4.293360774	3.713078272	3.378600384
Tab2	TAB2	4.938004346	4.145159234	3.970060753	4.193286682	4.418340269	4.225153074
Tacc1	TACC1	4.091264967	3.64434534	4.299146326	4.430133851	4.441050082	4.394213984
Tacc2	TACC2	4.091264967	4.598618344	4.560188889	4.55387734	4.347720348	4.9817748
Tada1	TADA1	4.711088618	3.64434534	3.763912372	4.140084684	3.811388859	3.879313446
Tada2a	TADA2A	4.091264967	3.64434534	4.673542613	3.965024055	3.6711476	4.029715045
Tada2b	TADA2B	4.711088618	4.000784638	4.299146326	3.405683862	4.47438987	4.284033266
Tada3	TADA3	2.292228873	4.39170543	4.145532614	4.084488666	4.151904426	3.706273732
Taf11	TAF11	4.437863651	4.49923408	3.763912372	4.026238469	4.179842907	3.796124561
Taf15	TAF15	4.711088618	4.49923408	3.970060753	4.244315549	4.123321403	4.54369877
Taf1a	TAF1A	4.711088618	4.49923408	4.778048871	4.472692728	3.919081189	4.225153074
Taf1d	TAF1D	5.455297886	4.691084662	4.436203012	4.630363967	4.285753821	4.44596579
Taf1	TAF1L	2.292228873	3.83650285	3.510146324	4.430133851	4.108777455	4.495741634
Taf2	TAF2	4.437863651	4.000784638	4.560188889	3.832119018	3.753454394	3.608305404
Taf4	TAF4	4.091264967	4.274415856	4.436203012	4.836669376	4.429744728	4.340305924
Taf5l	TAF5L	3.602843836	3.408987266	3.165820411	4.026238469	3.919081189	4.098370521
Taf6	TAF6	4.091264967	3.64434534	4.145532614	4.193286682	3.866495286	4.029715045
Taf8	TAF8	4.091264967	3.091498835	4.673542613	4.513911063	3.901815905	4.029715045
Ak6	TAF9	2.292228873	3.64434534	4.145532614	3.405683862	3.534336095	4.029715045
Tagln2	TAGLN2	4.437863651	6.12097931	5.590365196	5.486031712	4.485316891	5.201638223
Taldo1	TALDO1	3.602843836	4.691084662	4.965627447	4.430133851	5.44321566	4.719877086
Tanc1	TANC1	2.292228873	3.64434534	3.165820411	4.193286682	4.094059111	3.378600384
Tango2	TANGO2	4.437863651	4.000784638	4.87505964	4.667021062	4.559363906	4.799989364
Tango6	TANGO6	3.602843836	4.274415856	4.299146326	3.900470853	4.094059111	4.098370521
Tank	TANK	4.437863651	4.000784638	4.560188889	4.340586378	3.773101672	4.340305924
Taok1	TAOK1	4.711088618	4.49923408	4.87505964	4.38613548	4.463370872	4.589975336
Taok2	TAOK2	4.711088618	5.205791466	4.145532614	5.6728344	4.972309166	5.080306881
Taok3	TAOK3	5.132612588	5.323426062	5.346327862	5.338773759	5.195695557	5.365866194
Tap1	TAP1	4.437863651	5.323426062	5.206296207	5.957306801	5.283158748	4.911934359
Tap2	TAP2	5.132612588	4.935621319	5.411419086	6.242039077	5.415940405	5.580978012
Tapbp	TAPBP	6.880131208	7.088335588	6.870105582	7.079991472	6.761612892	6.651491675
Tapbpl	TAPBPL	5.303241568	5.205791466	4.299146326	4.702701458	5.109244296	5.015407237
Tapt1	TAPT1	4.437863651	5.077294272	5.050590043	4.702701458	4.59988523	4.799989364
Tarbp2	TARBP2	4.091264967	4.145159234	4.145532614	4.193286682	3.792408556	3.608305404
Tardbp	TARDBP	4.938004346	5.077294272	4.965627447	5.015745746	5.0603603	5.201638223
Tars2	TARS2	4.711088618	4.777589417	4.436203012	3.900470853	4.001799157	3.879313446
Tasor	TASOR	4.711088618	4.691084662	4.778048871	4.836669376	4.418340269	4.799989364
Tasor2	TASOR2	2.292228873	4.000784638	4.145532614	3.900470853	3.753454394	4.098370521
Tat	TAT	10.01011037	9.333502619	9.064962414	7.922807763	8.381008922	9.22879336
Tatdn1	TATDN1	4.711088618	3.64434534	4.299146326	4.084488666	3.811388859	4.54369877
Tatdn2	TATDN2	4.091264967	4.858895188	3.970060753	4.667021062	4.549036926	5.015407237
Tax1bp1	TAX1BP1	5.303241568	5.714842213	5.206296207	5.174194573	5.491016961	5.258552798
Tbc1d10a	TBC1D10A	4.711088618	4.935621319	5.130626579	5.223230826	4.886318221	4.911934359
Tbc1d10b	TBC1D10B	3.602843836	4.49923408	4.87505964	4.026238469	3.884290412	4.163379181
Tbc1d13	TBC1D13	4.091264967	4.274415856	4.673542613	4.737459092	4.47438987	4.838335991
Tbc1d14	TBC1D14	4.091264967	4.39170543	4.87505964	4.293360774	4.017673899	4.029715045
Tbc1d15	TBC1D15	5.132612588	4.935621319	4.673542613	5.070602553	5.143134628	5.339799106
Tbc1d16	TBC1D16	2.292228873	4.49923408	4.778048871	4.244315549	4.07916153	3.956906946
Tbc1d17	TBC1D17	4.437863651	4.598618344	4.673542613	5.293696035	4.371692044	4.098370521
Tbc1d20	TBC1D20	4.091264967	4.598618344	4.778048871	4.59267106	4.549036926	4.44596579
Tbc1d22a	TBC1D22A	4.938004346	5.008278679	4.436203012	5.070602553	4.559363906	5.048238323
Tbc1d22b	TBC1D22B	3.602843836	3.64434534	3.763912372	4.193286682	3.866495286	3.378600384
Tbc1d24	TBC1D24	5.938807313	5.077294272	5.749173232	5.070602553	4.837029207	4.589975336
Tbc1d2b	TBC1D2B	4.091264967	4.000784638	3.970060753	5.790321307	5.270994609	5.708093218
Tbc1d31	TBC1D31	4.437863651	2.292228873	3.970060753	4.193286682	3.919081189	3.378600384
Tbc1d8	TBC1D8	4.437863651	4.39170543	3.763912372	3.900470853	3.866495286	3.706273732
Tbc1d9b	TBC1D9B	5.132612588	5.008278679	4.673542613	5.198928573	4.979865668	4.838335991
Tbca	TBCA	4.711088618	4.691084662	3.970060753	4.293360774	4.406834785	4.163379181
Tbcb	TBCB	2.292228873	4.274415856	3.510146324	3.292857758	4.137695583	4.634693451
Tbccd1	TBCCD1	4.091264967	4.274415856	3.763912372	3.006723736	4.017673899	3.956906946
Tbcd	TBCD	4.711088618	4.691084662	4.299146326	4.084488666	4.048808169	4.163379181
Tbce	TBCE	4.437863651	4.274415856	5.050590043	5.149012642	4.247072608	4.760526782
Tbcel	TBCEL	5.132612588	4.691084662	5.411419086	5.6728344	5.156462374	5.142297742
Tbk1	TBK1	2.292228873	4.39170543	3.763912372	4.026238469	4.335564778	4.54369877
Tbl1x	TBL1X	4.091264967	3.64434534	3.763912372	4.193286682	4.298390021	3.796124561
Tbl1xr1	TBL1XR1	4.437863651	4.49923408	3.510146324	4.86819141	4.559363906	4.634693451
Tbl2	TBL2	4.091264967	3.83650285	3.165820411	3.900470853	4.285753821	3.796124561
Tbrg1	TBRG1	5.132612588	4.274415856	5.278065415	4.430133851	4.811698872	4.634693451
Tbrg4	TBRG4	4.938004346	5.323426062	5.278065415	4.702701458	4.56961092	4.760526782
Tbx3	TBX3	4.711088618	4.000784638	3.970060753	3.292857758	4.452258194	4.799989364
Tcea3	TCEA3	5.592511033	5.714842213	6.178245225	5.971559188	5.756807139	5.824741032
Tceal8	TCEAL8	6.037737533	5.008278679	4.560188889	5.149012642	5.295217939	5.391457635
Tceal9	TCEAL9	3.602843836	3.83650285	4.145532614	4.430133851	4.272990782	4.394213984
Tcerg1	TCERG1	3.602843836	2.292228873	3.970060753	4.140084684	3.792408556	3.956906946
Tcf12	TCF12	3.602843836	3.83650285	4.299146326	3.965024055	3.6711476	4.098370521
Tcf20	TCF20	2.292228873	4.691084662	4.436203012	3.965024055	4.441050082	4.719877086
Tcf25	TCF25	6.932274385	6.329846336	5.979796879	6.469414622	5.824411139	6.064640927
Tcf3	TCF3	2.292228873	3.091498835	4.560188889	4.702701458	4.137695583	4.225153074
Tcf7l2	TCF7L2	4.091264967	4.274415856	4.145532614	4.59267106	4.108777455	4.284033266
Tcim	TCIM	6.037737533	5.48320442	5.749173232	3.759393139	5.410421261	4.44596579
Tcirg1	TCIRG1	6.037737533	4.691084662	4.436203012	5.619339583	5.038869068	4.495741634
Tcn2	TCN2	6.376515331	6.695442815	6.725854739	6.853612244	6.820403317	5.983520849
Tcp1	TCP1	4.437863651	4.39170543	4.299146326	4.958614196	4.894362663	5.201638223
Tcp11l2	TCP11L2	4.711088618	3.83650285	4.673542613	4.804399523	4.165952177	3.879313446
Tcta	TCTA	2.292228873	5.143029108	4.299146326	4.472692728	4.137695583	4.340305924
Tdo2	TDO2	6.826025488	7.736451249	7.335138814	7.555133353	7.279674556	7.010856685
Tdp2	TDP2	4.711088618	4.000784638	5.130626579	4.836669376	4.359761994	4.799989364
Tdrd3	TDRD3	4.711088618	4.000784638	4.560188889	3.965024055	3.884290412	4.44596579
Tdrd7	TDRD7	4.711088618	4.39170543	4.299146326	4.737459092	4.260098036	4.340305924
Tdrp	TDRP	3.602843836	3.83650285	3.763912372	3.681556414	3.866495286	4.029715045
Tead3	TEAD3	4.938004346	4.39170543	4.436203012	4.193286682	3.866495286	3.378600384
Tec	TEC	4.437863651	3.64434534	4.436203012	4.737459092	3.969402258	3.608305404
Tecpr1	TECPR1	2.292228873	3.64434534	2.292228873	4.771343338	3.811388859	4.029715045
Tecpr2	TECPR2	3.602843836	3.83650285	3.763912372	3.900470853	4.06407965	4.098370521
Tecr	TECR	6.711290956	6.410802978	6.416628544	7.026648479	7.03589129	7.25751034
Tedc2	TEDC2	5.592511033	5.671450398	6.250500172	5.097235377	5.70390345	6.141397425
Tef	TEF	6.130250267	5.913887648	6.507782463	5.928367045	5.743765041	5.824741032
Tefm	TEFM	3.602843836	3.64434534	4.560188889	3.965024055	3.6711476	4.098370521
Tenm3	TENM3	5.303241568	4.000784638	4.673542613	4.737459092	4.648860167	5.17228453
Tent2	TENT2	2.292228873	3.83650285	4.436203012	3.832119018	3.901815905	4.163379181
Tent4a	TENT4A	2.292228873	4.49923408	4.560188889	4.86819141	4.347720348	4.44596579
Tent4b	TENT4B	3.602843836	4.145159234	3.165820411	4.472692728	4.359761994	3.956906946
Tent5a	TENT5A	2.292228873	3.091498835	3.165820411	4.193286682	3.952866194	4.098370521
Tep1	TEP1	3.602843836	3.83650285	3.970060753	4.140084684	3.936095152	3.706273732
Tepsin	TEPSIN	3.602843836	4.145159234	4.145532614	4.084488666	3.534336095	4.284033266
Terf2	TERF2	4.437863651	3.64434534	4.145532614	4.140084684	3.604991145	3.608305404
Tesk1	TESK1	4.711088618	4.145159234	3.763912372	3.965024055	4.123321403	3.796124561
Tet2	TET2	4.091264967	3.83650285	4.145532614	3.292857758	3.936095152	3.956906946
Tet3	TET3	3.602843836	4.000784638	3.970060753	4.140084684	4.165952177	4.634693451
Tex10	TEX10	4.091264967	3.64434534	4.299146326	3.900470853	3.458330152	3.706273732
Tex2	TEX2	5.938807313	6.895940977	6.775564702	6.027185158	6.588730425	6.576271038
Tex261	TEX261	4.091264967	5.205791466	4.778048871	5.070602553	5.648948358	5.313237834
Tex264	TEX264	5.132612588	5.876245896	5.845954352	6.080723161	6.240175562	6.032744293
Trf	TF	11.83527609	12.62337325	12.30248619	14.92716633	14.23486374	13.49391105
Tfam	TFAM	4.437863651	4.777589417	3.763912372	4.340586378	4.902360024	4.54369877
Tfdp1	TFDP1	3.602843836	3.408987266	3.510146324	3.900470853	4.151904426	4.098370521
Tfe3	TFE3	4.437863651	4.274415856	4.436203012	4.340586378	4.406834785	4.54369877
Tff3	TFF3	6.299041974	6.895940977	5.278065415	8.041739326	8.663398304	6.977868661
Tfg	TFG	4.437863651	4.691084662	3.763912372	4.193286682	5.149814489	5.015407237
Tfip11	TFIP11	4.437863651	4.000784638	4.299146326	4.140084684	4.207168762	4.284033266
Tfpi2	TFPI2	4.437863651	4.858895188	5.050590043	3.759393139	4.383512751	5.015407237
Tfpt	TFPT	4.091264967	3.64434534	4.560188889	4.293360774	4.06407965	4.677961688
Tfr2	TFR2	7.875009239	8.234563086	8.100533008	8.51539311	8.501829994	8.576035481
Tfrc	TFRC	4.437863651	3.408987266	4.145532614	4.193286682	4.06407965	3.238392553
Tgds	TGDS	4.091264967	4.49923408	3.165820411	3.965024055	4.06407965	3.706273732
Tgfa	TGFA	4.938004346	4.935621319	4.145532614	5.015745746	4.395226294	4.340305924
Tgfb1	TGFB1	2.292228873	2.292228873	3.510146324	4.026238469	3.581976371	3.608305404
Tgfbi	TGFBI	2.292228873	3.83650285	3.970060753	4.193286682	4.001799157	3.608305404
Tgfbr1	TGFBR1	4.091264967	4.274415856	4.145532614	4.140084684	4.298390021	3.879313446
Tgfbr2	TGFBR2	4.437863651	4.691084662	4.965627447	6.621277633	5.667504653	6.064640927
Tgfbr3	TGFBR3	2.292228873	3.408987266	3.165820411	4.293360774	3.558435071	3.238392553
Tgfbr3l	TGFBR3L	4.091264967	3.83650285	4.145532614	4.026238469	3.581976371	4.589975336
Tgfbrap1	TGFBRAP1	4.938004346	4.39170543	4.299146326	4.244315549	4.441050082	4.44596579
Tgif1	TGIF1	4.091264967	4.598618344	4.436203012	5.270600463	4.794545591	4.340305924
Tgm1	TGM1	4.091264967	4.145159234	4.299146326	4.193286682	4.517562398	4.589975336
Tgm2	TGM2	6.450013302	6.838672662	6.319280955	5.403782997	6.832694361	6.269955214
Tgoln1	TGOLN2	5.717571651	6.512088547	5.979796879	6.621277633	6.996392156	6.856060415
Thap11	THAP11	4.437863651	3.83650285	4.145532614	4.244315549	4.001799157	3.796124561
Thap2	THAP2	4.437863651	4.274415856	4.778048871	4.193286682	4.359761994	4.394213984
Thap3	THAP3	4.091264967	3.83650285	3.763912372	4.084488666	3.627507726	3.796124561
Thap7	THAP7	3.602843836	4.49923408	4.145532614	4.38613548	4.47438987	4.54369877
Them4	THEM4	4.437863651	3.408987266	4.560188889	3.900470853	3.692316346	4.163379181
Them6	THEM6	4.091264967	4.39170543	3.970060753	4.472692728	3.649551982	3.500138199
Thnsl2	THNSL2	4.711088618	4.691084662	4.436203012	4.513911063	4.964710879	4.44596579
Thoc1	THOC1	4.437863651	4.274415856	3.165820411	4.140084684	3.792408556	3.796124561
Thoc2	THOC2	4.091264967	4.274415856	3.970060753	4.193286682	4.220611239	4.098370521
Thoc3	THOC3	2.292228873	4.000784638	3.970060753	3.681556414	4.001799157	4.098370521
Thoc5	THOC5	4.437863651	3.64434534	4.145532614	3.506312947	3.6711476	4.225153074
Thoc7	THOC7	4.711088618	5.265846922	4.673542613	4.430133851	4.452258194	4.589975336
Thop1	THOP1	4.437863651	3.64434534	3.510146324	4.193286682	3.484323889	3.500138199
Thpo	THPO	4.938004346	4.691084662	4.560188889	5.563741544	5.002289206	5.258552798
Thrap3	THRAP3	3.602843836	4.777589417	4.436203012	5.097235377	4.677405762	5.111648885
Thrb	THRB	4.938004346	4.691084662	4.87505964	4.59267106	4.359761994	4.44596579
Thrsp	THRSP	6.769803104	6.932890613	8.020470479	7.093023847	7.512467139	7.450106991
Thtpa	THTPA	3.602843836	4.145159234	3.970060753	3.506312947	3.936095152	4.163379181
Thumpd3	THUMPD3	4.437863651	3.408987266	4.299146326	3.965024055	3.830055489	3.500138199
Thyn1	THYN1	4.091264967	3.408987266	3.510146324	3.900470853	3.431616404	3.069261795
Tia1	TIA1	4.437863651	4.49923408	4.965627447	3.965024055	3.733451903	4.225153074
Tial1	TIAL1	4.938004346	4.691084662	5.645304244	5.424800519	4.861896491	5.048238323
Ticam1	TICAM1	4.091264967	4.145159234	3.165820411	3.900470853	4.260098036	3.706273732
Timm10	TIMM10	3.602843836	4.145159234	3.970060753	4.026238469	3.985710867	4.029715045
Timm13	TIMM13	5.832489373	6.536330397	5.749173232	5.6728344	5.892882743	5.558635233
Timm17a	TIMM17A	4.091264967	4.274415856	4.673542613	4.193286682	4.406834785	4.225153074
Timm17b	TIMM17B	4.091264967	4.49923408	4.145532614	4.026238469	4.323292875	4.44596579
Timm22	TIMM22	2.292228873	3.83650285	3.510146324	3.900470853	3.866495286	3.706273732
Timm23	TIMM23B	5.717571651	5.265846922	4.436203012	4.293360774	4.957070321	5.015407237
Timm44	TIMM44	5.455297886	5.205791466	5.130626579	4.513911063	4.347720348	4.54369877
Timm50	TIMM50	4.437863651	4.145159234	4.87505964	4.513911063	5.002289206	4.760526782
Timm8b	TIMM8B	4.091264967	4.598618344	4.560188889	4.193286682	4.768401571	4.911934359
Timm9	TIMM9	2.292228873	4.274415856	4.145532614	4.084488666	3.604991145	3.956906946
Timmdc1	TIMMDC1	5.303241568	4.935621319	5.050590043	5.123365638	5.024353391	5.416590921
Tinf2	TINF2	3.602843836	4.145159234	3.970060753	4.55387734	3.952866194	4.394213984
Tiprl	TIPRL	4.437863651	3.64434534	4.436203012	4.38613548	4.220611239	4.225153074
Tirap	TIRAP	4.091264967	3.408987266	3.970060753	3.832119018	4.207168762	4.394213984
Tjap1	TJAP1	4.437863651	4.777589417	3.970060753	3.965024055	4.017673899	4.029715045
Tjp1	TJP1	4.437863651	3.64434534	4.145532614	5.070602553	5.002289206	4.589975336
Tjp2	TJP2	5.132612588	4.598618344	4.436203012	4.771343338	4.323292875	4.677961688
Tjp3	TJP3	5.303241568	5.143029108	5.206296207	5.198928573	4.794545591	4.495741634
Tk1	TK1	3.602843836	4.39170543	4.436203012	4.026238469	3.919081189	3.608305404
Tk2	TK2	4.711088618	4.000784638	4.436203012	4.140084684	3.901815905	3.956906946
Tkfc	TKFC	7.332084657	6.87710388	6.980158106	7.54569041	7.425975023	7.043105167
Tkt	TKT	6.217134759	5.714842213	6.507782463	5.971559188	5.799435188	5.708093218
Tlcd1	TLCD1	5.132612588	4.145159234	4.965627447	5.774121432	4.485316891	4.760526782
Tlcd2	TLCD2	4.938004346	4.691084662	5.278065415	4.737459092	5.752473078	5.258552798
Tle1	TLE1	4.938004346	4.858895188	5.130626579	5.837841147	5.289201345	5.2861627
Tle2	TLE2	3.602843836	4.39170543	4.436203012	4.193286682	3.830055489	4.163379181
Tle3	TLE3	4.091264967	4.000784638	4.145532614	4.340586378	4.07916153	3.956906946
Tle5	TLE5	5.132612588	6.932890613	5.798387868	6.20639525	6.838800694	7.066825848
Tlk1	TLK1	4.437863651	4.598618344	4.436203012	4.630363967	4.347720348	4.225153074
Tlk2	TLK2	4.437863651	3.83650285	4.145532614	3.681556414	3.936095152	4.098370521
Tln1	TLN1	4.437863651	5.532670511	5.346327862	5.465915875	5.240112509	5.391457635
Tlnrd1	TLNRD1	4.437863651	3.408987266	4.436203012	3.965024055	3.811388859	4.163379181
Tlr1	TLR1	2.292228873	3.408987266	2.292228873	3.965024055	3.733451903	3.069261795
Tm2d1	TM2D1	4.091264967	3.64434534	3.763912372	3.832119018	3.431616404	4.029715045
Tm2d2	TM2D2	4.938004346	5.75694536	5.050590043	4.958614196	5.388125233	5.2861627
Tm2d3	TM2D3	4.938004346	4.49923408	5.050590043	4.987476573	4.677405762	4.875631332
Tm4sf4	TM4SF4	7.927270394	8.256561458	7.673045429	8.417886364	7.951941763	7.298145558
Tm6sf2	TM6SF2	4.437863651	4.39170543	4.560188889	4.958614196	5.270994609	4.54369877
Tm7sf2	TM7SF2	6.037737533	5.3787305	5.130626579	7.18717719	6.784996791	7.388726077
Tm7sf3	TM7SF3	5.717571651	5.913887648	6.102142844	5.898826989	6.321085399	6.520020994
Tm9sf1	TM9SF1	6.037737533	5.797835345	5.53320357	5.999643414	5.730601941	5.786913403
Tm9sf2	TM9SF2	6.217134759	5.797835345	6.21482895	5.690226104	6.151136646	5.80595311
Tm9sf3	TM9SF3	5.938807313	5.077294272	5.53320357	5.54471171	5.712858923	5.201638223
Tm9sf4	TM9SF4	4.938004346	4.145159234	5.346327862	4.293360774	4.549036926	4.098370521
Tma7	TMA7	2.292228873	3.83650285	3.763912372	2.800007094	3.713078272	4.098370521
Tmbim1	TMBIM1	4.711088618	5.143029108	5.206296207	4.836669376	4.811698872	4.284033266
Tmbim4	TMBIM4	5.132612588	5.265846922	4.965627447	4.737459092	5.283158748	4.677961688
Tmbim6	TMBIM6	7.292764937	7.885096365	8.040906777	8.443523453	8.445683349	7.896149867
Tmc4	TMC4	3.602843836	3.83650285	3.510146324	4.472692728	3.218881094	3.500138199
Tmc6	TMC6	4.437863651	4.598618344	5.050590043	5.043446632	4.323292875	4.340305924
Tmcc1	TMCC1	4.711088618	4.777589417	4.673542613	4.737459092	5.36546935	5.230385876
Tmco1	TMCO1	4.711088618	5.008278679	4.965627447	4.702701458	5.415940405	5.2861627
Tmco4	TMCO4	4.437863651	4.000784638	3.763912372	4.340586378	4.272990782	4.394213984
Tmco6	TMCO6	4.711088618	4.39170543	3.510146324	4.59267106	3.604991145	4.719877086
Tmed1	TMED1	4.091264967	4.145159234	4.436203012	4.59267106	4.56961092	4.340305924
Tmed10	TMED10	5.303241568	5.077294272	5.050590043	4.630363967	5.195695557	4.719877086
Tmed2	TMED2	5.303241568	5.3787305	6.285303664	4.340586378	5.861070999	5.728212593
Tmed3	TMED3	4.938004346	4.49923408	4.965627447	4.737459092	4.957070321	4.947299018
Tmed4	TMED4	5.938807313	6.273215603	5.891980982	5.928367045	6.249394772	6.11118803
Tmed5	TMED5	5.132612588	4.858895188	4.965627447	5.382446192	5.258723621	5.558635233
Tmed7	TMED7	5.832489373	5.580460698	6.178245225	5.985670459	6.443866009	6.362524568
Tmed9	TMED9	5.132612588	5.837581133	5.411419086	6.449249377	7.198172775	7.215694841
Tmem102	TMEM102	4.437863651	3.64434534	3.763912372	3.832119018	3.431616404	3.378600384
Tmem104	TMEM104	4.938004346	3.83650285	3.970060753	3.965024055	4.260098036	3.796124561
Tmem106a	TMEM106A	4.938004346	3.64434534	4.673542613	5.015745746	4.260098036	3.608305404
Tmem106b	TMEM106B	6.519926337	6.673763899	5.979796879	5.174194573	5.80780938	5.441282574
Tmem106c	TMEM106C	4.437863651	3.64434534	4.560188889	3.506312947	3.985710867	4.163379181
Tmem109	TMEM109	4.091264967	4.39170543	4.145532614	4.667021062	4.639207972	4.719877086
Tmem11	TMEM11	3.602843836	4.598618344	4.145532614	3.900470853	3.936095152	4.029715045
Tmem115	TMEM115	4.091264967	5.008278679	4.436203012	5.070602553	5.053233652	4.799989364
Tmem120a	TMEM120A	4.938004346	5.323426062	4.87505964	5.174194573	4.853657745	5.2861627
Tmem120b	TMEM120B	2.292228873	3.64434534	3.510146324	4.026238469	3.218881094	3.238392553
Tmem125	TMEM125	3.602843836	4.39170543	4.299146326	4.513911063	4.193580519	4.225153074
Tmem126a	TMEM126A	3.602843836	4.49923408	4.145532614	4.430133851	4.347720348	4.340305924
Tmem127	TMEM127	4.437863651	4.777589417	4.87505964	4.38613548	4.559363906	4.163379181
Tmem128	TMEM128	4.091264967	3.408987266	4.673542613	3.759393139	4.298390021	4.163379181
Tmem129	TMEM129	4.091264967	4.145159234	4.87505964	4.293360774	4.272990782	4.340305924
Tmem131	TMEM131	4.437863651	4.39170543	3.970060753	4.630363967	4.429744728	4.677961688
Tmem131l	TMEM131L	4.938004346	4.000784638	3.763912372	4.244315549	3.713078272	3.378600384
Tmem134	TMEM134	4.091264967	5.797835345	4.673542613	4.771343338	4.820194892	4.9817748
Tmem135	TMEM135	5.303241568	5.143029108	5.278065415	5.174194573	5.214905008	4.340305924
Tmem140	TMEM140	5.592511033	4.858895188	4.87505964	4.026238469	4.272990782	4.225153074
Tmem141	TMEM141	3.602843836	3.83650285	3.763912372	3.506312947	3.848420524	4.098370521
Tmem143	TMEM143	3.602843836	4.49923408	4.299146326	4.667021062	4.298390021	4.225153074
Tmem147	TMEM147	4.437863651	5.077294272	5.411419086	5.424800519	5.491016961	4.9817748
Tmem14c	TMEM14C	5.132612588	6.021188752	5.645304244	5.382446192	5.892882743	5.843283838
Tmem150a	TMEM150A	7.370359234	6.716799371	6.823612323	7.628528336	6.684571552	6.565196056
Tmem160	TMEM160	4.711088618	4.858895188	3.970060753	4.899001256	4.639207972	5.17228453
Tmem161a	TMEM161A	4.091264967	4.39170543	5.050590043	5.403782997	4.395226294	4.495741634
Tmem161b	TMEM161B	3.602843836	3.408987266	4.560188889	4.026238469	3.534336095	3.500138199
Tmem164	TMEM164	4.091264967	3.091498835	3.165820411	3.832119018	3.792408556	3.378600384
Tmem165	TMEM165	4.091264967	3.64434534	3.763912372	3.965024055	3.901815905	3.956906946
Tmem167	TMEM167A	4.437863651	4.000784638	5.206296207	3.832119018	4.589870308	4.54369877
Tmem170	TMEM170A	3.602843836	4.145159234	4.145532614	3.759393139	3.649551982	4.029715045
Tmem170b	TMEM170B	4.091264967	3.83650285	3.970060753	4.513911063	4.639207972	4.589975336
Tmem176a	TMEM176A	8.206373243	8.086858346	7.968075203	7.781155845	8.25749993	7.864948555
Tmem176b	TMEM176B	8.07356518	8.51563833	8.325421809	8.081477648	8.406543868	8.406893445
Tmem179b	TMEM179B	4.091264967	4.000784638	4.145532614	4.084488666	4.06407965	4.098370521
Tmem183a	TMEM183A	5.303241568	5.75694536	5.53320357	5.525421762	5.542294097	5.48940264
Tmem184a	TMEM184A	5.132612588	4.000784638	3.510146324	3.900470853	4.033341529	4.163379181
Tmem184b	TMEM184B	5.303241568	4.935621319	4.299146326	5.316416351	5.233853228	5.048238323
Tmem185b	TMEM185B	2.292228873	4.274415856	3.763912372	3.965024055	4.371692044	4.225153074
Tmem186	TMEM186	2.292228873	3.83650285	3.763912372	3.597638182	3.830055489	4.284033266
Tmem19	TMEM19	6.217134759	6.08848473	6.352470645	6.725481239	7.616716058	7.576589367
Tmem192	TMEM192	4.091264967	4.000784638	4.145532614	4.084488666	3.985710867	3.608305404
Tmem199	TMEM199	4.711088618	3.64434534	3.970060753	3.900470853	3.811388859	3.796124561
Tmem201	TMEM201	4.437863651	4.49923408	3.165820411	4.472692728	4.496153589	4.589975336
Tmem203	TMEM203	4.437863651	4.145159234	3.970060753	4.293360774	4.285753821	3.956906946
Tmem205	TMEM205	7.332084657	7.286824497	7.284588185	7.781155845	8.317669096	8.127831935
Tmem208	TMEM208	5.455297886	4.858895188	5.590365196	5.270600463	4.949386997	4.719877086
Tmem209	TMEM209	4.437863651	4.000784638	4.145532614	3.681556414	4.07916153	3.956906946
Tmem214	TMEM214	6.130250267	5.876245896	5.936565594	5.619339583	5.778281131	6.080325845
Tmem219	TMEM219	4.711088618	4.000784638	4.965627447	4.702701458	4.57977929	4.495741634
Tmem220	TMEM220	4.711088618	4.145159234	5.278065415	4.513911063	4.463370872	4.44596579
Tmem222	TMEM222	3.602843836	4.274415856	3.970060753	3.681556414	4.23391141	4.098370521
Tmem223	TMEM223	4.938004346	4.598618344	5.53320357	4.836669376	4.759573426	4.911934359
Tmem230	TMEM230	4.437863651	3.83650285	3.763912372	3.292857758	4.272990782	4.163379181
Tmem234	TMEM234	4.091264967	5.008278679	5.278065415	5.097235377	5.169663478	5.2861627
Tmem238	TMEM238	4.711088618	4.598618344	4.673542613	5.563741544	4.902360024	5.416590921
Tmem242	TMEM242	4.711088618	4.777589417	4.436203012	4.702701458	4.452258194	4.911934359
Tmem245	TMEM245	5.303241568	5.265846922	4.436203012	5.6728344	4.886318221	4.947299018
Tmem248	TMEM248	4.091264967	5.265846922	5.53320357	4.737459092	5.156462374	5.313237834
Tmem25	TMEM25	4.091264967	4.691084662	5.206296207	5.445508409	4.820194892	5.258552798
Tmem256	TMEM256	4.711088618	5.48320442	5.411419086	4.836669376	5.572189019	5.580978012
Tmem258	TMEM258	4.091264967	4.777589417	4.87505964	4.430133851	5.129677693	4.634693451
Tmem259	TMEM259	6.299041974	6.512088547	6.140700639	7.026648479	6.389357164	6.400436045
Tmem260	TMEM260	3.602843836	4.274415856	4.560188889	4.193286682	3.866495286	4.163379181
Tmem263	TMEM263	4.711088618	4.000784638	4.436203012	4.140084684	4.260098036	4.225153074
Tmem30a	TMEM30A	5.303241568	5.077294272	5.206296207	4.737459092	5.289201345	4.911934359
Tmem30b	TMEM30B	4.711088618	4.49923408	3.763912372	5.505864328	5.615877633	5.313237834
Tmem33	TMEM33	5.132612588	4.777589417	5.206296207	4.55387734	5.359747743	5.048238323
Tmem37	TMEM37	5.717571651	5.671450398	5.53320357	6.418459489	6.509210915	6.242368791
Tmem38b	TMEM38B	5.717571651	5.3787305	5.411419086	5.360779987	5.421437957	5.64596224
Tmem39a	TMEM39A	2.292228873	4.598618344	3.970060753	4.244315549	4.123321403	3.879313446
Tmem41b	TMEM41B	2.292228873	4.274415856	4.560188889	4.244315549	5.009683266	4.9817748
Tmem43	TMEM43	4.938004346	4.691084662	3.763912372	4.38613548	4.528137589	4.225153074
Tmem50a	TMEM50A	5.455297886	5.3787305	5.979796879	5.806338484	5.681264022	5.602972942
Tmem51	TMEM51	2.292228873	4.145159234	3.510146324	4.472692728	4.094059111	4.284033266
Tmem53	TMEM53	3.602843836	4.39170543	3.763912372	4.771343338	4.639207972	4.284033266
Tmem59	TMEM59	6.450013302	5.876245896	6.647907453	5.707406928	6.776537519	6.375273516
Tmem62	TMEM62	4.091264967	3.64434534	4.145532614	3.900470853	3.773101672	4.225153074
Tmem63b	TMEM63B	6.037737533	5.797835345	5.278065415	5.774121432	5.70390345	5.17228453
Tmem64	TMEM64	4.091264967	4.000784638	4.560188889	3.681556414	4.193580519	4.225153074
Tmem80	TMEM80	2.292228873	3.091498835	3.763912372	4.430133851	3.404129273	3.796124561
Tmem82	TMEM82	5.592511033	4.598618344	4.965627447	4.987476573	4.72367206	4.760526782
Tmem86a	TMEM86A	4.711088618	5.532670511	5.346327862	5.58251833	4.272990782	4.098370521
Tmem86b	TMEM86B	4.938004346	4.691084662	4.436203012	4.193286682	4.870085739	4.875631332
Tmem87a	TMEM87A	4.091264967	3.408987266	4.299146326	4.38613548	4.094059111	4.225153074
Tmem87b	TMEM87B	4.091264967	4.145159234	4.87505964	4.702701458	4.667958021	4.394213984
Tmem88	TMEM88	2.292228873	3.64434534	3.510146324	3.832119018	3.218881094	2.292228873
Tmem9	TMEM9	5.303241568	4.691084662	4.299146326	4.737459092	4.609825279	4.44596579
Tmem94	TMEM94	3.602843836	4.858895188	4.778048871	5.637396796	4.910310882	4.875631332
Tmem97	TMEM97	6.130250267	6.629398806	5.411419086	5.724382011	6.386576531	6.064640927
Tmem98	TMEM98	4.938004346	4.39170543	4.145532614	3.832119018	3.866495286	4.029715045
Tmem9b	TMEM9B	4.711088618	4.274415856	3.763912372	4.140084684	4.193580519	4.284033266
Tmf1	TMF1	5.303241568	4.49923408	4.560188889	4.193286682	4.696103889	4.875631332
Tmod3	TMOD3	4.938004346	4.000784638	3.970060753	4.026238469	4.441050082	4.098370521
Tmprss6	TMPRSS6	7.875009239	7.72597454	8.119872744	8.562950796	7.43673974	7.407416562
Tmsb4x	TMSB4X	4.091264967	5.143029108	4.965627447	4.987476573	5.53218674	4.9817748
Tmub1	TMUB1	4.091264967	3.83650285	2.292228873	3.597638182	3.952866194	4.029715045
Tmub2	TMUB2	4.938004346	4.49923408	4.778048871	4.59267106	4.506901571	4.163379181
Tmx1	TMX1	5.303241568	4.777589417	5.411419086	5.338773759	5.382495462	5.365866194
Tmx2	TMX2	3.602843836	4.858895188	5.590365196	4.667021062	5.081522395	5.230385876
Tmx3	TMX3	4.091264967	4.274415856	4.145532614	4.244315549	4.033341529	4.225153074
Tmx4	TMX4	2.292228873	3.83650285	3.970060753	4.193286682	4.285753821	4.163379181
Tnfaip1	TNFAIP1	4.437863651	4.777589417	3.970060753	3.681556414	3.884290412	3.706273732
Tnfaip2	TNFAIP2	4.938004346	4.598618344	3.510146324	5.403782997	4.59988523	5.201638223
Tnfaip3	TNFAIP3	4.091264967	4.000784638	3.510146324	3.832119018	3.218881094	3.238392553
Tnfaip8l1	TNFAIP8L1	4.711088618	5.143029108	4.436203012	4.38613548	4.677405762	5.142297742
Tnfrsf10b	TNFRSF14	4.091264967	3.091498835	3.510146324	4.140084684	3.404129273	3.069261795
Tnfrsf1a	TNFRSF1A	5.592511033	5.532670511	5.278065415	6.040759143	6.358469287	6.531448811
Tnfrsf1b	TNFRSF1B	2.292228873	4.598618344	5.206296207	4.899001256	4.768401571	4.495741634
Tnfrsf21	TNFRSF21	2.292228873	2.292228873	3.510146324	4.987476573	3.848420524	3.608305404
Tnfsf12	TNFSF12	5.132612588	5.323426062	5.206296207	4.958614196	4.57977929	4.54369877
Tnfsf13	TNFSF13	4.711088618	3.091498835	3.763912372	5.070602553	4.918215799	3.796124561
Tnip1	TNIP1	5.303241568	4.691084662	4.87505964	4.193286682	4.06407965	3.796124561
Tnip2	TNIP2	4.437863651	4.000784638	3.763912372	4.472692728	3.811388859	4.163379181
Tnk2	TNK2	4.938004346	4.274415856	4.560188889	4.899001256	4.57977929	4.911934359
Tnks	TNKS	3.602843836	4.691084662	3.970060753	3.506312947	3.848420524	3.796124561
Tnks1bp1	TNKS1BP1	4.938004346	4.49923408	5.130626579	5.338773759	5.37116771	5.201638223
Tnks2	TNKS2	5.592511033	4.935621319	4.560188889	5.149012642	4.994855223	5.080306881
Tnpo1	TNPO1	4.938004346	4.49923408	4.778048871	4.667021062	4.72367206	4.284033266
Tnpo2	TNPO2	4.938004346	4.598618344	4.560188889	5.123365638	4.609825279	4.719877086
Tnpo3	TNPO3	3.602843836	4.39170543	4.560188889	4.38613548	4.347720348	4.225153074
Tnrc18	TNRC18	4.437863651	5.205791466	4.965627447	4.771343338	4.714545298	4.634693451
Tnrc6a	TNRC6A	4.938004346	5.265846922	4.778048871	5.270600463	5.163078601	4.838335991
Tnrc6b	TNRC6B	3.602843836	4.858895188	3.970060753	4.140084684	4.853657745	4.947299018
Tnrc6c	TNRC6C	4.437863651	4.935621319	4.299146326	4.026238469	4.220611239	4.163379181
Tns1	TNS1	4.711088618	4.49923408	4.778048871	5.293696035	4.845368866	5.048238323
Tns2	TNS2	6.826025488	6.357343366	6.178245225	7.396073651	5.980570583	6.362524568
Tns3	TNS3	4.091264967	5.265846922	4.87505964	3.965024055	3.811388859	4.284033266
Tob1	TOB1	7.70579342	7.523068722	7.101987182	7.006123675	6.70254882	6.900757166
Tob2	TOB2	5.132612588	4.274415856	5.278065415	4.55387734	4.759573426	4.589975336
Tollip	TOLLIP	4.091264967	4.39170543	3.970060753	4.472692728	4.285753821	4.284033266
Tom1	TOM1	4.091264967	3.64434534	4.145532614	3.759393139	4.001799157	4.225153074
Tom1l1	TOM1L1	4.091264967	3.83650285	4.145532614	4.026238469	3.919081189	3.706273732
Tom1l2	TOM1L2	4.437863651	4.145159234	5.473627628	4.193286682	4.272990782	4.760526782
Tomm20	TOMM20	4.091264967	4.274415856	3.510146324	3.900470853	4.165952177	4.098370521
Tomm34	TOMM34	3.602843836	4.49923408	3.970060753	4.026238469	3.534336095	3.608305404
Tomm40	TOMM40	4.938004346	4.49923408	5.130626579	4.929131951	4.741742161	5.048238323
Tomm40l	TOMM40L	4.938004346	4.935621319	4.87505964	4.38613548	4.108777455	3.956906946
Tomm6	TOMM6	5.303241568	5.837581133	4.965627447	5.525421762	5.958210741	6.156265924
Tomm7	TOMM7	3.602843836	4.39170543	3.970060753	4.140084684	4.323292875	3.956906946
Tomm70a	TOMM70	2.292228873	4.145159234	4.87505964	4.026238469	4.705356213	4.799989364
Top1	TOP1	4.091264967	4.145159234	4.778048871	3.759393139	4.517562398	4.589975336
Top1mt	TOP1MT	4.938004346	4.274415856	4.145532614	3.965024055	4.272990782	3.956906946
Top2b	TOP2B	4.437863651	4.145159234	3.510146324	4.472692728	3.884290412	4.029715045
Top3b	TOP3B	5.303241568	4.39170543	5.050590043	4.702701458	4.383512751	4.54369877
Tor1a	TOR1A	6.037737533	5.077294272	6.250500172	5.757734578	5.836736421	5.416590921
Tor1aip1	TOR1AIP1	4.711088618	5.077294272	5.130626579	5.198928573	5.611089491	5.230385876
Tor1aip2	TOR1AIP2	6.519926337	6.357343366	6.178245225	6.18212939	6.52698632	6.712971504
Tor1b	TOR1B	5.938807313	5.008278679	5.645304244	4.804399523	5.264872592	4.9817748
Tor2a	TOR2A	4.091264967	5.143029108	5.050590043	4.929131951	4.452258194	4.947299018
Tor4a	TOR4A	4.091264967	2.292228873	2.292228873	4.026238469	3.252644226	3.500138199
Trp53	TP53	5.592511033	4.691084662	5.050590043	4.86819141	4.506901571	4.799989364
Trp53bp1	TP53BP1	4.711088618	3.64434534	3.510146324	4.084488666	3.713078272	3.500138199
Trp53bp2	TP53BP2	4.437863651	4.000784638	4.560188889	3.681556414	4.06407965	4.284033266
Trp53inp1	TP53INP1	7.292764937	6.629398806	5.53320357	5.637396796	5.681264022	5.64596224
Trp53inp2	TP53INP2	5.592511033	5.580460698	6.021755502	4.836669376	5.667504653	6.00011817
Tpcn1	TPCN1	5.132612588	4.274415856	5.346327862	5.316416351	5.095452721	5.015407237
Tpd52l2	TPD52L2	3.602843836	5.008278679	4.673542613	4.340586378	4.441050082	4.394213984
Tpgs1	TPGS1	4.437863651	4.858895188	3.763912372	4.193286682	4.53862862	4.677961688
Tpi1	TPI1	4.938004346	6.183831903	5.278065415	5.097235377	6.154413963	6.214239963
Tpk1	TPK1	4.437863651	4.000784638	4.145532614	4.340586378	4.017673899	4.225153074
Tpm1	TPM1	5.592511033	6.214251337	5.206296207	6.230256216	5.877065778	6.762268046
Tpmt	TPMT	4.437863651	4.598618344	4.436203012	5.382446192	5.459330466	5.258552798
Tpp1	TPP1	6.037737533	6.214251337	6.250500172	6.169840245	6.224676945	6.01652452
Tpp2	TPP2	4.091264967	4.39170543	4.436203012	4.667021062	4.179842907	4.394213984
Tpr	TPR	5.455297886	5.323426062	3.970060753	4.899001256	4.714545298	4.44596579
Tpra1	TPRA1	4.711088618	3.64434534	4.673542613	5.505864328	4.429744728	4.838335991
Tprkb	TPRKB	4.437863651	5.532670511	5.698190108	5.223230826	4.910310882	5.048238323
Tpst1	TPST1	4.091264967	4.274415856	4.299146326	3.965024055	4.137695583	3.956906946
Tpst2	TPST2	5.132612588	4.691084662	4.299146326	5.868660856	5.182740408	5.111648885
Tra2a	TRA2A	5.303241568	5.008278679	4.560188889	4.702701458	4.811698872	4.495741634
Tra2b	TRA2B	2.292228873	3.408987266	3.510146324	3.965024055	3.733451903	3.500138199
Trabd	TRABD	5.455297886	6.021188752	6.775564702	6.750392302	5.735003227	6.336681136
Tradd	TRADD	4.437863651	4.598618344	3.970060753	4.293360774	3.952866194	3.706273732
Traf2	TRAF2	5.303241568	5.3787305	4.673542613	4.59267106	4.323292875	4.163379181
Traf3	TRAF3	3.602843836	3.64434534	3.970060753	3.900470853	3.713078272	3.956906946
Traf3ip1	TRAF3IP1	4.711088618	4.274415856	4.673542613	4.026238469	3.936095152	3.956906946
Traf4	TRAF4	5.455297886	5.008278679	4.965627447	5.123365638	4.972309166	5.111648885
Traf5	TRAF5	2.292228873	4.000784638	4.145532614	4.026238469	3.773101672	3.706273732
Traf7	TRAF7	3.602843836	3.408987266	4.299146326	4.472692728	3.985710867	4.495741634
Trafd1	TRAFD1	5.938807313	5.950559801	5.645304244	5.223230826	5.195695557	4.838335991
Trak1	TRAK1	4.938004346	5.626687005	5.891980982	6.1323258	5.865086586	6.256228482
Trak2	TRAK2	3.602843836	4.858895188	4.299146326	4.140084684	4.298390021	4.284033266
Tram1	TRAM1	5.717571651	6.055233373	6.870105582	6.518620974	7.499691453	7.609240911
Trap1	TRAP1	6.037737533	5.48320442	5.278065415	5.043446632	5.214905008	4.838335991
Trappc1	TRAPPC1	4.711088618	4.274415856	4.145532614	3.965024055	4.272990782	4.284033266
Trappc10	TRAPPC10	3.602843836	4.274415856	3.763912372	4.244315549	4.108777455	4.225153074
Trappc11	TRAPPC11	4.091264967	4.000784638	4.436203012	4.430133851	4.335564778	4.284033266
Trappc12	TRAPPC12	3.602843836	4.691084662	3.510146324	3.900470853	4.285753821	4.098370521
Trappc2l	TRAPPC2L	3.602843836	3.83650285	5.050590043	4.244315549	3.952866194	3.706273732
Trappc3	TRAPPC3	4.091264967	4.39170543	4.299146326	4.513911063	4.57977929	4.589975336
Trappc4	TRAPPC4	4.938004346	4.691084662	4.560188889	4.630363967	4.837029207	4.947299018
Trappc5	TRAPPC5	5.455297886	5.008278679	5.130626579	5.149012642	5.33078407	5.391457635
Trappc6a	TRAPPC6A	3.602843836	4.39170543	4.145532614	4.084488666	4.048808169	3.706273732
Trappc6b	TRAPPC6B	4.437863651	4.777589417	4.87505964	4.38613548	4.549036926	5.015407237
Trappc8	TRAPPC8	4.711088618	5.077294272	4.299146326	4.702701458	4.335564778	3.796124561
Trappc9	TRAPPC9	4.938004346	4.39170543	4.673542613	3.832119018	4.429744728	4.340305924
Trib1	TRIB1	5.132612588	5.876245896	5.53320357	5.563741544	5.6766924	5.897504338
Trib3	TRIB3	4.711088618	4.858895188	4.145532614	5.853334489	4.247072608	4.225153074
Trim11	TRIM11	4.437863651	4.000784638	4.436203012	4.771343338	4.165952177	4.163379181
Trim14	TRIM14	4.938004346	5.48320442	5.206296207	5.601048842	5.511752127	5.708093218
Trim2	TRIM2	3.602843836	4.39170543	3.510146324	4.193286682	4.59988523	4.44596579
Trim24	TRIM24	3.602843836	3.83650285	3.970060753	5.690226104	4.53862862	4.677961688
Trim25	TRIM25	6.376515331	5.626687005	5.206296207	5.883823859	5.672105977	5.080306881
Trim26	TRIM26	5.303241568	5.143029108	4.299146326	5.293696035	4.528137589	4.634693451
Trim27	TRIM27	4.437863651	4.274415856	4.673542613	4.084488666	4.165952177	4.394213984
Trim3	TRIM3	4.091264967	3.408987266	3.510146324	4.140084684	3.792408556	3.608305404
Trim33	TRIM33	4.437863651	4.000784638	4.299146326	4.244315549	3.811388859	4.098370521
Trim34a	TRIM34	2.292228873	3.091498835	2.292228873	3.832119018	3.431616404	3.378600384
Trim39	TRIM39	5.132612588	4.777589417	4.560188889	4.293360774	3.952866194	4.394213984
Trim41	TRIM41	5.303241568	4.777589417	5.278065415	5.149012642	4.496153589	4.677961688
Trim44	TRIM44	5.455297886	4.858895188	5.590365196	5.505864328	5.156462374	5.17228453
Trim56	TRIM56	2.292228873	3.83650285	3.165820411	3.965024055	4.395226294	4.163379181
Trim65	TRIM65	4.437863651	4.000784638	4.145532614	3.832119018	3.558435071	2.84495281
Trim8	TRIM8	5.303241568	5.431937627	5.590365196	5.293696035	5.283158748	5.897504338
Trio	TRIO	5.455297886	5.265846922	5.050590043	5.424800519	4.886318221	4.760526782
Triobp	TRIOBP	4.938004346	4.691084662	4.436203012	4.340586378	3.919081189	4.394213984
Trip10	TRIP10	2.292228873	3.83650285	3.970060753	4.38613548	3.484323889	3.796124561
Trip11	TRIP11	4.711088618	4.598618344	4.299146326	4.59267106	4.559363906	4.225153074
Trip12	TRIP12	4.938004346	5.532670511	5.346327862	5.58251833	5.582014991	5.416590921
Trip4	TRIP4	4.437863651	4.858895188	5.050590043	4.702701458	4.639207972	4.838335991
Trip6	TRIP6	4.091264967	3.64434534	4.436203012	4.430133851	3.627507726	3.378600384
Trir	TRIR	5.717571651	6.183831903	6.062515049	5.54471171	6.083960185	5.824741032
Trit1	TRIT1	4.437863651	4.000784638	3.763912372	4.430133851	3.985710867	4.340305924
Trmt1	TRMT1	4.091264967	4.598618344	3.970060753	5.070602553	4.247072608	4.098370521
Trmt10c	TRMT10C	4.091264967	3.64434534	3.763912372	3.292857758	3.733451903	4.029715045
Trmt11	TRMT11	3.602843836	3.64434534	3.970060753	3.832119018	3.484323889	3.608305404
Trmt1l	TRMT1L	4.938004346	4.274415856	5.590365196	4.667021062	4.108777455	4.340305924
Trmt2a	TRMT2A	4.711088618	3.408987266	4.436203012	4.293360774	4.207168762	3.706273732
Trmt2b	TRMT2B	3.602843836	4.39170543	4.145532614	4.026238469	3.6711476	3.500138199
Trnau1ap	TRNAU1AP	3.602843836	4.145159234	3.970060753	3.832119018	3.884290412	4.098370521
Trnt1	TRNT1	4.091264967	3.83650285	3.970060753	3.900470853	3.830055489	3.500138199
Trpc4ap	TRPC4AP	3.602843836	5.008278679	5.130626579	5.015745746	5.295217939	5.535933184
Trpm7	TRPM7	5.592511033	4.49923408	5.411419086	5.174194573	4.56961092	4.284033266
Trpt1	TRPT1	4.091264967	3.408987266	3.970060753	4.244315549	3.285101813	3.378600384
Trrap	TRRAP	5.132612588	4.39170543	3.763912372	4.472692728	4.383512751	4.098370521
Trub1	TRUB1	4.091264967	3.408987266	4.436203012	4.193286682	3.604991145	3.378600384
Tsc1	TSC1	4.091264967	3.83650285	3.763912372	4.55387734	3.969402258	3.796124561
Tsc2	TSC2	3.602843836	4.777589417	4.299146326	4.472692728	3.985710867	3.879313446
Tsc22d1	TSC22D1	5.303241568	4.49923408	4.965627447	5.293696035	4.870085739	5.015407237
Tsc22d2	TSC22D2	4.437863651	4.49923408	4.436203012	4.630363967	4.803149344	4.677961688
Tsc22d3	TSC22D3	5.592511033	5.143029108	5.590365196	4.737459092	4.750687228	5.048238323
Tsc22d4	TSC22D4	2.292228873	3.64434534	4.436203012	3.965024055	4.108777455	4.394213984
Tsen34	TSEN34	4.437863651	4.935621319	4.560188889	4.55387734	4.803149344	4.9817748
Tsfm	TSFM	3.602843836	4.145159234	3.165820411	3.900470853	4.123321403	4.163379181
Tsg101	TSG101	4.091264967	4.598618344	4.436203012	4.737459092	4.193580519	4.163379181
Tshz1	TSHZ1	3.602843836	4.000784638	3.763912372	3.405683862	3.733451903	4.029715045
Tsku	TSKU	5.832489373	6.08848473	6.140700639	5.293696035	5.501422677	5.339799106
Tsn	TSN	5.132612588	4.935621319	4.436203012	4.340586378	4.794545591	4.098370521
Tsnax	TSNAX	2.292228873	3.64434534	4.673542613	4.340586378	4.151904426	3.796124561
Tspan12	TSPAN12	5.303241568	5.077294272	5.206296207	5.563741544	5.552329575	5.2861627
Tspan14	TSPAN14	4.437863651	3.83650285	4.145532614	4.804399523	4.335564778	4.495741634
Tspan15	TSPAN15	2.292228873	3.408987266	3.970060753	4.244315549	4.179842907	3.238392553
Tspan31	TSPAN31	6.769803104	6.716799371	6.870105582	6.144940357	7.249458639	6.630399222
Tspan33	TSPAN33	3.602843836	3.091498835	2.292228873	4.244315549	4.165952177	3.796124561
Tspan4	TSPAN4	4.711088618	4.49923408	4.965627447	6.027185158	6.544544168	6.170981327
Tspan8	TSPAN8	2.292228873	2.292228873	2.292228873	7.258302656	5.017037848	6.310362765
Tspan9	TSPAN9	4.437863651	5.077294272	4.436203012	5.465915875	5.410421261	5.230385876
Tspo	TSPO	5.303241568	5.837581133	5.645304244	5.65522648	5.301208759	5.048238323
Tspyl1	TSPYL1	4.091264967	4.935621319	3.763912372	4.026238469	4.371692044	4.44596579
Tspyl2	TSPYL2	4.437863651	3.83650285	4.436203012	4.702701458	3.604991145	4.677961688
Tsr1	TSR1	5.132612588	4.49923408	4.560188889	3.900470853	4.165952177	4.284033266
Tsr3	TSR3	4.938004346	4.691084662	4.673542613	3.832119018	4.57977929	4.495741634
Tssc4	TSSC4	2.292228873	4.145159234	3.970060753	4.667021062	4.123321403	4.163379181
Tst	TST	4.711088618	6.055233373	5.53320357	4.55387734	5.892882743	5.391457635
Tstd1	TSTD1	2.292228873	4.274415856	5.473627628	6.985301778	6.09082181	5.708093218
Ttc1	TTC1	5.132612588	4.145159234	4.145532614	4.193286682	4.123321403	3.879313446
Ttc13	TTC13	4.938004346	4.274415856	4.145532614	3.759393139	4.017673899	4.225153074
Ttc14	TTC14	5.303241568	5.143029108	5.346327862	5.174194573	4.559363906	5.142297742
Ttc17	TTC17	5.132612588	4.777589417	5.130626579	4.836669376	5.143134628	4.838335991
Ttc19	TTC19	5.132612588	4.691084662	5.206296207	4.340586378	4.47438987	4.677961688
Ttc23	TTC23	6.217134759	5.008278679	5.749173232	4.836669376	5.289201345	4.947299018
Ttc3	TTC3	4.091264967	3.64434534	2.292228873	3.900470853	3.733451903	3.069261795
Ttc33	TTC33	4.711088618	4.39170543	5.050590043	4.084488666	4.260098036	4.098370521
Ttc38	TTC38	3.602843836	4.39170543	3.510146324	4.804399523	4.347720348	4.799989364
Ttc39b	TTC39B	4.091264967	4.49923408	3.165820411	4.244315549	4.395226294	4.163379181
Ttc39c	TTC39C	6.769803104	7.021313351	7.978707709	6.354821184	6.403179963	6.485180904
Ttc4	TTC4	4.711088618	4.49923408	4.436203012	4.771343338	4.23391141	4.098370521
Ttc7	TTC7A	5.592511033	5.626687005	5.749173232	5.971559188	5.699404406	5.915128259
Ttc7b	TTC7B	4.437863651	4.598618344	3.970060753	3.681556414	3.753454394	3.500138199
Ttc9c	TTC9C	4.091264967	4.274415856	4.560188889	4.193286682	4.001799157	4.54369877
Ttf1	TTF1	4.091264967	3.83650285	4.145532614	3.832119018	4.017673899	4.029715045
Tti2	TTI2	4.091264967	4.000784638	3.763912372	4.38613548	3.866495286	3.879313446
Ttll4	TTLL4	3.602843836	3.408987266	3.165820411	3.965024055	3.649551982	3.706273732
Ttpa	TTPA	5.938807313	6.48742995	6.285303664	5.898826989	6.731290341	5.879659457
Ttpal	TTPAL	2.292228873	3.091498835	3.165820411	4.140084684	4.179842907	4.029715045
Ttr	TTR	11.23075183	11.83284876	11.87190423	12.60443988	12.20681938	11.91157626
Ttyh2	TTYH2	6.982592848	6.410802978	6.21482895	6.700130554	6.640951374	6.640984181
Ttyh3	TTYH3	3.602843836	4.145159234	4.145532614	4.430133851	3.509645067	3.608305404
Tuba1b	TUBA1B	3.602843836	4.274415856	3.510146324	3.965024055	4.165952177	3.608305404
Tuba1c	TUBA1C	4.711088618	5.532670511	4.87505964	4.737459092	6.031418872	5.258552798
Tubb5	TUBB	5.303241568	4.274415856	4.436203012	4.667021062	4.335564778	4.225153074
Tubb2a	TUBB2A	6.650293701	5.671450398	5.130626579	5.971559188	6.366959513	5.258552798
Tubb4b	TUBB4B	5.132612588	5.265846922	5.278065415	5.198928573	5.74812574	5.64596224
Tubb6	TUBB6	2.292228873	4.145159234	3.165820411	4.026238469	3.884290412	4.284033266
Tubg1	TUBG1	3.602843836	4.777589417	3.970060753	3.162995548	4.220611239	3.608305404
Tubgcp3	TUBGCP3	4.437863651	5.008278679	5.050590043	4.026238469	4.220611239	4.495741634
Tubgcp4	TUBGCP4	4.091264967	3.408987266	4.299146326	3.832119018	3.848420524	3.879313446
Tubgcp6	TUBGCP6	3.602843836	3.091498835	3.165820411	3.832119018	3.6711476	3.608305404
Tufm	TUFM	4.437863651	5.143029108	4.560188889	4.59267106	5.469972058	5.201638223
Tuft1	TUFT1	4.938004346	3.83650285	4.673542613	4.140084684	3.534336095	3.378600384
Tulp4	TULP4	3.602843836	4.000784638	4.299146326	4.430133851	4.220611239	3.796124561
Tusc2	TUSC2	4.437863651	4.777589417	4.560188889	4.026238469	4.323292875	4.589975336
Tusc3	TUSC3	4.091264967	4.000784638	3.970060753	4.430133851	4.094059111	4.098370521
Tut1	TUT1	3.602843836	3.83650285	3.763912372	3.832119018	3.901815905	3.608305404
Tut4	TUT4	4.437863651	4.49923408	4.560188889	4.929131951	4.247072608	4.225153074
Tut7	TUT7	5.132612588	6.560169428	5.130626579	5.65522648	5.778281131	5.728212593
Tvp23b	TVP23B	3.602843836	5.265846922	5.278065415	4.737459092	4.853657745	5.015407237
Twnk	TWNK	3.602843836	4.39170543	3.510146324	4.140084684	4.285753821	4.163379181
Twsg1	TWSG1	3.602843836	4.598618344	4.299146326	4.667021062	5.182740408	4.760526782
Txlna	TXLNA	4.091264967	4.145159234	4.778048871	4.667021062	4.972309166	5.230385876
Txlng	TXLNG	5.455297886	4.49923408	5.130626579	4.737459092	4.59988523	4.799989364
Txn1	TXN	4.938004346	4.39170543	4.965627447	3.506312947	4.517562398	4.163379181
Txn2	TXN2	5.717571651	5.75694536	5.590365196	4.630363967	5.410421261	5.416590921
Txndc11	TXNDC11	6.299041974	5.431937627	5.845954352	5.54471171	5.694891035	5.879659457
Txndc12	TXNDC12	4.091264967	4.274415856	3.970060753	4.899001256	5.053233652	4.875631332
Txndc15	TXNDC15	5.455297886	5.532670511	5.53320357	5.806338484	5.844894306	5.624630897
Txndc17	TXNDC17	5.303241568	6.12097931	5.798387868	5.123365638	5.620649619	5.861587929
Txndc5	TXNDC5	6.299041974	7.42282106	6.980158106	7.628528336	7.745649786	7.909317846
Txndc9	TXNDC9	5.132612588	4.39170543	4.965627447	4.804399523	4.803149344	5.142297742
Txnip	TXNIP	6.932274385	5.265846922	6.250500172	7.320551423	5.246343831	5.17228453
Txnl1	TXNL1	5.303241568	5.626687005	5.278065415	4.899001256	5.221249743	5.201638223
Txnrd1	TXNRD1	6.299041974	5.913887648	6.021755502	5.525421762	5.950678809	5.897504338
Txnrd2	TXNRD2	4.437863651	5.077294272	4.673542613	4.804399523	4.619691648	4.340305924
Tyk2	TYK2	2.292228873	4.274415856	4.673542613	4.38613548	4.193580519	4.029715045
Tysnd1	TYSND1	5.455297886	5.431937627	4.673542613	5.293696035	5.116088944	4.875631332
Tyw1	TYW1	5.132612588	4.691084662	5.411419086	5.505864328	4.589870308	4.799989364
U2af1	U2AF1	5.303241568	4.935621319	4.673542613	4.804399523	4.870085739	4.719877086
U2af2	U2AF2	5.717571651	5.797835345	5.53320357	6.106757528	5.485785141	5.897504338
U2surp	U2SURP	4.711088618	4.000784638	4.87505964	4.804399523	4.285753821	4.225153074
Uap1	UAP1	4.437863651	4.691084662	4.965627447	4.836669376	5.024353391	5.416590921
Uap1l1	UAP1L1	5.455297886	4.49923408	4.560188889	4.702701458	4.371692044	3.879313446
Uba1	UBA1	5.132612588	5.532670511	5.590365196	5.123365638	6.144559378	5.624630897
Uba2	UBA2	3.602843836	4.000784638	4.299146326	4.513911063	4.165952177	4.340305924
Uba3	UBA3	5.303241568	4.274415856	4.560188889	4.430133851	4.033341529	4.394213984
Uba5	UBA5	3.602843836	4.000784638	4.299146326	4.59267106	4.750687228	4.760526782
Kxd1	UBA52	3.602843836	3.83650285	3.510146324	4.430133851	4.298390021	4.589975336
Ubac2	UBAC2	4.091264967	3.64434534	4.436203012	4.244315549	4.383512751	4.495741634
Ubald1	UBALD1	4.711088618	4.000784638	4.965627447	5.043446632	4.23391141	3.956906946
Ubald2	UBALD2	3.602843836	5.323426062	4.145532614	4.737459092	4.979865668	4.947299018
Ubap1	UBAP1	4.711088618	3.83650285	4.145532614	4.140084684	4.123321403	3.796124561
Ubap2	UBAP2	3.602843836	4.49923408	4.145532614	4.293360774	4.23391141	4.54369877
Ubap2l	UBAP2L	4.437863651	4.935621319	4.436203012	4.958614196	4.853657745	4.44596579
Ubc	UBC	7.613100024	7.286824497	6.674362744	6.310768688	7.202911364	6.565196056
Ubd	UBD	4.437863651	6.244037217	5.749173232	3.006723736	2.812303958	3.378600384
Ube2a	UBE2A	3.602843836	4.39170543	3.970060753	3.681556414	3.884290412	4.163379181
Ube2b	UBE2B	6.299041974	5.837581133	5.845954352	5.174194573	5.421437957	5.624630897
Ube2d2a	UBE2D2	4.938004346	4.691084662	4.560188889	4.026238469	4.347720348	4.54369877
Ube2e2	UBE2E2	5.592511033	4.274415856	4.436203012	4.140084684	4.441050082	4.495741634
Ube2e3	UBE2E3	2.292228873	4.274415856	4.560188889	4.340586378	4.260098036	4.225153074
Ube2f	UBE2F	4.711088618	4.858895188	6.062515049	4.55387734	4.686787391	5.258552798
Ube2g1	UBE2G1	5.455297886	5.265846922	4.673542613	4.340586378	4.395226294	4.634693451
Ube2g2	UBE2G2	2.292228873	5.143029108	4.436203012	4.55387734	4.714545298	5.048238323
Ube2h	UBE2H	5.592511033	4.935621319	4.778048871	4.140084684	5.038869068	4.495741634
Ube2j2	UBE2J2	4.091264967	4.49923408	3.763912372	3.965024055	4.298390021	4.44596579
Ube2k	UBE2K	3.602843836	4.935621319	4.965627447	4.140084684	4.485316891	4.225153074
Ube2l3	UBE2L3	4.711088618	3.091498835	2.292228873	2.800007094	3.884290412	3.956906946
Ube2l6	UBE2L6	5.717571651	5.077294272	4.965627447	4.771343338	5.258723621	4.838335991
Ube2m	UBE2M	3.602843836	4.39170543	4.560188889	4.340586378	4.59988523	5.2861627
Ube2o	UBE2O	3.602843836	3.408987266	3.165820411	3.900470853	3.183661984	3.378600384
Ube2q1	UBE2Q1	4.437863651	4.777589417	3.970060753	4.244315549	4.759573426	4.760526782
Ube2r2	UBE2R2	4.437863651	5.913887648	5.979796879	5.043446632	5.639578189	5.824741032
Ube2v1	UBE2V1	4.437863651	4.274415856	4.965627447	4.771343338	5.36546935	4.719877086
Ube2w	UBE2W	2.292228873	4.691084662	4.299146326	3.759393139	4.017673899	4.394213984
Ube2z	UBE2Z	5.592511033	4.000784638	4.145532614	4.293360774	4.383512751	4.163379181
Ube3a	UBE3A	4.437863651	4.49923408	4.560188889	4.929131951	4.667958021	4.634693451
Ube3b	UBE3B	5.455297886	4.49923408	4.436203012	4.836669376	4.310902149	4.163379181
Ube3c	UBE3C	4.437863651	4.39170543	4.560188889	4.293360774	4.485316891	4.284033266
Ube4a	UBE4A	3.602843836	4.691084662	4.778048871	4.702701458	4.933890021	5.048238323
Ube4b	UBE4B	4.091264967	5.205791466	4.778048871	4.86819141	4.72367206	4.760526782
Ubfd1	UBFD1	3.602843836	4.39170543	4.778048871	4.026238469	4.589870308	4.44596579
Ubl3	UBL3	4.711088618	5.48320442	5.130626579	4.140084684	4.910310882	5.111648885
Ubl4a	UBL4A	3.602843836	4.49923408	4.145532614	4.026238469	4.53862862	3.956906946
Ubl7	UBL7	4.711088618	4.274415856	4.778048871	4.472692728	4.47438987	4.284033266
Ubn1	UBN1	4.938004346	4.777589417	5.590365196	4.667021062	4.359761994	4.54369877
Ubn2	UBN2	4.938004346	4.858895188	4.87505964	4.55387734	4.207168762	4.54369877
Ubp1	UBP1	5.132612588	5.008278679	5.278065415	4.958614196	4.56961092	4.799989364
Ubqln1	UBQLN1	4.091264967	5.077294272	4.673542613	4.472692728	5.577110549	5.230385876
Ubqln2	UBQLN2	4.711088618	5.008278679	4.299146326	3.900470853	4.418340269	4.947299018
Ubqln4	UBQLN4	4.091264967	4.000784638	4.778048871	4.59267106	4.517562398	4.838335991
Ubr1	UBR1	4.091264967	3.091498835	4.145532614	4.026238469	3.811388859	3.796124561
Ubr2	UBR2	5.592511033	5.323426062	5.278065415	5.505864328	5.264872592	5.465548216
Ubr3	UBR3	4.938004346	4.858895188	5.206296207	5.015745746	5.038869068	5.17228453
Ubr4	UBR4	4.938004346	5.48320442	4.87505964	5.293696035	5.511752127	5.313237834
Ubr5	UBR5	5.132612588	5.205791466	5.050590043	5.247116631	5.136422471	5.015407237
Ubr7	UBR7	4.091264967	3.83650285	4.299146326	4.026238469	3.581976371	3.500138199
Ubtf	UBTF	5.832489373	4.858895188	5.891980982	5.270600463	4.609825279	5.111648885
Ubxn1	UBXN1	5.717571651	6.357343366	5.698190108	5.913673627	6.215296523	6.199965341
Ubxn4	UBXN4	6.586589754	6.183831903	6.565484421	5.403782997	6.17714714	6.283551535
Ubxn6	UBXN6	4.711088618	4.274415856	4.436203012	4.630363967	4.517562398	4.719877086
Ubxn7	UBXN7	4.437863651	4.274415856	4.145532614	4.244315549	4.07916153	4.098370521
Ubxn8	UBXN8	4.711088618	4.777589417	4.560188889	4.472692728	5.031630323	4.760526782
Uck1	UCK1	4.437863651	4.145159234	4.299146326	4.430133851	4.902360024	4.911934359
Uck2	UCK2	4.091264967	3.64434534	3.970060753	3.405683862	3.692316346	3.956906946
Uckl1	UCKL1	5.132612588	4.274415856	4.560188889	5.270600463	3.936095152	4.634693451
Ucp2	UCP2	3.602843836	4.000784638	3.763912372	5.097235377	4.359761994	5.602972942
Ufc1	UFC1	5.592511033	6.214251337	5.698190108	5.293696035	5.606285081	6.01652452
Ufd1	UFD1	4.437863651	4.39170543	4.778048871	4.667021062	4.549036926	4.54369877
Ufl1	UFL1	3.602843836	4.49923408	4.87505964	4.987476573	4.589870308	4.799989364
Ufm1	UFM1	4.091264967	3.83650285	4.436203012	3.292857758	4.429744728	4.163379181
Ufsp2	UFSP2	4.091264967	4.274415856	4.145532614	4.084488666	4.47438987	4.44596579
Ugcg	UGCG	3.602843836	4.39170543	3.763912372	4.513911063	4.298390021	3.706273732
Ugdh	UGDH	8.248056623	7.328988696	7.318485007	6.354821184	6.12129754	6.732893566
Uggt1	UGGT1	5.717571651	5.913887648	5.798387868	5.338773759	5.721758183	5.897504338
Ugp2	UGP2	6.826025488	6.410802978	6.565484421	5.690226104	5.935494421	5.624630897
Ugt1a1	UGT1A1	4.437863651	4.145159234	5.130626579	4.026238469	4.759573426	4.760526782
Ugt1a9	UGT1A9	6.217134759	6.214251337	7.232198029	4.340586378	5.095452721	4.163379181
Ugt2a3	UGT2A3	7.123778054	5.626687005	6.536923513	4.630363967	5.958210741	5.230385876
Ugt3a1	UGT3A2	4.091264967	4.598618344	4.436203012	3.292857758	3.773101672	3.706273732
Uhmk1	UHMK1	3.602843836	4.274415856	5.050590043	4.140084684	4.247072608	4.098370521
Uhrf2	UHRF2	5.455297886	4.000784638	4.560188889	4.430133851	4.165952177	4.340305924
Ulk1	ULK1	5.938807313	6.021188752	6.674362744	7.358807542	6.378202106	6.608992256
Ulk2	ULK2	4.091264967	4.49923408	4.145532614	4.38613548	4.609825279	4.44596579
Ulk3	ULK3	4.437863651	3.83650285	3.970060753	4.59267106	3.866495286	4.589975336
Umad1	UMAD1	2.292228873	3.408987266	3.970060753	3.405683862	4.017673899	4.029715045
Umps	UMPS	5.132612588	4.858895188	4.436203012	4.193286682	4.395226294	4.163379181
Unc119	UNC119	3.602843836	3.408987266	4.436203012	4.244315549	3.733451903	3.956906946
Unc119b	UNC119B	3.602843836	4.274415856	4.299146326	4.140084684	4.137695583	4.284033266
Unc13b	UNC13B	2.292228873	3.091498835	3.510146324	3.681556414	3.733451903	4.163379181
Unc45a	UNC45A	2.292228873	3.091498835	3.165820411	4.026238469	3.884290412	3.796124561
Unc50	UNC50	3.602843836	4.000784638	4.145532614	3.832119018	3.952866194	3.956906946
Unc5b	UNC5B	2.292228873	3.091498835	3.165820411	4.084488666	4.193580519	3.706273732
Unc93b1	UNC93B1	5.592511033	4.598618344	5.130626579	4.630363967	4.496153589	4.634693451
Ung	UNG	2.292228873	4.598618344	3.763912372	3.597638182	3.919081189	4.284033266
Unk	UNK	4.091264967	2.292228873	3.970060753	4.293360774	3.534336095	3.608305404
Unkl	UNKL	4.711088618	4.39170543	3.510146324	3.681556414	4.048808169	4.163379181
Upb1	UPB1	6.037737533	6.301810971	5.473627628	6.027185158	6.416870705	6.412853534
Upf1	UPF1	3.602843836	5.077294272	5.278065415	5.223230826	5.0603603	5.339799106
Upf2	UPF2	4.091264967	4.39170543	3.763912372	4.140084684	4.137695583	4.225153074
Upf3a	UPF3A	4.091264967	4.39170543	4.560188889	4.193286682	3.985710867	4.163379181
Upf3b	UPF3B	2.292228873	4.691084662	4.778048871	4.59267106	4.094059111	4.284033266
Uqcc1	UQCC1	4.437863651	4.935621319	4.299146326	4.59267106	4.07916153	4.284033266
Uqcc2	UQCC2	4.437863651	4.49923408	3.970060753	3.832119018	4.323292875	4.029715045
Uqcc3	UQCC3	4.091264967	4.777589417	4.778048871	5.043446632	5.116088944	4.799989364
Uqcr10	UQCR10	5.132612588	5.205791466	4.560188889	4.737459092	4.686787391	4.677961688
Uqcr11	UQCR11	5.455297886	7.021313351	6.102142844	5.690226104	6.612702968	6.336681136
Uqcrb	UQCRB	2.292228873	4.39170543	3.763912372	4.026238469	4.559363906	4.163379181
Uqcrc1	UQCRC1	6.130250267	6.716799371	5.749173232	5.757734578	6.617449805	6.11118803
Uqcrc2	UQCRC2	4.711088618	4.858895188	4.436203012	4.340586378	5.459330466	4.838335991
Uqcrfs1	UQCRFS1	4.938004346	5.950559801	5.891980982	5.338773759	5.699404406	5.080306881
Uqcrq	UQCRQ	4.091264967	5.431937627	5.346327862	4.293360774	5.053233652	4.44596579
Urgcp	URGCP	4.091264967	4.691084662	4.436203012	4.026238469	4.371692044	4.9817748
Uri1	URI1	4.938004346	4.274415856	3.970060753	4.38613548	4.517562398	4.394213984
Urm1	URM1	4.711088618	4.274415856	3.763912372	4.244315549	4.108777455	4.225153074
Uroc1	UROC1	7.370359234	7.837231295	7.383974947	7.859447823	7.517545858	7.388726077
Urod	UROD	4.437863651	4.145159234	4.778048871	4.430133851	4.957070321	4.677961688
Uros	UROS	5.132612588	4.777589417	4.778048871	4.244315549	3.952866194	4.225153074
Usb1	USB1	4.437863651	3.64434534	4.145532614	3.965024055	4.001799157	3.879313446
Use1	USE1	5.303241568	5.48320442	5.346327862	5.293696035	5.202128193	5.2861627
Usf1	USF1	4.938004346	4.000784638	4.299146326	4.630363967	4.485316891	4.760526782
Usf2	USF2	5.832489373	6.410802978	6.062515049	5.928367045	5.667504653	6.01652452
Usf3	USF3	3.602843836	4.777589417	4.778048871	4.38613548	4.193580519	4.495741634
Ushbp1	USHBP1	2.292228873	2.292228873	2.292228873	4.193286682	3.218881094	3.378600384
Uso1	USO1	5.132612588	5.532670511	5.278065415	5.174194573	5.40488035	5.391457635
Usp10	USP10	5.132612588	4.777589417	5.698190108	4.836669376	4.803149344	4.838335991
Usp12	USP12	2.292228873	4.274415856	3.970060753	4.293360774	3.901815905	3.706273732
Usp15	USP15	4.711088618	4.935621319	4.560188889	4.737459092	4.609825279	4.495741634
Usp16	USP16	4.711088618	4.145159234	4.145532614	4.472692728	4.07916153	4.098370521
Usp18	USP18	4.437863651	4.858895188	4.673542613	4.193286682	4.56961092	3.879313446
Usp19	USP19	5.132612588	4.777589417	4.965627447	5.097235377	4.794545591	4.875631332
Usp20	USP20	4.437863651	4.000784638	4.965627447	4.630363967	3.458330152	3.879313446
Usp21	USP21	4.711088618	4.274415856	4.436203012	4.026238469	3.811388859	3.608305404
Usp22	USP22	4.938004346	4.274415856	4.560188889	4.340586378	4.528137589	4.44596579
Usp24	USP24	4.091264967	4.598618344	4.673542613	4.513911063	4.463370872	4.225153074
Usp25	USP25	5.303241568	4.777589417	4.560188889	4.38613548	4.47438987	4.44596579
Usp3	USP3	3.602843836	3.83650285	4.145532614	4.55387734	4.06407965	4.098370521
Usp30	USP30	4.091264967	4.000784638	3.165820411	3.506312947	4.137695583	3.956906946
Usp33	USP33	5.132612588	4.858895188	5.590365196	4.86819141	4.639207972	5.17228453
Usp34	USP34	4.437863651	4.000784638	3.970060753	4.140084684	4.048808169	4.163379181
Usp36	USP36	5.592511033	4.000784638	5.278065415	4.737459092	4.165952177	4.634693451
Usp37	USP37	2.292228873	3.83650285	4.145532614	3.965024055	3.285101813	4.029715045
Usp4	USP4	3.602843836	5.205791466	4.778048871	4.899001256	4.732737389	4.838335991
Usp40	USP40	6.130250267	5.323426062	5.473627628	5.316416351	4.696103889	5.142297742
Usp42	USP42	3.602843836	3.408987266	3.970060753	3.597638182	3.901815905	4.225153074
Usp45	USP45	4.437863651	3.83650285	3.510146324	3.900470853	3.811388859	4.098370521
Usp47	USP47	2.292228873	4.49923408	4.673542613	4.667021062	4.57977929	4.394213984
Usp48	USP48	2.292228873	4.145159234	4.299146326	4.430133851	4.429744728	4.029715045
Usp5	USP5	5.303241568	5.077294272	5.050590043	5.174194573	4.941660401	4.947299018
Usp32	USP6	5.455297886	4.691084662	4.299146326	4.140084684	4.272990782	4.163379181
Usp6nl	USP6NL	4.091264967	3.83650285	4.436203012	3.597638182	4.220611239	3.956906946
Usp7	USP7	5.455297886	5.431937627	4.673542613	5.149012642	4.811698872	5.111648885
Usp8	USP8	4.711088618	4.935621319	4.965627447	4.737459092	4.853657745	5.230385876
Usp9x	USP9X	5.132612588	5.48320442	5.050590043	5.223230826	5.002289206	4.677961688
Utp11	UTP11	3.602843836	4.274415856	4.145532614	4.430133851	4.496153589	4.838335991
Utp14b	UTP14A	3.602843836	4.000784638	3.510146324	4.836669376	4.452258194	4.799989364
Utp18	UTP18	4.091264967	3.83650285	3.510146324	3.832119018	3.627507726	3.706273732
Utp20	UTP20	4.711088618	4.145159234	3.763912372	4.026238469	3.6711476	4.163379181
Utp25	UTP25	2.292228873	4.000784638	3.510146324	3.506312947	3.484323889	4.029715045
Utp3	UTP3	4.091264967	4.145159234	4.87505964	4.430133851	4.23391141	4.098370521
Utp4	UTP4	4.091264967	2.292228873	3.970060753	3.832119018	3.558435071	3.879313446
Utp6	UTP6	3.602843836	4.777589417	4.436203012	3.965024055	4.359761994	4.54369877
Utrn	UTRN	3.602843836	3.83650285	4.299146326	4.244315549	4.193580519	4.677961688
Uty	UTY	4.711088618	4.145159234	4.299146326	4.38613548	4.272990782	4.163379181
Uvrag	UVRAG	4.711088618	3.83650285	4.560188889	4.513911063	4.59988523	4.098370521
Uvssa	UVSSA	3.602843836	4.274415856	4.778048871	4.026238469	3.919081189	4.163379181
Uxs1	UXS1	4.711088618	4.000784638	4.560188889	4.026238469	3.952866194	4.163379181
Uxt	UXT	3.602843836	4.145159234	4.436203012	3.506312947	3.952866194	3.956906946
Vac14	VAC14	4.938004346	4.000784638	4.436203012	4.430133851	4.207168762	4.163379181
Vamp1	VAMP1	2.292228873	3.64434534	4.145532614	3.759393139	3.375808356	3.956906946
Vamp2	VAMP2	4.711088618	4.274415856	4.673542613	4.737459092	3.919081189	4.799989364
Vamp4	VAMP4	4.437863651	4.000784638	3.970060753	3.681556414	3.713078272	4.098370521
Vamp5	VAMP5	3.602843836	4.145159234	3.970060753	3.759393139	3.901815905	3.956906946
Vamp8	VAMP8	5.832489373	6.716799371	5.698190108	5.999643414	6.12129754	5.843283838
Vangl1	VANGL1	2.292228873	4.000784638	3.970060753	3.832119018	3.713078272	4.029715045
Vapa	VAPA	4.938004346	3.83650285	4.145532614	3.506312947	4.165952177	4.394213984
Vapb	VAPB	3.602843836	5.008278679	4.965627447	5.015745746	4.994855223	5.142297742
Vars2	VARS2	4.437863651	4.274415856	3.763912372	4.140084684	3.919081189	3.879313446
Vasn	VASN	4.437863651	3.83650285	4.560188889	4.293360774	4.033341529	4.225153074
Vasp	VASP	4.711088618	4.49923408	4.436203012	5.525421762	4.870085739	5.580978012
Vat1	VAT1	5.132612588	4.935621319	4.560188889	4.472692728	4.53862862	4.495741634
Vav2	VAV2	4.437863651	4.49923408	4.778048871	5.270600463	4.803149344	4.677961688
Vcl	VCL	5.455297886	5.48320442	4.778048871	5.015745746	4.72367206	4.677961688
Vcp	VCP	5.592511033	6.583618879	6.319280955	5.837841147	6.591145777	6.672278765
Vcpip1	VCPIP1	2.292228873	4.598618344	4.145532614	3.832119018	4.06407965	4.44596579
Vdac1	VDAC1	3.602843836	5.265846922	4.673542613	4.771343338	5.20853125	4.9817748
Vdac2	VDAC2	3.602843836	5.323426062	3.763912372	4.193286682	4.347720348	4.284033266
Vegfa	VEGFA	5.592511033	5.323426062	6.102142844	6.418459489	5.912409922	6.375273516
Vegfb	VEGFB	3.602843836	4.49923408	4.145532614	4.513911063	4.179842907	4.284033266
Vegfd	VEGFD	2.292228873	4.000784638	3.970060753	4.140084684	3.146804666	3.796124561
Vezt	VEZT	4.711088618	3.408987266	4.560188889	4.340586378	3.811388859	3.879313446
Vgll4	VGLL4	3.602843836	4.39170543	4.436203012	4.140084684	4.549036926	4.54369877
Vhl	VHLL	3.602843836	3.83650285	3.510146324	3.162995548	3.558435071	3.956906946
Vipas39	VIPAS39	4.711088618	3.83650285	3.970060753	4.026238469	3.811388859	3.956906946
Vkorc1	VKORC1	6.037737533	6.629398806	6.958811065	6.774878791	7.021653135	6.781522616
Vkorc1l1	VKORC1L1	3.602843836	4.145159234	4.673542613	4.513911063	4.406834785	3.796124561
Vmac	VMAC	2.292228873	4.000784638	3.510146324	3.597638182	3.6711476	3.956906946
Vmp1	VMP1	8.366330679	6.838672662	8.22183905	7.246689767	6.816282834	7.043105167
Vnn1	VNN1	4.711088618	5.913887648	5.749173232	5.424800519	5.857044044	6.00011817
Vps11	VPS11	4.091264967	4.49923408	3.763912372	4.836669376	4.517562398	4.838335991
Vps13a	VPS13A	4.437863651	3.64434534	4.145532614	3.759393139	3.901815905	4.284033266
Vps13b	VPS13B	3.602843836	3.091498835	3.510146324	3.900470853	3.713078272	3.608305404
Vps13c	VPS13C	4.437863651	4.274415856	4.145532614	4.026238469	4.298390021	3.956906946
Vps13d	VPS13D	4.091264967	5.008278679	5.050590043	5.505864328	5.202128193	5.258552798
Vps16	VPS16	4.711088618	3.83650285	4.778048871	4.737459092	3.952866194	4.44596579
Vps26a	VPS26A	2.292228873	4.000784638	4.436203012	3.965024055	4.310902149	3.879313446
Vps26b	VPS26B	4.091264967	3.83650285	3.763912372	4.244315549	4.207168762	4.225153074
Vps26c	VPS26C	4.091264967	3.64434534	4.560188889	4.293360774	4.207168762	4.163379181
Vps28	VPS28	5.455297886	4.935621319	5.346327862	4.667021062	5.169663478	5.080306881
Vps29	VPS29	5.132612588	4.274415856	4.299146326	4.513911063	4.528137589	4.163379181
Vps33a	VPS33A	2.292228873	3.83650285	4.145532614	3.506312947	3.692316346	3.956906946
Vps33b	VPS33B	4.091264967	3.83650285	4.560188889	4.193286682	3.346584847	3.608305404
Vps35l	VPS35L	4.091264967	4.39170543	3.510146324	3.681556414	4.298390021	4.225153074
Vps36	VPS36	4.437863651	3.408987266	3.510146324	4.026238469	4.23391141	4.029715045
Vps37a	VPS37A	6.130250267	4.935621319	4.299146326	4.771343338	4.853657745	4.54369877
Vps37b	VPS37B	2.292228873	4.691084662	4.299146326	4.193286682	3.936095152	3.500138199
Vps37c	VPS37C	4.938004346	4.49923408	4.778048871	4.667021062	4.017673899	4.284033266
Vps39	VPS39	3.602843836	4.000784638	3.970060753	4.244315549	3.848420524	4.029715045
Vps41	VPS41	4.091264967	4.145159234	4.145532614	4.737459092	4.033341529	4.225153074
Vps4a	VPS4A	4.437863651	3.408987266	3.763912372	3.832119018	4.07916153	3.608305404
Vps51	VPS51	4.711088618	4.935621319	4.560188889	5.149012642	4.285753821	4.589975336
Vps52	VPS52	4.938004346	4.598618344	4.673542613	4.987476573	4.395226294	3.956906946
Vps53	VPS53	4.437863651	4.858895188	5.206296207	4.958614196	4.406834785	4.589975336
Vps54	VPS54	4.091264967	4.691084662	3.970060753	4.513911063	4.441050082	4.284033266
Vps72	VPS72	3.602843836	4.000784638	3.763912372	4.140084684	3.901815905	3.608305404
Vps9d1	VPS9D1	4.091264967	4.145159234	4.299146326	3.965024055	3.713078272	4.225153074
Vrk3	VRK3	3.602843836	5.008278679	5.050590043	4.86819141	5.002289206	5.17228453
Vta1	VTA1	4.091264967	3.64434534	3.165820411	3.506312947	3.285101813	3.956906946
Vti1a	VTI1A	5.303241568	4.598618344	5.206296207	5.123365638	4.750687228	4.9817748
Vti1b	VTI1B	2.292228873	4.935621319	4.299146326	4.340586378	4.310902149	4.44596579
Vtn	VTN	9.670286	10.30508986	10.46099243	10.14034534	10.9672605	10.53765988
Vwa5a	VWA5A	2.292228873	4.000784638	4.145532614	4.084488666	3.985710867	3.879313446
Vwa8	VWA8	5.455297886	5.265846922	5.845954352	6.230256216	5.537249469	6.185546781
Vwce	VWCE	6.299041974	5.986311642	6.620955555	6.1323258	5.202128193	5.602972942
Wac	WAC	4.711088618	4.000784638	4.87505964	4.193286682	3.919081189	4.163379181
Wapl	WAPL	4.091264967	4.145159234	3.970060753	4.472692728	4.686787391	4.495741634
Wasf2	WASF2	4.938004346	4.598618344	4.560188889	4.38613548	4.56961092	4.634693451
Washc1	WASHC1	5.455297886	4.39170543	4.299146326	4.55387734	4.017673899	3.956906946
Washc2	WASHC2A	5.717571651	5.265846922	4.436203012	5.149012642	4.648860167	5.2861627
Washc3	WASHC3	4.091264967	4.39170543	4.436203012	4.026238469	4.496153589	4.029715045
Washc4	WASHC4	3.602843836	3.83650285	4.778048871	4.140084684	3.866495286	3.608305404
Washc5	WASHC5	4.091264967	4.145159234	4.145532614	3.832119018	3.6711476	3.069261795
Wasl	WASL	4.437863651	5.205791466	4.673542613	4.472692728	4.496153589	4.838335991
Wbp1	WBP1	4.938004346	4.598618344	4.560188889	5.774121432	5.163078601	4.799989364
Wbp1l	WBP1L	6.586589754	7.038363876	7.101987182	7.019839363	6.866958872	6.874106206
Wbp2	WBP2	4.091264967	5.3787305	4.560188889	4.59267106	5.038869068	4.44596579
Wbp4	WBP4	3.602843836	4.145159234	3.970060753	3.832119018	3.811388859	4.163379181
Wdfy1	WDFY1	4.711088618	4.000784638	4.965627447	5.247116631	4.335564778	4.911934359
Wdfy2	WDFY2	4.437863651	4.145159234	4.299146326	4.702701458	4.06407965	4.284033266
Wdfy3	WDFY3	4.938004346	5.671450398	5.645304244	5.445508409	5.393732516	5.512859863
Wdr1	WDR1	3.602843836	4.691084662	4.299146326	4.140084684	5.009683266	4.634693451
Wdr11	WDR11	3.602843836	4.000784638	4.145532614	4.026238469	3.919081189	3.879313446
Wdr13	WDR13	3.602843836	4.274415856	4.560188889	4.55387734	4.452258194	4.719877086
Wdr18	WDR18	4.091264967	4.935621319	4.299146326	4.55387734	4.861896491	4.589975336
Wdr20	WDR20	4.091264967	3.64434534	4.673542613	4.630363967	3.919081189	4.029715045
Wdr24	WDR24	3.602843836	4.39170543	3.763912372	4.193286682	3.884290412	3.500138199
Wdr26	WDR26	6.519926337	6.055233373	6.565484421	6.288223546	5.828531452	5.80595311
Wdr3	WDR3	3.602843836	3.64434534	3.510146324	3.597638182	3.604991145	4.284033266
Wdr33	WDR33	6.130250267	4.691084662	5.278065415	5.270600463	4.910310882	4.9817748
Wdr37	WDR37	3.602843836	4.145159234	3.165820411	3.965024055	4.23391141	4.44596579
Wdr4	WDR4	5.132612588	4.39170543	4.560188889	4.244315549	3.649551982	4.098370521
Wdr41	WDR41	3.602843836	3.091498835	3.763912372	3.965024055	3.830055489	4.225153074
Wdr43	WDR43	4.437863651	3.83650285	3.970060753	3.900470853	3.952866194	4.394213984
Wdr45	WDR45	4.437863651	4.274415856	5.050590043	4.244315549	4.335564778	4.54369877
Wdr45b	WDR45B	5.132612588	4.39170543	4.560188889	3.597638182	4.220611239	3.956906946
Wdr46	WDR46	4.437863651	4.691084662	4.436203012	4.244315549	4.260098036	4.719877086
Wdr48	WDR48	4.711088618	4.39170543	4.299146326	4.55387734	3.952866194	3.879313446
Wdr5	WDR5	4.091264967	3.64434534	3.510146324	3.965024055	3.985710867	3.608305404
Wdr55	WDR55	2.292228873	4.000784638	3.510146324	3.900470853	3.866495286	3.879313446
Wdr59	WDR59	3.602843836	4.145159234	3.970060753	3.832119018	3.753454394	3.706273732
Wdr7	WDR7	4.091264967	4.49923408	4.560188889	4.293360774	4.347720348	4.394213984
Wdr70	WDR70	3.602843836	3.408987266	3.970060753	4.084488666	3.509645067	4.098370521
Wdr73	WDR73	3.602843836	3.091498835	3.970060753	4.084488666	3.866495286	4.098370521
Wdr74	WDR74	3.602843836	3.64434534	4.436203012	4.084488666	4.06407965	3.796124561
Wdr77	WDR77	4.711088618	3.64434534	4.965627447	4.244315549	4.383512751	4.677961688
Wdr81	WDR81	4.938004346	5.008278679	4.560188889	4.513911063	4.629485501	4.029715045
Wdr82	WDR82	4.437863651	4.49923408	5.130626579	4.472692728	4.629485501	5.015407237
Wdr83	WDR83	4.437863651	3.83650285	4.145532614	4.430133851	4.048808169	4.340305924
Wdr83os	WDR83OS	4.091264967	5.323426062	5.53320357	4.958614196	5.662888329	5.111648885
Wdr91	WDR91	4.437863651	4.274415856	4.299146326	4.084488666	3.848420524	4.098370521
Wdtc1	WDTC1	4.091264967	5.323426062	4.778048871	4.929131951	5.149814489	4.634693451
Wfdc2	WFDC2	2.292228873	3.091498835	5.278065415	4.084488666	3.285101813	2.84495281
Wfs1	WFS1	2.292228873	4.39170543	3.510146324	3.900470853	4.033341529	4.163379181
Whamm	WHAMM	5.132612588	5.265846922	4.778048871	5.58251833	5.252547451	5.48940264
Wipf3	WIPF3	4.437863651	4.858895188	3.763912372	4.084488666	3.919081189	3.500138199
Wipi2	WIPI2	4.437863651	5.077294272	4.673542613	4.899001256	4.878226113	4.875631332
Wiz	WIZ	3.602843836	3.83650285	4.299146326	4.513911063	4.220611239	3.879313446
Wnk1	WNK1	5.132612588	4.858895188	4.673542613	5.149012642	5.354002693	5.111648885
Wnk4	WNK4	2.292228873	3.091498835	2.292228873	4.513911063	3.252644226	3.378600384
Wrn	WRN	4.091264967	3.83650285	3.763912372	3.597638182	3.6711476	3.956906946
Wrnip1	WRNIP1	3.602843836	4.598618344	4.560188889	3.900470853	4.759573426	4.54369877
Wsb1	WSB1	2.292228873	4.49923408	5.53320357	6.310768688	5.778281131	5.512859863
Wsb2	WSB2	4.091264967	5.008278679	4.87505964	5.6728344	4.395226294	4.495741634
Wtap	WTAP	3.602843836	4.49923408	4.436203012	4.140084684	4.220611239	4.495741634
Wwc1	WWC1	4.437863651	4.691084662	5.411419086	5.270600463	5.031630323	4.9817748
Wwc2	WWC2	4.091264967	4.145159234	4.145532614	4.026238469	4.017673899	4.029715045
Wwox	WWOX	5.592511033	3.408987266	5.206296207	4.293360774	3.919081189	4.340305924
Wwp1	WWP1	4.091264967	4.598618344	5.050590043	5.601048842	5.009683266	5.558635233
Wwp2	WWP2	4.091264967	4.39170543	4.299146326	4.026238469	3.936095152	3.608305404
Wwtr1	WWTR1	3.602843836	4.000784638	3.970060753	3.759393139	4.001799157	4.284033266
Xab2	XAB2	2.292228873	4.000784638	3.165820411	3.832119018	3.558435071	3.879313446
Xaf1	XAF1	4.091264967	3.64434534	4.145532614	4.804399523	4.395226294	4.029715045
Xbp1	XBP1	7.580828058	7.198600589	7.578328327	8.160906652	8.363496009	8.29096698
Xdh	XDH	5.455297886	6.512088547	6.062515049	6.253725688	6.180365423	5.915128259
Xkr9	XKR9	5.132612588	4.858895188	5.050590043	5.223230826	4.741742161	5.080306881
Xpa	XPA	4.091264967	3.83650285	4.778048871	4.430133851	4.165952177	4.394213984
Xpc	XPC	3.602843836	3.64434534	3.763912372	3.965024055	4.001799157	3.608305404
Xpnpep1	XPNPEP1	2.292228873	4.145159234	3.763912372	4.140084684	4.310902149	4.098370521
Xpnpep3	XPNPEP3	3.602843836	3.83650285	4.560188889	3.900470853	3.952866194	3.608305404
Xpo1	XPO1	4.711088618	4.274415856	3.970060753	4.026238469	4.165952177	4.284033266
Xpo4	XPO4	2.292228873	3.64434534	3.970060753	4.140084684	3.604991145	3.706273732
Xpo5	XPO5	3.602843836	4.274415856	3.970060753	3.900470853	3.848420524	3.706273732
Xpo6	XPO6	4.711088618	5.008278679	3.970060753	4.737459092	4.589870308	4.838335991
Xpo7	XPO7	4.437863651	4.274415856	4.145532614	4.702701458	4.179842907	4.098370521
Xpot	XPOT	4.938004346	4.598618344	4.87505964	4.513911063	4.768401571	4.225153074
Xpr1	XPR1	3.602843836	3.64434534	3.165820411	3.965024055	4.220611239	4.225153074
Xrcc1	XRCC1	4.091264967	3.408987266	2.292228873	3.900470853	3.558435071	3.500138199
Xrcc5	XRCC5	4.091264967	3.83650285	4.145532614	4.244315549	4.048808169	4.394213984
Xrn1	XRN1	4.091264967	4.274415856	3.510146324	3.965024055	3.848420524	3.706273732
Xrn2	XRN2	5.132612588	5.008278679	5.050590043	4.804399523	4.589870308	4.634693451
Xylb	XYLB	5.717571651	5.986311642	6.285303664	6.106757528	5.70390345	5.767614962
Xylt2	XYLT2	4.091264967	4.598618344	4.87505964	4.987476573	4.406834785	4.284033266
Yaf2	YAF2	4.091264967	4.145159234	4.299146326	3.506312947	4.001799157	4.029715045
Yap1	YAP1	5.455297886	5.077294272	5.050590043	4.987476573	5.258723621	5.535933184
Yars2	YARS2	4.711088618	4.145159234	3.165820411	3.597638182	4.06407965	4.394213984
Ybx1	YBX1	3.602843836	5.205791466	4.560188889	4.340586378	5.289201345	5.558635233
Ybx3	YBX3	4.437863651	4.145159234	4.145532614	4.026238469	3.792408556	4.225153074
Yeats2	YEATS2	4.091264967	3.091498835	3.510146324	3.965024055	3.431616404	3.500138199
Yeats4	YEATS4	3.602843836	3.83650285	3.970060753	3.900470853	3.952866194	3.706273732
Yes1	YES1	2.292228873	4.274415856	4.436203012	4.513911063	3.733451903	3.956906946
Yif1a	YIF1A	4.711088618	5.143029108	4.965627447	4.958614196	5.067450382	4.677961688
Yif1b	YIF1B	4.091264967	4.858895188	4.673542613	4.244315549	4.629485501	4.44596579
Yipf1	YIPF1	3.602843836	4.000784638	4.299146326	4.084488666	4.441050082	4.163379181
Yipf2	YIPF2	4.437863651	3.091498835	4.145532614	4.430133851	4.406834785	3.796124561
Yipf3	YIPF3	5.303241568	5.580460698	5.53320357	6.1323258	5.824411139	5.897504338
Yipf4	YIPF4	4.091264967	4.145159234	3.970060753	3.900470853	4.108777455	3.956906946
Yipf5	YIPF5	4.938004346	4.274415856	4.299146326	4.244315549	4.853657745	4.225153074
Yipf6	YIPF6	4.091264967	3.408987266	3.970060753	4.293360774	4.165952177	4.029715045
Ykt6	YKT6	4.091264967	5.077294272	4.145532614	4.667021062	4.803149344	4.911934359
Ylpm1	YLPM1	4.711088618	4.274415856	3.763912372	4.140084684	4.220611239	3.706273732
Yme1l1	YME1L1	5.592511033	4.935621319	4.673542613	5.123365638	5.149814489	5.201638223
Yod1	YOD1	4.437863651	4.274415856	4.145532614	3.832119018	4.272990782	4.589975336
Ypel2	YPEL2	5.717571651	4.000784638	3.970060753	4.084488666	3.649551982	3.879313446
Ypel3	YPEL3	5.455297886	5.143029108	5.590365196	5.563741544	5.024353391	5.391457635
Ypel5	YPEL5	4.711088618	4.691084662	4.560188889	4.513911063	4.285753821	4.098370521
Yrdc	YRDC	3.602843836	3.64434534	3.763912372	3.681556414	3.952866194	3.956906946
Ythdc1	YTHDC1	3.602843836	4.49923408	3.970060753	4.513911063	3.6711476	3.956906946
Ythdf1	YTHDF1	4.437863651	4.274415856	3.510146324	3.597638182	4.452258194	4.44596579
Ythdf3	YTHDF3	4.091264967	5.077294272	4.560188889	4.630363967	5.053233652	4.634693451
Ywhab	YWHAB	4.091264967	4.145159234	4.436203012	4.899001256	5.129677693	5.015407237
Ywhae	YWHAE	5.132612588	5.671450398	4.965627447	4.340586378	5.176217313	4.9817748
Ywhag	YWHAG	6.299041974	6.583618879	6.593487953	5.619339583	6.392132411	6.323582414
Yy1	YY1	6.299041974	5.950559801	5.891980982	5.822177099	5.421437957	5.786913403
Zbp1	ZBP1	3.602843836	4.145159234	3.165820411	3.832119018	4.57977929	4.098370521
Zbtb11	ZBTB11	4.091264967	4.598618344	4.436203012	4.59267106	4.033341529	4.098370521
Zbtb12	ZBTB12	3.602843836	3.408987266	3.763912372	3.965024055	3.458330152	3.238392553
Zbtb14	ZBTB14	2.292228873	3.091498835	3.165820411	3.506312947	3.484323889	4.098370521
Zbtb16	ZBTB16	6.450013302	6.214251337	6.565484421	5.757734578	6.020674396	5.824741032
Zbtb17	ZBTB17	4.091264967	4.49923408	3.165820411	4.244315549	3.713078272	3.956906946
Zbtb18	ZBTB18	4.711088618	4.598618344	4.673542613	4.244315549	5.031630323	4.677961688
Zbtb20	ZBTB20	5.455297886	5.626687005	5.050590043	3.965024055	5.342441473	4.875631332
Zbtb21	ZBTB21	4.091264967	3.83650285	3.510146324	3.965024055	3.985710867	3.608305404
Zbtb22	ZBTB22	4.711088618	4.000784638	4.436203012	4.86819141	4.335564778	4.098370521
Zbtb24	ZBTB24	4.437863651	4.598618344	2.292228873	3.900470853	4.033341529	4.029715045
Zbtb34	ZBTB34	3.602843836	2.292228873	3.510146324	4.193286682	3.509645067	3.706273732
Zbtb39	ZBTB39	4.437863651	4.274415856	4.299146326	3.832119018	4.151904426	3.706273732
Zbtb4	ZBTB4	2.292228873	4.000784638	4.778048871	4.513911063	3.969402258	4.340305924
Zbtb40	ZBTB40	4.091264967	3.64434534	4.560188889	4.026238469	3.985710867	4.098370521
Zbtb41	ZBTB41	3.602843836	4.000784638	3.970060753	3.292857758	3.848420524	4.163379181
Zbtb42	ZBTB42	2.292228873	3.83650285	2.292228873	3.965024055	3.649551982	3.500138199
Zbtb43	ZBTB43	4.091264967	3.83650285	3.763912372	4.140084684	4.220611239	4.163379181
Zbtb44	ZBTB44	2.292228873	4.935621319	4.299146326	3.832119018	4.57977929	4.394213984
Zbtb46	ZBTB46	2.292228873	3.64434534	3.510146324	3.506312947	3.252644226	3.956906946
Zbtb48	ZBTB48	4.437863651	4.274415856	4.299146326	5.247116631	4.395226294	4.54369877
Zbtb7a	ZBTB7A	4.437863651	4.691084662	4.560188889	4.836669376	4.629485501	4.589975336
Zbtb7b	ZBTB7B	5.303241568	5.431937627	5.130626579	5.898826989	5.432368972	5.861587929
Zbtb8os	ZBTB8OS	3.602843836	3.83650285	3.970060753	3.832119018	3.969402258	4.029715045
Zc3h12d	ZC3H12D	2.292228873	4.000784638	2.292228873	3.900470853	3.581976371	3.608305404
Zc3h13	ZC3H13	4.091264967	4.49923408	4.560188889	3.759393139	4.272990782	4.284033266
Zc3h14	ZC3H14	4.437863651	4.145159234	4.299146326	3.965024055	3.901815905	4.340305924
Zc3h15	ZC3H15	2.292228873	4.691084662	4.560188889	3.759393139	4.371692044	4.029715045
Zc3h18	ZC3H18	4.091264967	4.274415856	4.145532614	4.244315549	4.463370872	5.015407237
Zc3h4	ZC3H4	4.711088618	4.145159234	4.87505964	4.340586378	4.429744728	4.719877086
Zc3h7a	ZC3H7A	5.717571651	5.48320442	5.845954352	5.6728344	5.246343831	5.111648885
Zc3h7b	ZC3H7B	4.437863651	5.077294272	4.673542613	4.55387734	4.347720348	4.098370521
Zc3hav1	ZC3HAV1	4.091264967	4.858895188	4.145532614	4.513911063	4.926075331	4.838335991
Zcchc14	ZCCHC14	4.938004346	4.598618344	4.560188889	4.702701458	4.53862862	4.677961688
Zcchc2	ZCCHC2	5.455297886	5.48320442	5.130626579	4.804399523	4.794545591	4.44596579
Zcchc24	ZCCHC24	5.132612588	5.837581133	5.845954352	6.106757528	5.820278847	5.748050545
Zcchc7	ZCCHC7	3.602843836	4.691084662	3.510146324	4.026238469	3.866495286	3.879313446
Zcchc8	ZCCHC8	4.938004346	4.274415856	4.436203012	4.38613548	3.884290412	4.495741634
Zcchc9	ZCCHC9	2.292228873	2.292228873	3.165820411	3.965024055	3.627507726	3.706273732
Zcrb1	ZCRB1	4.711088618	4.39170543	5.050590043	3.965024055	4.094059111	4.44596579
Zdhhc12	ZDHHC12	4.091264967	4.000784638	4.145532614	4.084488666	4.285753821	4.44596579
Zdhhc16	ZDHHC16	4.437863651	4.000784638	4.299146326	4.244315549	3.901815905	4.394213984
Zdhhc17	ZDHHC17	4.938004346	3.83650285	4.299146326	3.900470853	3.6711476	3.796124561
Zdhhc18	ZDHHC18	4.938004346	4.39170543	4.673542613	5.097235377	4.902360024	4.495741634
Zdhhc3	ZDHHC3	4.091264967	4.274415856	4.87505964	4.244315549	4.441050082	4.634693451
Zdhhc4	ZDHHC4	4.091264967	3.091498835	4.673542613	3.900470853	4.033341529	4.163379181
Zdhhc5	ZDHHC5	4.711088618	4.777589417	4.965627447	4.293360774	5.307174032	4.838335991
Zdhhc6	ZDHHC6	2.292228873	5.008278679	5.473627628	4.836669376	5.038869068	4.677961688
Zdhhc7	ZDHHC7	4.437863651	3.64434534	4.299146326	4.59267106	3.848420524	3.956906946
Zdhhc8	ZDHHC8	2.292228873	3.83650285	3.510146324	3.597638182	3.534336095	4.029715045
Zdhhc9	ZDHHC9	4.711088618	5.671450398	5.749173232	5.822177099	5.965703069	5.80595311
Zeb2	ZEB2	2.292228873	3.64434534	3.165820411	3.832119018	3.692316346	3.069261795
Zer1	ZER1	4.437863651	4.274415856	3.510146324	4.140084684	3.936095152	4.029715045
Zfand1	ZFAND1	4.437863651	4.598618344	3.763912372	4.084488666	3.692316346	3.706273732
Zfand2a	ZFAND2A	4.091264967	3.83650285	3.763912372	3.900470853	3.830055489	3.608305404
Zfand2b	ZFAND2B	5.132612588	4.145159234	5.130626579	4.340586378	4.441050082	4.760526782
Zfand3	ZFAND3	4.938004346	5.950559801	5.130626579	5.757734578	6.107832992	6.185546781
Zfand4	ZFAND4	4.437863651	5.580460698	5.206296207	4.59267106	4.933890021	5.602972942
Zfand5	ZFAND5	5.455297886	5.143029108	5.411419086	4.899001256	5.0603603	5.015407237
Zfand6	ZFAND6	4.711088618	5.008278679	4.965627447	4.513911063	4.371692044	4.340305924
Zfc3h1	ZFC3H1	5.717571651	4.49923408	5.130626579	5.270600463	4.429744728	4.719877086
Zfp36	ZFP36	7.479434098	6.673763899	7.062512722	7.812984758	6.882805046	6.846951855
Zfp36l2	ZFP36L2	5.832489373	5.986311642	5.590365196	5.360779987	5.195695557	5.786913403
Zfp64	ZFP64	4.711088618	3.408987266	3.510146324	3.681556414	3.866495286	4.163379181
Zfp91	ZFP91	4.091264967	5.205791466	5.206296207	4.667021062	4.853657745	4.799989364
Zfpl1	ZFPL1	3.602843836	4.274415856	4.560188889	4.140084684	4.123321403	3.956906946
Zfpm1	ZFPM1	4.437863651	4.000784638	3.165820411	4.630363967	4.820194892	4.677961688
Zfr	ZFR	5.132612588	5.077294272	4.560188889	5.097235377	4.629485501	4.719877086
Zfyve1	ZFYVE1	5.938807313	5.626687005	5.53320357	5.270600463	5.182740408	5.201638223
Zfyve19	ZFYVE19	2.292228873	4.000784638	3.510146324	3.900470853	4.017673899	3.608305404
Zfyve21	ZFYVE21	4.091264967	5.205791466	4.965627447	5.486031712	5.33078407	5.535933184
Zfyve26	ZFYVE26	4.091264967	5.143029108	5.050590043	5.741156304	4.828638107	5.111648885
Zfyve27	ZFYVE27	4.938004346	5.008278679	4.673542613	5.149012642	4.429744728	4.760526782
Zfyve9	ZFYVE9	3.602843836	3.408987266	3.510146324	3.681556414	3.627507726	3.956906946
Zgpat	ZGPAT	5.455297886	5.323426062	4.965627447	5.382446192	4.926075331	5.624630897
Zhx1	ZHX1	3.602843836	4.691084662	4.145532614	3.162995548	3.901815905	3.796124561
Zhx3	ZHX3	3.602843836	4.274415856	4.778048871	4.140084684	4.861896491	3.879313446
Zkscan1	ZKSCAN1	5.455297886	5.323426062	4.560188889	4.513911063	4.894362663	5.142297742
Zkscan3	ZKSCAN4	5.303241568	5.143029108	5.845954352	5.270600463	4.53862862	5.17228453
Zkscan7	ZKSCAN7	4.091264967	4.145159234	3.970060753	4.026238469	3.866495286	3.706273732
Zkscan8	ZKSCAN8	3.602843836	4.000784638	3.970060753	4.293360774	3.713078272	3.796124561
Zmat2	ZMAT2	5.132612588	5.077294272	5.411419086	4.140084684	4.639207972	4.589975336
Zmiz1	ZMIZ1	4.437863651	4.598618344	3.510146324	4.430133851	4.47438987	4.589975336
Zmiz2	ZMIZ2	4.091264967	4.145159234	4.673542613	4.244315549	3.713078272	4.495741634
Zmpste24	ZMPSTE24	4.711088618	5.626687005	5.346327862	4.702701458	5.658256906	5.465548216
Zmym2	ZMYM2	4.091264967	3.83650285	3.763912372	3.597638182	4.220611239	4.340305924
Zmym3	ZMYM3	2.292228873	4.145159234	4.299146326	4.340586378	3.581976371	3.956906946
Zmym4	ZMYM4	3.602843836	3.408987266	3.510146324	4.084488666	3.509645067	3.500138199
Zmym5	ZMYM5	4.938004346	4.000784638	3.510146324	4.38613548	4.179842907	3.796124561
Zmynd11	ZMYND11	4.938004346	5.580460698	4.778048871	5.338773759	5.136422471	4.911934359
Zmynd8	ZMYND8	4.091264967	4.935621319	4.299146326	4.667021062	4.517562398	4.589975336
Zfp106	ZNF106	5.592511033	3.83650285	4.87505964	4.430133851	4.559363906	4.677961688
Zfp131	ZNF131	3.602843836	4.000784638	3.510146324	4.140084684	3.773101672	3.879313446
Zfp160	ZNF160	4.091264967	3.091498835	3.165820411	3.900470853	3.108084759	2.84495281
Zfp180	ZNF180	3.602843836	4.000784638	3.510146324	3.681556414	3.952866194	3.956906946
Zfp207	ZNF207	6.217134759	5.008278679	6.062515049	5.957306801	5.214905008	5.512859863
Zfp212	ZNF212	3.602843836	3.408987266	3.970060753	3.759393139	3.6711476	3.956906946
Zfp213	ZNF213	4.091264967	3.64434534	3.970060753	3.900470853	3.627507726	3.796124561
Zfp217	ZNF217	4.711088618	4.000784638	3.165820411	4.026238469	3.969402258	4.495741634
Zfp219	ZNF219	2.292228873	3.091498835	3.510146324	4.293360774	3.792408556	4.029715045
Zfp612	ZNF23	4.091264967	4.145159234	3.763912372	4.193286682	4.048808169	4.029715045
Zfp236	ZNF236	4.711088618	4.145159234	3.970060753	4.340586378	4.151904426	3.956906946
Zfp24	ZNF24	4.091264967	4.000784638	3.970060753	3.900470853	4.048808169	4.284033266
Zfp266	ZNF266	4.437863651	2.292228873	4.145532614	4.340586378	4.151904426	4.163379181
Zfp276	ZNF276	5.717571651	4.49923408	4.560188889	4.55387734	4.310902149	4.495741634
Zfp280b	ZNF280B	3.602843836	3.408987266	3.510146324	3.006723736	3.604991145	4.163379181
Zfp280d	ZNF280D	4.091264967	3.83650285	4.145532614	4.244315549	3.985710867	3.608305404
Zfp281	ZNF281	4.938004346	3.83650285	3.970060753	3.506312947	4.335564778	4.098370521
Zfp292	ZNF292	4.711088618	4.691084662	4.145532614	4.737459092	4.383512751	4.098370521
Zfp318	ZNF318	2.292228873	5.077294272	4.436203012	4.340586378	4.048808169	3.796124561
Zfp637	ZNF32	3.602843836	4.000784638	3.165820411	4.140084684	4.001799157	4.163379181
Zfp326	ZNF326	2.292228873	4.145159234	4.778048871	4.244315549	3.985710867	3.706273732
Zfp330	ZNF330	4.091264967	3.64434534	4.299146326	4.084488666	4.179842907	4.634693451
Zfp335	ZNF335	4.091264967	4.49923408	3.763912372	4.59267106	4.272990782	4.875631332
Zfp362	ZNF362	3.602843836	3.408987266	3.165820411	4.38613548	3.753454394	4.098370521
Zfp384	ZNF384	4.091264967	4.145159234	3.763912372	3.965024055	4.359761994	4.098370521
Zfp385a	ZNF385A	4.938004346	4.000784638	4.299146326	4.084488666	4.07916153	3.796124561
Zfp385b	ZNF385B	2.292228873	3.64434534	3.970060753	4.026238469	4.193580519	3.706273732
Zfp395	ZNF395	4.437863651	3.83650285	4.560188889	5.123365638	4.207168762	3.956906946
Zfp397	ZNF397	4.711088618	3.64434534	4.560188889	4.630363967	4.07916153	4.394213984
Zfp398	ZNF398	2.292228873	3.091498835	3.970060753	3.965024055	3.458330152	3.956906946
Zfp407	ZNF407	3.602843836	4.145159234	3.165820411	3.506312947	4.001799157	4.029715045
Zfp408	ZNF408	3.602843836	3.64434534	3.763912372	4.293360774	3.830055489	3.879313446
Zfp410	ZNF410	4.938004346	4.000784638	4.673542613	4.38613548	4.347720348	4.677961688
Zfp414	ZNF414	3.602843836	3.83650285	3.970060753	4.084488666	3.346584847	3.378600384
Zfp444	ZNF444	4.711088618	4.39170543	4.965627447	4.702701458	3.936095152	4.589975336
Zfp445	ZNF445	5.717571651	5.431937627	5.206296207	5.957306801	5.426914089	5.966728005
Zfp451	ZNF451	4.437863651	4.274415856	4.436203012	3.965024055	3.830055489	4.163379181
Zfp467	ZNF467	5.132612588	5.008278679	5.346327862	5.338773759	4.371692044	4.495741634
Zkscan17	ZNF496	4.091264967	3.83650285	3.510146324	4.193286682	4.179842907	4.394213984
Zfp507	ZNF507	2.292228873	3.091498835	4.145532614	3.965024055	4.151904426	3.879313446
Zfp511	ZNF511	5.303241568	3.64434534	3.763912372	4.084488666	3.509645067	4.098370521
Zfp512b	ZNF512B	4.091264967	4.000784638	4.436203012	4.667021062	4.151904426	4.44596579
Zfp513	ZNF513	3.602843836	4.39170543	3.763912372	4.59267106	4.310902149	4.163379181
Zfp524	ZNF524	4.091264967	3.64434534	2.292228873	3.832119018	3.713078272	3.238392553
Zfp574	ZNF574	2.292228873	4.145159234	2.292228873	3.681556414	4.094059111	4.098370521
Zfp579	ZNF579	5.303241568	3.83650285	4.299146326	3.759393139	3.773101672	4.225153074
Zfp592	ZNF592	3.602843836	3.64434534	4.436203012	4.244315549	4.57977929	4.634693451
Zfp598	ZNF598	5.938807313	5.3787305	5.645304244	5.957306801	5.527105777	5.843283838
Zfp608	ZNF608	3.602843836	3.64434534	2.292228873	3.965024055	3.431616404	3.608305404
Zfp609	ZNF609	3.602843836	3.83650285	3.970060753	4.084488666	4.165952177	3.500138199
Zfp622	ZNF622	4.711088618	4.145159234	4.436203012	4.630363967	4.179842907	3.879313446
Zfp628	ZNF628	4.711088618	4.39170543	3.165820411	3.965024055	4.033341529	4.029715045
Zfp629	ZNF629	2.292228873	3.64434534	3.510146324	3.597638182	3.558435071	4.163379181
Zfp638	ZNF638	4.091264967	4.000784638	4.299146326	3.681556414	4.001799157	4.225153074
Zfp652	ZNF652	4.091264967	4.39170543	4.778048871	4.59267106	4.609825279	4.875631332
Zfp653	ZNF653	4.091264967	3.83650285	3.970060753	5.015745746	3.848420524	4.163379181
Zfp655	ZNF655	4.711088618	4.691084662	4.87505964	5.015745746	4.53862862	4.284033266
Zfp687	ZNF687	4.091264967	4.274415856	4.299146326	3.965024055	4.220611239	4.394213984
Zfp691	ZNF691	2.292228873	3.83650285	3.165820411	3.506312947	4.207168762	4.495741634
Zfp704	ZNF704	5.455297886	4.691084662	5.050590043	5.247116631	4.59988523	4.284033266
Zfp740	ZNF740	3.602843836	4.145159234	4.87505964	4.55387734	4.094059111	4.098370521
Zfp746	ZNF746	4.711088618	3.64434534	4.145532614	4.244315549	4.335564778	4.760526782
Zfp750	ZNF750	4.091264967	4.39170543	3.763912372	3.900470853	4.359761994	3.608305404
Zfp523	ZNF76	4.711088618	4.39170543	4.673542613	4.667021062	4.23391141	4.394213984
Zfp768	ZNF768	4.091264967	3.64434534	4.145532614	3.900470853	3.985710867	3.500138199
Zfp771	ZNF771	3.602843836	3.64434534	3.165820411	4.293360774	4.193580519	4.44596579
Zfp777	ZNF777	4.091264967	4.598618344	3.763912372	4.026238469	4.033341529	4.029715045
Zfp787	ZNF787	2.292228873	4.145159234	4.560188889	4.667021062	4.179842907	4.54369877
Zfp800	ZNF800	3.602843836	4.000784638	4.299146326	3.292857758	3.848420524	4.163379181
Zfp830	ZNF830	3.602843836	3.408987266	3.970060753	3.405683862	3.773101672	4.284033266
Zfp839	ZNF839	2.292228873	4.598618344	3.763912372	4.55387734	3.773101672	3.706273732
Zfp865	ZNF865	3.602843836	3.64434534	3.970060753	4.804399523	4.310902149	4.340305924
Znfx1	ZNFX1	3.602843836	4.000784638	3.165820411	3.597638182	4.383512751	4.495741634
Znhit1	ZNHIT1	4.938004346	5.323426062	4.87505964	4.929131951	5.009683266	5.111648885
Znhit2	ZNHIT2	3.602843836	4.49923408	4.145532614	3.506312947	4.207168762	4.677961688
Znhit6	ZNHIT6	4.091264967	3.091498835	4.436203012	4.026238469	3.146804666	3.500138199
Znrd2	ZNRD2	3.602843836	4.274415856	4.299146326	3.900470853	3.848420524	3.879313446
Znrf1	ZNRF1	5.132612588	5.671450398	5.645304244	4.771343338	4.506901571	5.313237834
Znrf2	ZNRF2	4.711088618	5.797835345	5.346327862	5.563741544	5.552329575	5.416590921
Znrf3	ZNRF3	4.938004346	4.49923408	4.145532614	3.965024055	3.969402258	3.956906946
Zpr1	ZPR1	5.717571651	5.143029108	5.698190108	5.58251833	5.324918783	6.496888553
Zranb1	ZRANB1	3.602843836	5.008278679	5.53320357	5.123365638	4.837029207	4.760526782
Zranb2	ZRANB2	5.592511033	3.83650285	4.299146326	4.59267106	4.108777455	4.284033266
Zscan21	ZSCAN21	4.938004346	4.39170543	3.510146324	4.026238469	3.848420524	3.378600384
Zscan25	ZSCAN25	2.292228873	3.408987266	3.510146324	3.832119018	3.108084759	3.378600384
Zscan26	ZSCAN26	5.303241568	4.935621319	5.53320357	4.702701458	5.572189019	5.17228453
Zscan29	ZSCAN29	3.602843836	2.292228873	3.970060753	3.965024055	3.792408556	3.879313446
Zswim4	ZSWIM4	3.602843836	3.83650285	4.145532614	3.900470853	4.07916153	3.879313446
Zswim8	ZSWIM8	4.711088618	5.077294272	5.473627628	5.65522648	4.56961092	5.17228453
Zup1	ZUP1	3.602843836	3.091498835	3.763912372	4.771343338	3.773101672	3.500138199
Zw10	ZW10	2.292228873	3.091498835	3.165820411	3.506312947	3.558435071	3.956906946
Zwint	ZWINT	4.938004346	4.858895188	5.130626579	5.424800519	4.979865668	5.535933184
Zxdc	ZXDC	3.602843836	3.83650285	3.763912372	3.759393139	3.901815905	4.225153074
Zyg11a	ZYG11A	4.091264967	3.091498835	4.436203012	3.832119018	3.830055489	4.225153074
Zyg11b	ZYG11B	2.292228873	3.83650285	3.763912372	3.965024055	4.151904426	4.284033266
Zyx	ZYX	4.437863651	4.935621319	4.673542613	4.958614196	4.658443166	4.495741634
Zzef1	ZZEF1	3.602843836	4.000784638	4.145532614	4.38613548	4.193580519	3.706273732
Zzz3	ZZZ3	4.711088618	4.274415856	4.299146326	4.472692728	4.07916153	4.495741634